image_path,Detection,Has animal,Localization
7be7176a-4057-b2d6-c2c3-78c5e1cf0351.jpg,1,true,"tensor([[146.1844,  77.6567, 439.2944, 337.6096]], device='cuda:0')"
37e3b667-febf-d30e-de05-628402acdc9b.jpg,1,true,"tensor([[142.9590,  92.5059, 530.8239, 425.5637]], device='cuda:0')"
d755bb35-450b-3f97-f973-42f1ec9a6845.jpg,2,true,"tensor([[428.8239, 184.6760, 574.6242, 294.9636],
        [223.6964, 185.2353, 418.7379, 308.3864]], device='cuda:0')"
bb5c3e95-e27f-de3e-3c0c-56f101dd297b.jpg,1,true,"tensor([[170.4921, 149.5863, 455.1693, 319.0412]], device='cuda:0')"
29146e59-3876-62f1-f697-9ab0c584d0ea.jpg,1,true,"tensor([[143.3437,  70.3316, 570.8600, 306.5934]], device='cuda:0')"
044087c2-e79b-e6bb-6be7-99a8ce670b65.jpg,1,true,"tensor([[244.9113, 121.2439, 366.7274, 334.7110]], device='cuda:0')"
61ce57e8-1a33-8960-4eac-042b7e3a4c06.jpg,1,true,"tensor([[177.6793, 143.5079, 433.2866, 268.9582]], device='cuda:0')"
312bebc9-924b-d07e-0904-bb26f73b3ac0.jpg,1,true,"tensor([[160.0529,  58.5141, 295.7219, 359.1774]], device='cuda:0')"
f6c5e991-3896-bbf3-9613-76c2adec4439.jpg,8,true,"tensor([[430.3005, 214.8632, 553.6066, 294.4800],
        [217.7448, 214.5314, 288.2171, 273.7516],
        [521.0613, 240.5117, 573.9124, 294.5657],
        [286.7744, 210.5832, 353.8959, 266.7770],
        [160.4601, 212.3302, 223.4399, 268.5645],
        [116.5394, 211.2183, 158.1868, 246.8984],
        [350.9153, 207.8259, 404.2868, 282.3364],
        [385.2758, 217.2469, 490.3911, 285.7222]], device='cuda:0')"
bda78705-0767-95e7-4d8c-085a4faee6b0.jpg,3,true,"tensor([[551.6338, 255.6256, 575.2911, 350.7291],
        [ 82.3092,  58.1076, 178.8879, 146.6844],
        [267.4153, 119.2362, 496.0089, 343.0951]], device='cuda:0')"
a3ca35e0-ba02-679d-ad64-8cc46ad37ab6.jpg,2,true,"tensor([[418.0234, 228.2984, 460.9402, 274.9635],
        [194.7350, 232.0925, 240.3615, 279.7149]], device='cuda:0')"
cfdd7af2-d681-a906-0493-d394c91afd1d.jpg,2,true,"tensor([[ 83.5286,  74.5051, 387.5812, 359.0463],
        [123.4577, 108.5104, 518.0347, 384.1932]], device='cuda:0')"
14ef222e-2891-af57-cba1-e86514a0e004.jpg,1,true,"tensor([[ 82.4110, 144.6248, 434.1056, 392.9694]], device='cuda:0')"
fb3eb025-4f70-e900-3e44-7770503631e9.jpg,1,true,"tensor([[215.7588,  95.0462, 418.1918, 425.7620]], device='cuda:0')"
207bb430-2059-8b8b-416b-0348040b0bd1.jpg,1,true,"tensor([[274.3070,  58.6112, 445.2305, 232.4077]], device='cuda:0')"
b96c37ae-d1a6-27d9-ff8b-e9edc10e39f8.jpg,1,true,"tensor([[233.9243, 128.6232, 430.3501, 331.0659]], device='cuda:0')"
c9b051a1-c251-ae33-aef3-f492c6ea731d.jpg,1,true,"tensor([[246.7492, 126.5009, 431.2238, 357.2298]], device='cuda:0')"
576dbe83-3733-d804-eedc-b2de1ebab777.jpg,2,true,"tensor([[278.1198, 127.6992, 477.2599, 284.1750],
        [ 82.3349, 130.3038, 329.2712, 289.4837]], device='cuda:0')"
70879527-97d7-d19d-d46e-6b59d84a8b89.jpg,1,true,"tensor([[128.5574,  76.9842, 559.2072, 298.1571]], device='cuda:0')"
9a0912ae-7280-60b1-55d2-da6d47de5871.jpg,3,true,"tensor([[357.5299, 211.1969, 547.2866, 358.1349],
        [ 96.2302, 208.6322, 335.5901, 367.2291],
        [ 81.9132, 211.8031, 177.1288, 364.6919]], device='cuda:0')"
381d66b7-fb47-d39d-6dab-3a174ed881f2.jpg,2,true,"tensor([[329.9826, 179.2181, 515.1793, 318.3652],
        [124.3094, 184.2438, 313.9164, 304.2402]], device='cuda:0')"
89cf3b77-5205-1072-e65e-ac15a9132637.jpg,1,true,"tensor([[323.7835, 240.0427, 363.3495, 267.4291]], device='cuda:0')"
964e3c2e-0a8d-abf4-1d0b-911602de3539.jpg,5,true,"tensor([[184.8025, 259.3886, 214.9732, 285.1490],
        [ 82.0897, 251.9873, 114.9607, 293.8910],
        [287.5580, 248.3313, 407.4500, 294.4119],
        [274.0047, 245.3470, 377.0178, 289.3441],
        [391.0015, 260.3088, 408.8583, 287.6851]], device='cuda:0')"
4113340a-fa17-0aab-7583-3260e8764e3d.jpg,1,true,"tensor([[160.2139,  91.8823, 425.0890, 372.4381]], device='cuda:0')"
6ce614f6-96fa-4ca6-8768-6ce93e3f46aa.jpg,2,true,"tensor([[386.3081, 205.9373, 457.8737, 276.6790],
        [198.7763, 139.1898, 272.8495, 247.3778]], device='cuda:0')"
e910cb03-2e04-bd6e-0d86-c8f9f3d984a7.jpg,2,true,"tensor([[172.4678, 110.8053, 530.2515, 363.0498],
        [252.8429, 213.1060, 465.5328, 381.2515]], device='cuda:0')"
e19a1c2f-421a-eabc-66b3-ad2666e488d2.jpg,1,true,"tensor([[229.5877, 186.3076, 423.3058, 325.6170]], device='cuda:0')"
67acd333-dda1-018c-6f40-6a0be515f5f8.jpg,1,true,"tensor([[ 84.1864, 123.2217, 522.2068, 348.9626]], device='cuda:0')"
01a2d9b5-de6b-bf9e-6caf-741762b225ba.jpg,6,true,"tensor([[288.4185, 249.2529, 306.7115, 271.6912],
        [311.0172, 247.4636, 327.7098, 271.3895],
        [337.8100, 248.9615, 352.6335, 265.7546],
        [338.2635, 248.5544, 368.9685, 295.6456],
        [341.8641, 262.2141, 369.8168, 295.8184],
        [374.3399, 250.2628, 409.8224, 286.1894]], device='cuda:0')"
ee411f17-68fe-4727-0782-c3aed0a38066.jpg,1,true,"tensor([[289.8342,  90.4688, 468.4431, 406.4345]], device='cuda:0')"
1c8a2f0b-e4dd-20d0-a171-486568a715da.jpg,2,true,"tensor([[496.8698, 160.0233, 574.6380, 253.2515],
        [135.2530, 102.3067, 514.9362, 279.5792]], device='cuda:0')"
a098af25-5ffd-965b-57b3-7acd2b971df1.jpg,2,true,"tensor([[ 82.9882, 131.6944, 254.5395, 404.6706],
        [ 88.4628,  97.8753, 539.9287, 426.1977]], device='cuda:0')"
620051a1-bb05-7c96-b61f-e9e0eac89ac0.jpg,3,true,"tensor([[398.7437, 220.6209, 574.9403, 331.4800],
        [199.7085, 206.4247, 383.8422, 336.0173],
        [335.7356, 257.7101, 401.8691, 313.9609]], device='cuda:0')"
cb3b4354-364f-175d-70c7-e593dc02b48f.jpg,1,true,"tensor([[101.0271, 115.9325, 494.5212, 358.6996]], device='cuda:0')"
edde7927-00f9-5cfd-1028-0268256372fb.jpg,1,true,"tensor([[254.9494, 203.8897, 487.8472, 342.8038]], device='cuda:0')"
e5271504-96ed-2c6c-a3bd-b6d6b64ac342.jpg,5,true,"tensor([[100.3739, 190.0912, 252.1792, 353.0035],
        [558.8036, 216.9453, 575.0573, 343.6530],
        [ 82.2349, 173.3215, 115.3431, 323.9604],
        [202.4867, 182.7274, 471.2283, 359.9632],
        [229.2193, 156.6772, 445.6547, 214.1644]], device='cuda:0')"
12b22a21-1789-ce36-a43f-4d38e4f9641d.jpg,3,true,"tensor([[438.7583, 200.1996, 531.0128, 262.6861],
        [138.3921, 171.3043, 229.0224, 266.7764],
        [275.4928, 187.1844, 368.0809, 253.9247]], device='cuda:0')"
71fad272-43c9-44cf-ce10-1d7551a19937.jpg,2,true,"tensor([[234.7218, 144.2099, 430.1355, 396.4514],
        [231.8170,  88.4148, 349.0309, 387.3200]], device='cuda:0')"
7db83cde-6cd3-d672-5c1b-c8dac5b9fa2c.jpg,1,true,"tensor([[189.3091,  58.3920, 396.6495, 426.3955]], device='cuda:0')"
78220630-e5f9-b9c7-7a36-95149ee39f76.jpg,1,true,"tensor([[176.5051, 142.9571, 483.8417, 327.6776]], device='cuda:0')"
88021b3a-39f5-07d7-9a95-4b111c16c0eb.jpg,1,true,"tensor([[267.8390,  95.9984, 411.8003, 376.3919]], device='cuda:0')"
7278aa0c-33af-0923-6b41-e53d25a98968.jpg,1,true,"tensor([[ 82.3088, 106.6440, 510.2881, 325.1836]], device='cuda:0')"
21aff82c-eb77-0a21-1aad-83e84ef80ee0.jpg,4,true,"tensor([[107.2859, 183.6815, 370.4059, 426.2620],
        [528.7830, 226.2652, 575.0088, 426.4420],
        [ 82.6922, 248.3911, 169.5608, 418.4313],
        [ 82.2816, 249.1788, 139.4349, 350.3532]], device='cuda:0')"
9cd18043-33d1-d858-262d-6eb5e0b56afa.jpg,7,true,"tensor([[ 99.4058, 131.3434, 128.4701, 158.9286],
        [447.4720,  86.5213, 574.5692, 373.9658],
        [523.5671, 104.7857, 542.7662, 131.5185],
        [123.6216, 128.0022, 153.7573, 155.6573],
        [ 83.0257,  86.7707, 543.1573, 417.9121],
        [314.4651, 116.3039, 334.7218, 142.9501],
        [358.8669, 107.4804, 374.2422, 126.3835]], device='cuda:0')"
a13239da-7fe1-edaa-d87d-6e9262eba805.jpg,3,true,"tensor([[234.2194, 129.7888, 575.4380, 426.0943],
        [ 81.5040,  58.5185, 374.9701, 426.3956],
        [ 86.0369,  58.3915, 573.8549, 425.9106]], device='cuda:0')"
abff82fe-d48b-432b-1a77-48e542340f34.jpg,1,true,"tensor([[136.8006, 150.7629, 507.1872, 317.8094]], device='cuda:0')"
b91cd19a-15d3-1c98-d247-073c8f4bf973.jpg,1,true,"tensor([[249.6085,  69.4536, 460.7889, 413.4720]], device='cuda:0')"
4fe2548f-aaa9-cb15-6917-706916e23426.jpg,1,true,"tensor([[303.6944, 197.4147, 426.8604, 269.1348]], device='cuda:0')"
0bde9ca1-822d-7928-e678-c979fc98d112.jpg,2,true,"tensor([[260.9746, 274.0887, 307.1050, 321.2418],
        [289.0019, 286.5008, 371.4416, 331.3372]], device='cuda:0')"
064a367d-6d2e-e835-f8d5-149a7c2f0c62.jpg,2,true,"tensor([[552.6080, 214.8787, 574.8643, 262.4167],
        [106.9447,  92.8401, 550.8701, 387.1358]], device='cuda:0')"
81297b6f-d5ad-e59d-f163-527ace212de0.jpg,1,true,"tensor([[154.8341, 139.5749, 422.2467, 284.2521]], device='cuda:0')"
cca33819-18ed-ca18-e6fe-f73290e2e2bf.jpg,1,true,"tensor([[ 83.2379, 145.9002, 571.9841, 363.3054]], device='cuda:0')"
c9e4a12a-ef40-4742-5425-ffdfb876ca3a.jpg,1,true,"tensor([[161.2733, 140.4562, 497.5263, 346.1988]], device='cuda:0')"
ed986660-fcd8-a0cf-6dd7-ac2e02698bc8.jpg,1,true,"tensor([[199.1079,  67.3872, 496.2270, 425.9790]], device='cuda:0')"
b7db165d-4c60-b163-09bf-a3397455aff2.jpg,3,true,"tensor([[567.4971, 194.5170, 574.8858, 233.0743],
        [ 82.2289, 156.2010, 127.7279, 272.0043],
        [ 96.5651, 149.2713, 437.8528, 321.5652]], device='cuda:0')"
33be42c7-4b82-4a4d-f0e8-15696ed5888b.jpg,4,true,"tensor([[438.8937, 145.0636, 574.6265, 297.5843],
        [ 82.0738, 113.3210, 138.6959, 271.0091],
        [148.7851, 128.1141, 474.3118, 285.1054],
        [114.1222, 124.1680, 407.9120, 277.8419]], device='cuda:0')"
2b752b7a-dd61-490c-9ef9-ec2959165831.jpg,3,true,"tensor([[488.9978, 166.0649, 567.7007, 328.7778],
        [ 82.2988, 142.0568, 259.3602, 331.1616],
        [125.8116, 147.2009, 386.7801, 325.6530]], device='cuda:0')"
fe58288d-ac8d-85a1-4160-832a74226464.jpg,14,true,"tensor([[356.0544, 268.1488, 379.7983, 288.7078],
        [453.8031, 269.9678, 466.6898, 288.0988],
        [118.1565, 272.7545, 150.7469, 295.2123],
        [215.8930, 270.8584, 239.0423, 296.0224],
        [286.7553, 277.6073, 305.8002, 295.1025],
        [527.7074, 273.8937, 574.5714, 306.8007],
        [ 86.2338, 270.3879, 126.7135, 297.1808],
        [241.1408, 271.3392, 259.2405, 286.9946],
        [248.5599, 272.0879, 290.9069, 296.3321],
        [162.8233, 274.0970, 195.7804, 294.2045],
        [191.8142, 274.5128, 218.9901, 293.9890],
        [400.8989, 268.3911, 432.8934, 285.0147],
        [304.3004, 271.2553, 358.7964, 300.3604],
        [483.2877, 267.9096, 504.8105, 285.2041]], device='cuda:0')"
848325bd-b0dd-69e9-a749-b42f2071b699.jpg,2,true,"tensor([[390.9920, 126.1344, 574.2870, 325.0238],
        [100.4348,  82.0294, 477.5083, 332.9720]], device='cuda:0')"
cadaddce-3020-cb3d-6367-ec5c9dd96f72.jpg,8,true,"tensor([[ 85.7342,  67.8750, 123.0900,  89.9253],
        [360.9427, 154.0410, 574.6456, 384.2456],
        [530.0363, 293.3559, 574.6793, 378.9916],
        [120.8033,  72.1403, 178.3739,  93.4596],
        [415.1821, 374.9306, 501.1815, 426.5126],
        [255.1306, 100.1205, 270.9100, 117.4624],
        [179.3251, 121.9588, 464.7259, 396.6177],
        [460.6617, 323.1454, 495.9410, 359.6786]], device='cuda:0')"
ecbaeb4f-1157-4385-e431-4934c2025182.jpg,1,true,"tensor([[123.4965, 163.9728, 413.2561, 348.8421]], device='cuda:0')"
af3d66a8-9142-6d82-89fc-a08b67e455ea.jpg,3,true,"tensor([[283.6384, 144.7620, 496.8155, 298.1381],
        [ 82.1949, 177.0731, 118.3331, 348.2435],
        [203.0670, 121.7969, 440.4991, 314.1532]], device='cuda:0')"
bece5fa6-b4e9-b7fd-263d-ae06094fc771.jpg,2,true,"tensor([[233.9677, 174.0565, 500.0659, 361.9530],
        [ 82.1505, 139.1492, 172.9327, 395.5957]], device='cuda:0')"
a86d8c02-800a-7dd9-6ebc-f0d4a0ddb7ec.jpg,8,true,"tensor([[453.3321, 252.5428, 516.3607, 291.3846],
        [166.1408, 252.6344, 197.8219, 278.8003],
        [183.1461, 254.0157, 266.7821, 295.1306],
        [545.8235, 253.9840, 575.7750, 285.9862],
        [101.2295, 243.1364, 149.5781, 280.2288],
        [367.7086, 252.1279, 426.9333, 285.8287],
        [291.8370, 252.2954, 371.7714, 278.7242],
        [419.5111, 252.2467, 438.5248, 277.7619]], device='cuda:0')"
3ccb58c9-43d1-a7af-80b0-39c1d3611c94.jpg,1,true,"tensor([[120.0483, 112.8442, 487.4770, 426.1038]], device='cuda:0')"
fe57eda2-f83e-867e-20ae-a0595ee31e4c.jpg,2,true,"tensor([[553.0169, 142.4809, 575.2335, 288.4746],
        [165.9166, 107.8862, 476.4380, 296.9255]], device='cuda:0')"
6b147a6a-e3b5-a0c2-df6f-0092c59ef906.jpg,2,true,"tensor([[513.2693, 225.0713, 574.9988, 342.3896],
        [317.4662, 218.5375, 504.9107, 357.5034]], device='cuda:0')"
6efeb22c-7f63-b11e-6e8e-745080a6e6c6.jpg,7,true,"tensor([[139.1620, 201.1424, 343.3963, 348.5717],
        [513.8093, 195.3473, 574.9658, 349.8942],
        [103.6243, 105.1904, 117.5080, 117.4037],
        [ 81.8964, 246.9947, 192.1791, 390.9495],
        [391.1743, 188.5138, 422.6807, 223.3542],
        [261.2835,  79.5723, 272.1224,  90.1694],
        [165.0379, 209.4447, 435.2188, 365.0916]], device='cuda:0')"
e3970846-56d6-e8ea-c4f5-3458fe32ea80.jpg,2,true,"tensor([[393.1476, 225.5832, 404.5692, 235.4431],
        [285.6997, 228.5943, 332.1013, 255.4122]], device='cuda:0')"
32bde177-f90e-ffc8-8da1-fa885def0ecb.jpg,1,true,"tensor([[236.7558, 238.0224, 346.1733, 292.7840]], device='cuda:0')"
b2e7ace0-a86c-0ef9-5f35-7982a01f3f07.jpg,2,true,"tensor([[242.2589, 182.6793, 536.6536, 364.7851],
        [126.5563, 206.1175, 414.9749, 359.8780]], device='cuda:0')"
735a845d-4940-3199-9c12-4f7d7357f651.jpg,3,true,"tensor([[430.9588, 148.7683, 574.5082, 235.8352],
        [263.9481, 136.2048, 451.1594, 248.3535],
        [248.7857, 120.5285, 365.3595, 227.3301]], device='cuda:0')"
13a675cb-06c5-f3f5-fa91-fb6b54b6f0bf.jpg,3,true,"tensor([[262.2336, 177.2025, 526.4916, 291.0528],
        [ 82.1387, 155.5134, 257.0755, 296.0554],
        [169.2566, 231.9149, 227.3634, 291.4222]], device='cuda:0')"
648bdb07-1892-358d-7c9e-497f05ac18b0.jpg,1,true,"tensor([[ 85.5559, 159.0423, 527.7111, 426.3818]], device='cuda:0')"
2b9c2f16-6c71-478a-c409-afd8e6fe4afa.jpg,4,true,"tensor([[289.4633, 186.9250, 555.3790, 325.1608],
        [ 82.1297, 155.9192, 228.3089, 327.2396],
        [ 85.4374, 174.3940, 244.8898, 312.2101],
        [203.5301, 174.7163, 451.9434, 318.3998]], device='cuda:0')"
d9a0a250-58d8-c23f-0be8-5ee838f3228e.jpg,2,true,"tensor([[375.0032, 164.9801, 466.7144, 343.4687],
        [254.6579, 147.9354, 353.8233, 358.8226]], device='cuda:0')"
17fe8480-f194-e53d-c284-59f880069787.jpg,4,true,"tensor([[498.6203,  72.8141, 574.5970, 139.6931],
        [113.6156,  77.7892, 512.8574, 268.7778],
        [477.1881,  73.8510, 514.9111, 105.5820],
        [445.6657,  58.5888, 487.4489,  90.8328]], device='cuda:0')"
0458bb93-40ad-2c28-5d80-f72c824d95b5.jpg,1,true,"tensor([[319.0402,  58.2506, 500.5397, 253.8708]], device='cuda:0')"
a87973fd-f265-181a-e18a-b5f5dd50523f.jpg,2,true,"tensor([[317.6359, 249.2110, 337.8366, 289.8705],
        [334.9862, 235.6508, 387.8639, 291.7018]], device='cuda:0')"
bab664e9-ce99-f4e5-865c-112dd0d4bd51.jpg,1,true,"tensor([[212.0082, 123.0805, 455.9549, 321.5266]], device='cuda:0')"
13d4633f-d2b1-66c2-fb68-699433991184.jpg,2,true,"tensor([[317.3392, 130.2275, 574.0272, 370.4648],
        [ 82.1081,  99.0326, 158.9464, 231.8153]], device='cuda:0')"
4f647bcd-b093-3990-8e58-b4818f70e448.jpg,2,true,"tensor([[ 82.2525, 232.3616, 129.7384, 371.0302],
        [114.7376, 108.7720, 574.2770, 389.6645]], device='cuda:0')"
301c15b0-3019-ed43-9d14-4b37c58a6568.jpg,2,true,"tensor([[171.0488, 181.1216, 218.0619, 207.8609],
        [148.2859, 181.0735, 163.7617, 190.1352]], device='cuda:0')"
cb1bd8ea-85cd-0c0a-4716-d6f398a2eed5.jpg,1,true,"tensor([[200.5510, 106.7187, 391.1033, 408.5296]], device='cuda:0')"
9d0d2f6d-f842-0241-978f-75063e0d84f9.jpg,1,true,"tensor([[250.9940,  78.3360, 375.3369, 366.0167]], device='cuda:0')"
e0bcec36-b2e1-98ae-e3bd-296201fe782c.jpg,3,true,"tensor([[512.2415, 125.4657, 521.4364, 135.3631],
        [ 82.4021, 101.2313, 484.5343, 384.8385],
        [545.4174, 124.9952, 558.4190, 136.2450]], device='cuda:0')"
fdbfde1d-17cd-aece-26fb-d247fa29a21f.jpg,1,true,"tensor([[109.0805,  58.6235, 393.1960, 214.7113]], device='cuda:0')"
74503fc9-abfc-bfeb-3784-2f0cd983181e.jpg,1,true,"tensor([[242.9330, 134.9821, 392.7066, 328.7628]], device='cuda:0')"
6cd8aeb8-5b92-e149-c135-30b9e8ad2dbf.jpg,3,true,"tensor([[369.3996,  76.6647, 574.5051, 397.2722],
        [108.4538,  84.5183, 479.6727, 406.3131],
        [369.7515,  89.0604, 574.7337, 395.9186]], device='cuda:0')"
3066a4a8-774b-90a1-aadf-a3a8eddbb788.jpg,20,true,"tensor([[538.0590, 130.2602, 567.7697, 159.9093],
        [197.0056, 277.0204, 218.5497, 314.7484],
        [192.6523, 158.1729, 231.6529, 178.2436],
        [197.0648, 193.5298, 228.6286, 221.0704],
        [228.6551, 209.2557, 240.6674, 224.7198],
        [482.5210, 183.2422, 507.1451, 200.6079],
        [193.8206, 157.4386, 225.8635, 169.0729],
        [ 89.0511, 150.2567, 106.8107, 173.8615],
        [523.5749, 150.3112, 559.6665, 182.1306],
        [344.8666, 238.0966, 356.1673, 271.7477],
        [ 82.7969, 284.0988, 135.0902, 331.5693],
        [127.7445, 156.6664, 164.8688, 172.9132],
        [114.5159, 152.5232, 154.4145, 168.8485],
        [163.7491, 170.5599, 177.9245, 192.7051],
        [137.6382, 275.4594, 172.6482, 317.8936],
        [171.0286, 152.9320, 211.7271, 188.4575],
        [ 82.2219, 160.2209, 103.5402, 190.3508],
        [305.4132, 184.9147, 338.9303, 249.9448],
        [310.3612, 170.2209, 367.1976, 212.3503],
        [444.6851, 181.8511, 458.4167, 202.8346]], device='cuda:0')"
0c1f057a-7e65-24a3-8ff3-12a7dcbcd6a0.jpg,2,true,"tensor([[102.5933,  59.0631, 468.5442, 365.2378],
        [215.2126, 188.1928, 440.8257, 366.8116]], device='cuda:0')"
acdace27-bd17-ee3f-355b-e0fa89978f46.jpg,1,true,"tensor([[219.0762, 110.6364, 438.3142, 426.0437]], device='cuda:0')"
5f110ce7-984a-3f4d-dd04-20bc3b3d8735.jpg,1,true,"tensor([[116.1745, 127.7105, 409.6960, 310.5722]], device='cuda:0')"
d6cf2b27-d7fa-fd7d-7dfd-c566a5fb3fb5.jpg,2,true,"tensor([[375.3677,  58.2963, 574.1476, 234.8295],
        [263.2708, 151.9951, 530.5532, 323.3806]], device='cuda:0')"
a729cdb3-6432-e1be-9c35-37e023041c39.jpg,1,true,"tensor([[115.1799, 112.7745, 556.9670, 316.9695]], device='cuda:0')"
696010ea-d3ec-a0ef-f18e-e86ec2abff68.jpg,1,true,"tensor([[ 82.9938, 103.5425, 484.4238, 308.1253]], device='cuda:0')"
6bd68fe4-f4a9-9396-bc49-6fd656dc66af.jpg,2,true,"tensor([[548.9747, 182.1749, 574.9011, 211.7509],
        [104.8404, 111.6530, 442.5455, 283.9636]], device='cuda:0')"
20143f1d-f187-575c-7051-07e93a24dd97.jpg,1,true,"tensor([[218.8066,  68.8105, 401.5231, 425.5768]], device='cuda:0')"
71853bbf-6075-4cec-0188-57485aa81cc5.jpg,3,true,"tensor([[476.4432, 275.2211, 574.7198, 349.2707],
        [ 82.0996, 203.9996, 128.5695, 325.1299],
        [178.3413, 164.4708, 462.4072, 335.3107]], device='cuda:0')"
f996f963-2109-6992-83a9-7ed39332ca5f.jpg,1,true,"tensor([[231.8581, 113.1451, 547.5422, 341.8416]], device='cuda:0')"
2de1b506-e6ef-bad9-4c28-d84d58100d48.jpg,2,true,"tensor([[308.9676, 117.8957, 481.6850, 252.4882],
        [129.9031, 118.8213, 270.4321, 271.9889]], device='cuda:0')"
c7504f07-c617-8256-b637-2b95d9d5d657.jpg,2,true,"tensor([[527.7666, 110.5035, 575.2183, 426.1603],
        [ 95.5407,  58.8598, 548.7437, 408.4698]], device='cuda:0')"
19a54b73-512e-f1d0-571c-4e50b1443c69.jpg,1,true,"tensor([[191.0775, 175.6981, 460.7396, 346.0842]], device='cuda:0')"
df21027c-28b3-2031-d6e9-017771c6df8d.jpg,3,true,"tensor([[432.5581, 153.9630, 574.7345, 415.0113],
        [ 82.2470, 194.2635, 293.7079, 394.5195],
        [300.4429, 164.7865, 386.4108, 397.3076]], device='cuda:0')"
6a1a786d-9d9c-10cc-60e7-43c10528bb94.jpg,1,true,"tensor([[235.1677, 115.2110, 434.6054, 380.9337]], device='cuda:0')"
132177ba-260e-697d-9b9f-337df856e3ef.jpg,0,false,"tensor([], device='cuda:0', size=(0, 4))"
541a8890-3077-ebda-df50-126290e1bf9d.jpg,4,true,"tensor([[389.2587, 249.9525, 561.3421, 333.2852],
        [187.6328, 255.9770, 285.4362, 319.0479],
        [187.8764, 167.3216, 454.9476, 291.0227],
        [ 83.8646, 249.3224, 154.7186, 319.4985]], device='cuda:0')"
745b2860-87b2-02ec-c212-341f04084962.jpg,1,true,"tensor([[ 81.9608, 151.8675, 553.3114, 375.5134]], device='cuda:0')"
921772dd-5c9d-e01c-29a7-2f87bdca4e30.jpg,3,true,"tensor([[132.2858, 290.8850, 184.6429, 331.7990],
        [109.2387, 289.5740, 143.7365, 330.2197],
        [308.1248, 278.7549, 359.4312, 302.9910]], device='cuda:0')"
be49fb35-c718-8afb-4490-6990fdd74674.jpg,2,true,"tensor([[447.1174,  98.5452, 574.9138, 311.1418],
        [ 90.7296, 109.4624, 452.5557, 342.3006]], device='cuda:0')"
cdd3a361-581c-f187-1a7c-2f93c6869474.jpg,2,true,"tensor([[381.0956, 100.2660, 574.8041, 247.7134],
        [124.7658, 113.1256, 463.5707, 419.1989]], device='cuda:0')"
fa1fc79e-84c1-dc38-d29b-213a8b09ea9e.jpg,1,true,"tensor([[ 82.6383,  60.3123, 494.2833, 418.7700]], device='cuda:0')"
384baff6-2c90-0262-7b27-bc7ae72d7769.jpg,4,true,"tensor([[ 82.0721, 285.8982,  99.1944, 355.5909],
        [529.9270, 254.2027, 574.9393, 391.2199],
        [ 82.2452, 149.4570, 218.4822, 351.0699],
        [192.0514, 146.8899, 529.0923, 372.0554]], device='cuda:0')"
a001fdce-8417-c607-bf3a-8d19ff5bc632.jpg,1,true,"tensor([[159.1406, 257.1755, 298.9370, 342.5562]], device='cuda:0')"
feb88ac1-83b3-8d8d-f706-29856409b903.jpg,1,true,"tensor([[122.6629,  65.9679, 478.1774, 359.4561]], device='cuda:0')"
34c24b8f-e698-ccb0-b69b-69dd5815aed1.jpg,4,true,"tensor([[383.7856, 228.7485, 486.1880, 294.1041],
        [148.6170, 215.8390, 252.0042, 279.1947],
        [257.3710, 221.3758, 355.5882, 286.6649],
        [288.7150, 158.3584, 305.0220, 168.1825]], device='cuda:0')"
05268988-71b1-afb6-059c-7dd25728af34.jpg,2,true,"tensor([[270.6509, 120.7357, 440.4666, 287.1857],
        [154.9901, 164.4412, 308.4366, 306.6954]], device='cuda:0')"
090362d8-8283-d69a-9bb9-a0de8bfdcf08.jpg,4,true,"tensor([[322.9550, 161.4381, 330.5953, 170.7658],
        [ 82.2039, 258.6337,  89.5685, 272.5458],
        [158.4941, 143.5845, 436.7392, 320.5433],
        [331.3417, 147.7862, 342.4947, 158.3832]], device='cuda:0')"
0c1ece59-9adb-4278-bf57-027c8a80d9f5.jpg,0,false,"tensor([], device='cuda:0', size=(0, 4))"
4dc0ccf1-3c32-f138-d08b-8f870290a168.jpg,1,true,"tensor([[256.6285, 109.4044, 466.3206, 269.8874]], device='cuda:0')"
0cd1fc30-d280-0bf1-bc12-2c5827cf6d37.jpg,1,true,"tensor([[240.9706, 109.2845, 474.9318, 372.7302]], device='cuda:0')"
ee7a9a88-1f46-b53f-a088-e665a343aff6.jpg,1,true,"tensor([[336.4722, 308.7487, 347.7991, 327.3722]], device='cuda:0')"
89056e83-64ae-a592-6e62-a93013d60588.jpg,1,true,"tensor([[100.5836, 115.2303, 481.0512, 364.5916]], device='cuda:0')"
7e4c6727-3c96-0e8f-8886-d24a844aca45.jpg,3,true,"tensor([[370.7924, 239.5050, 490.1597, 347.7247],
        [ 82.1381, 275.1314, 161.7737, 341.9941],
        [236.2495, 257.9610, 378.0121, 340.5612]], device='cuda:0')"
47b030d4-8b57-79d8-e594-c6529e48e2a3.jpg,1,true,"tensor([[273.4319, 153.5489, 345.3583, 368.4601]], device='cuda:0')"
89840847-7a2d-4eda-3ec4-4ac59919a1fe.jpg,15,true,"tensor([[307.9910, 341.1772, 339.7599, 359.3853],
        [163.6851, 346.4725, 194.4001, 367.4656],
        [473.9812, 334.4881, 508.7007, 350.7831],
        [111.9217, 346.9654, 131.1771, 367.4879],
        [248.4478, 343.3807, 276.5027, 363.1978],
        [289.1526, 339.7539, 312.9572, 362.8444],
        [559.5154, 336.3301, 574.6024, 349.5794],
        [529.5446, 335.8665, 541.9330, 353.6853],
        [ 84.4305, 348.0802, 117.3387, 367.2876],
        [273.8454, 343.8513, 292.4971, 361.5350],
        [187.5849, 344.7164, 225.1235, 366.4998],
        [350.9974, 339.6892, 383.2068, 359.6945],
        [378.3607, 340.4554, 420.0522, 366.2499],
        [414.5470, 340.9451, 446.8286, 367.3419],
        [426.6747, 334.9138, 455.4820, 355.0498]], device='cuda:0')"
d5ed6a72-a4ed-afb5-8049-31686a1a427c.jpg,1,true,"tensor([[256.6174, 214.5994, 420.8789, 321.2963]], device='cuda:0')"
22827c7b-53ec-e2a5-c7d8-9f73056b812f.jpg,2,true,"tensor([[408.6021,  85.6844, 574.2549, 307.2461],
        [187.2571, 133.1477, 509.9072, 356.4039]], device='cuda:0')"
9fbee38a-83f5-f788-e8d5-23da77051717.jpg,1,true,"tensor([[ 82.6161,  73.8768, 536.5095, 426.4864]], device='cuda:0')"
c2962f92-3c39-3be4-f56e-a82bc49610c6.jpg,3,true,"tensor([[216.3913,  58.5777, 447.1842, 336.3611],
        [486.3336, 100.6615, 574.7540, 331.2019],
        [383.8882, 101.7025, 445.3707, 135.8250]], device='cuda:0')"
7c6c506b-9209-69fa-b261-2d7edc1dffcf.jpg,4,true,"tensor([[515.2612, 147.1408, 574.7852, 318.2060],
        [102.5964, 161.0143, 297.6489, 273.3511],
        [ 82.2752,  90.3689, 184.7375, 310.1770],
        [151.3551, 141.5307, 461.0434, 322.1601]], device='cuda:0')"
200573a5-d27e-e959-3510-286fd0575a1c.jpg,2,true,"tensor([[ 81.8466, 165.4499,  97.0040, 209.4731],
        [ 82.0728, 151.5978, 430.9448, 349.8454]], device='cuda:0')"
9d787858-e089-0c2c-0d36-b93bfc380e94.jpg,1,true,"tensor([[135.3830, 119.1968, 464.5949, 374.1097]], device='cuda:0')"
14ab726a-c956-43f5-3405-d6747f9bc2df.jpg,1,true,"tensor([[136.8714,  75.2587, 542.1296, 370.0345]], device='cuda:0')"
92e45934-7914-5d50-e470-f206030b88b5.jpg,2,true,"tensor([[410.9257, 128.0464, 574.2744, 309.0151],
        [181.6827,  82.4575, 536.5635, 321.8997]], device='cuda:0')"
ec2b2d57-0a91-b42e-cda8-1f09ed7617ca.jpg,3,true,"tensor([[ 82.3094, 121.7441, 142.6680, 310.2161],
        [123.5824, 176.8255, 245.5850, 293.0463],
        [155.5903, 119.6479, 555.6410, 353.7373]], device='cuda:0')"
3d697025-9bb4-50b2-6b0e-2bd3f397030e.jpg,2,true,"tensor([[ 82.3705, 202.3148, 120.7612, 307.1271],
        [107.7060,  93.3886, 565.5099, 347.9550]], device='cuda:0')"
f0045504-1cee-b8ca-e6cb-763e0704a3b0.jpg,1,true,"tensor([[272.1165, 225.3425, 396.9193, 342.5413]], device='cuda:0')"
c91eaa7c-5e62-7441-9b74-d54b7883e359.jpg,1,true,"tensor([[197.4857, 145.0787, 533.4427, 403.4482]], device='cuda:0')"
72a77712-65cb-e96d-d05b-d2070fc7963c.jpg,1,true,"tensor([[196.0634,  69.0329, 374.5399, 404.7453]], device='cuda:0')"
2367a36b-2adc-0bc9-4eda-12bf0d1f15d8.jpg,1,true,"tensor([[184.6327, 149.7653, 492.4780, 347.9479]], device='cuda:0')"
c76c2c60-cb56-500b-39aa-cb3c184c70b3.jpg,1,true,"tensor([[164.3591,  98.4677, 439.1019, 392.3046]], device='cuda:0')"
c0d9c4f8-a8a6-0819-5256-449e553cfdf7.jpg,1,true,"tensor([[369.8233, 253.4263, 439.6845, 302.2378]], device='cuda:0')"
2ad17502-6860-c015-bab3-111d5dd549e5.jpg,1,true,"tensor([[ 82.2864, 138.7178, 464.2803, 380.6382]], device='cuda:0')"
4cd1d849-0684-3ea4-0e52-b97f9f63c8f3.jpg,2,true,"tensor([[ 81.8909, 142.4067, 169.9859, 338.8105],
        [ 98.0639,  86.7631, 573.0541, 340.1430]], device='cuda:0')"
33357c7e-8b45-4e83-9884-1a00a54558b1.jpg,1,true,"tensor([[149.3793, 182.4536, 445.5336, 352.8527]], device='cuda:0')"
7fb70a40-adc5-02d1-7a5e-739adf14b54b.jpg,1,true,"tensor([[207.4274, 114.6243, 526.7037, 303.2300]], device='cuda:0')"
73597afe-f8e4-0197-2022-d9924d83ab02.jpg,2,true,"tensor([[311.6060, 172.5652, 574.3478, 301.8217],
        [131.8924, 134.2598, 309.3091, 285.5665]], device='cuda:0')"
93516660-d9f8-93c7-5756-08592c5d74c1.jpg,1,true,"tensor([[145.7883,  90.2414, 522.1752, 365.5434]], device='cuda:0')"
0e9bae4f-d76e-9d03-2dc2-3b1fe6465e96.jpg,1,true,"tensor([[260.2525, 125.0833, 401.1179, 371.1267]], device='cuda:0')"
7399bca5-4d8b-bbc6-30d9-3a2e3e756065.jpg,2,true,"tensor([[254.4409,  93.7031, 574.7718, 332.9388],
        [179.2727, 170.8677, 293.0002, 335.2263]], device='cuda:0')"
9c121320-5ff1-ee3c-015a-f7f58a57f10b.jpg,2,true,"tensor([[145.8621, 178.8404, 289.9869, 426.2478],
        [473.2178, 106.9110, 523.5043, 160.5785]], device='cuda:0')"
92fdc7ed-27bc-9c35-8753-32d8bf3368eb.jpg,1,true,"tensor([[285.7957, 237.8207, 406.6362, 348.4360]], device='cuda:0')"
f052aa05-d710-c71b-ada7-2f0a6256801d.jpg,3,true,"tensor([[ 82.8648, 297.2088, 256.5961, 402.1501],
        [ 82.0549, 296.9995, 195.7130, 400.8940],
        [154.6786, 178.9258, 475.4031, 354.1889]], device='cuda:0')"
8cf351a2-31f3-ce73-28eb-b463a8cffdcf.jpg,2,true,"tensor([[371.8019, 193.0147, 503.4041, 324.0981],
        [179.8700, 209.2762, 374.2966, 312.1495]], device='cuda:0')"
00de2215-6bcf-4c30-0601-d9d098a4858e.jpg,1,true,"tensor([[264.2346, 262.2931, 302.1069, 300.7514]], device='cuda:0')"
d872de66-90ca-202e-5c7f-c449a3bb604a.jpg,1,true,"tensor([[116.3643, 118.0670, 468.8767, 409.3867]], device='cuda:0')"
55d48682-f0fb-1d05-0779-f5f2a555e2b0.jpg,1,true,"tensor([[199.1201, 136.8464, 387.7453, 284.7883]], device='cuda:0')"
4f419e56-90c4-9ebd-39f6-5d9ef712122c.jpg,1,true,"tensor([[ 82.8697,  69.5739, 572.3620, 425.7968]], device='cuda:0')"
dc700ece-404c-8006-b059-7a8e22199161.jpg,1,true,"tensor([[359.3611, 169.2703, 390.1060, 194.6024]], device='cuda:0')"
1017d1cd-076b-d7d8-32ab-d86e79f9537e.jpg,1,true,"tensor([[108.1255, 179.1926, 416.0195, 361.5488]], device='cuda:0')"
da480879-9ce0-3061-02d7-3728960c9061.jpg,1,true,"tensor([[ 89.2557, 150.1617, 357.9157, 295.1946]], device='cuda:0')"
c943b1a5-687d-c443-602f-8d4721faa784.jpg,3,true,"tensor([[ 82.4429, 169.2104, 168.3050, 297.9353],
        [117.1676, 135.5704, 189.9656, 187.7771],
        [192.5438, 147.8120, 456.7673, 310.4763]], device='cuda:0')"
cbf61219-a4a6-279c-4712-210a08bd03eb.jpg,6,true,"tensor([[436.3977, 175.5811, 568.4472, 285.7368],
        [273.1860, 187.9227, 432.7875, 278.7621],
        [217.3651, 185.2271, 382.1941, 284.4049],
        [482.2950, 193.6574, 575.1190, 282.0076],
        [ 82.3156, 188.2514,  90.8332, 256.2805],
        [164.1224, 177.6995, 173.5980, 191.1455]], device='cuda:0')"
546045e7-7364-49d0-3304-2f31a1cc750b.jpg,1,true,"tensor([[198.4479, 133.8030, 304.9408, 299.7728]], device='cuda:0')"
091b97fd-5200-c691-3674-0b525e08d2e1.jpg,6,true,"tensor([[120.9021, 192.1704, 195.7027, 231.3030],
        [426.4520, 204.5237, 510.8360, 251.7502],
        [162.2261, 197.2429, 242.2481, 236.4003],
        [330.4886, 199.4597, 401.7930, 234.3844],
        [239.4034, 199.4986, 293.2556, 230.6187],
        [401.6592, 200.5863, 434.2103, 254.7879]], device='cuda:0')"
d673d44a-cf69-d2a4-4783-9e25d24ce16d.jpg,1,true,"tensor([[283.5922, 140.1225, 429.1787, 289.8643]], device='cuda:0')"
a251eec4-a85d-23eb-2f1c-07e359a8c146.jpg,1,true,"tensor([[ 82.3451, 126.1227, 574.7130, 426.1928]], device='cuda:0')"
bcfdd090-4825-1533-ecf0-e18907de84e7.jpg,2,true,"tensor([[339.0446, 177.5169, 550.2308, 355.3004],
        [127.6816, 122.4361, 365.1326, 340.3823]], device='cuda:0')"
cc551570-3f1a-a847-be18-e047eee5dfc4.jpg,2,true,"tensor([[357.1039,  60.6479, 574.6721, 425.3266],
        [166.5278,  98.3230, 438.8210, 407.4246]], device='cuda:0')"
e1798a56-5b5d-799b-8cd3-4c0b7e653f6a.jpg,2,true,"tensor([[ 82.0107, 144.8936, 122.3903, 276.5753],
        [ 85.7480, 152.9642, 532.2195, 319.1263]], device='cuda:0')"
c629999e-5f6c-ea7a-e732-0606211ee1ce.jpg,2,true,"tensor([[202.5896, 164.5923, 295.3617, 256.9964],
        [229.3443, 169.2930, 393.6084, 265.1583]], device='cuda:0')"
c21a2f84-8f3a-1125-7f03-1ce3769efa86.jpg,2,true,"tensor([[327.6576, 180.8909, 556.8687, 291.0414],
        [ 82.2379, 167.4523, 321.1411, 288.5544]], device='cuda:0')"
c14c663c-f410-7569-1e61-19e7520af70d.jpg,1,true,"tensor([[124.0047, 165.1744, 328.1326, 276.6394]], device='cuda:0')"
db04a929-af74-2891-9f41-dd29ba065a89.jpg,8,true,"tensor([[319.9410, 229.9513, 451.8400, 326.7004],
        [132.7685, 191.2788, 146.1918, 203.0791],
        [185.2358, 219.2047, 257.5124, 301.0267],
        [118.5323, 190.2209, 134.3810, 203.0831],
        [ 82.3692, 184.1316, 117.6408, 253.4661],
        [119.0555, 190.3504, 145.8746, 203.3173],
        [398.9962, 155.3594, 434.4838, 176.7176],
        [238.5926, 192.2165, 278.3124, 213.3045]], device='cuda:0')"
b82c7ce7-13e6-c8aa-0721-7cf0570e5232.jpg,6,true,"tensor([[ 82.3569, 186.8306, 257.8396, 311.0542],
        [485.6778, 137.7467, 507.8074, 148.4186],
        [484.5208, 119.5215, 499.2318, 128.4157],
        [507.3655, 127.0795, 524.2582, 136.0006],
        [214.2749, 180.1339, 429.8778, 293.2807],
        [438.8490, 121.6710, 453.3224, 132.6831]], device='cuda:0')"
e241fbc0-29f8-579d-e0c2-c5ad813247b3.jpg,14,true,"tensor([[225.3926, 278.0656, 289.9149, 338.4235],
        [277.7527, 248.7162, 304.3868, 283.1834],
        [268.7551, 256.4691, 303.5721, 286.3787],
        [231.2604, 249.8300, 250.7280, 279.1388],
        [ 80.3163, 243.2572,  89.1875, 273.7521],
        [384.1174, 318.6742, 576.1475, 407.8622],
        [185.2380, 241.9553, 199.8640, 262.3527],
        [ 83.2819, 251.0401, 114.5738, 286.5561],
        [364.5139, 263.0528, 432.5176, 312.5205],
        [524.5426, 309.1370, 575.8423, 343.3135],
        [277.5879, 284.6730, 420.2343, 391.8119],
        [249.2240, 250.4544, 276.6295, 280.6332],
        [278.3616, 248.3697, 304.2891, 267.4050],
        [194.6529, 244.3056, 233.3788, 279.6537]], device='cuda:0')"
8321fc61-1cbe-1a4b-519e-02c8c543d7b1.jpg,2,true,"tensor([[438.3870,  69.8559, 574.8172, 425.9207],
        [ 82.3002,  76.5982, 499.4503, 424.1277]], device='cuda:0')"
d65f118d-0615-f187-a451-a5aea383c5dc.jpg,2,true,"tensor([[ 82.6183, 139.2293, 171.4617, 336.2030],
        [ 82.1553, 127.7262, 465.2809, 342.2116]], device='cuda:0')"
14c884ed-5a83-007f-4899-867d07bd6884.jpg,20,true,"tensor([[124.0910, 153.9613, 371.2819, 316.1894],
        [129.0099, 155.1827, 143.9281, 164.7722],
        [367.5275, 146.1821, 379.6260, 153.2876],
        [ 82.0654, 158.5534,  88.2499, 166.3943],
        [233.6023, 162.4459, 253.8774, 174.7524],
        [381.9809, 149.1715, 396.9162, 161.4678],
        [249.7872, 148.4644, 262.1642, 158.0637],
        [362.4091, 160.1128, 566.7650, 301.4712],
        [181.7994, 152.3833, 196.1381, 159.7704],
        [558.1508, 142.5607, 570.0981, 150.5207],
        [270.3538, 149.0683, 288.3528, 158.5574],
        [201.5611, 153.0987, 216.6742, 163.4541],
        [400.4583, 145.8158, 411.7996, 152.9129],
        [444.6205, 151.4447, 459.1985, 162.1653],
        [230.2114, 131.6035, 241.9174, 140.7524],
        [490.5819, 141.4068, 504.6893, 149.1302],
        [411.3949, 151.6510, 428.5081, 163.8365],
        [420.7097, 144.7727, 438.4192, 151.6521],
        [147.1845, 168.2975, 165.3149, 176.2940],
        [471.1544, 145.5198, 483.1195, 154.2271]], device='cuda:0')"
01732dec-7242-2726-e082-e044f2cbc643.jpg,1,true,"tensor([[128.7457,  90.7463, 542.1710, 320.6180]], device='cuda:0')"
92ec0b7a-6881-1038-4536-2df639a60938.jpg,2,true,"tensor([[247.8375, 198.8383, 543.1017, 360.0755],
        [124.4911, 134.1371, 479.2626, 351.7808]], device='cuda:0')"
b48c2d46-98be-f87b-c170-157133c27691.jpg,3,true,"tensor([[521.8198, 155.4016, 574.9456, 330.8094],
        [ 81.7918, 155.8572, 243.7237, 423.3257],
        [212.2324, 206.3521, 400.8888, 386.1518]], device='cuda:0')"
4e8303c5-d208-ab41-8ea3-996a5447ba26.jpg,2,true,"tensor([[518.8530, 133.4406, 574.9193, 381.2281],
        [233.3257,  58.4357, 563.8289, 383.2728]], device='cuda:0')"
83a72077-8559-5def-48d8-39afa16456c7.jpg,1,true,"tensor([[209.1884, 141.3550, 513.9570, 346.6363]], device='cuda:0')"
9a64ea8f-d826-c8d3-d64a-0f093f57bd2d.jpg,1,true,"tensor([[124.9576,  57.6729, 499.4431, 426.1089]], device='cuda:0')"
e260f1ce-c188-6b0f-312d-03afed26e091.jpg,1,true,"tensor([[205.1139,  81.7784, 407.1596, 411.4280]], device='cuda:0')"
7a5d4203-6774-c425-67de-2bddf7cac06b.jpg,2,true,"tensor([[ 82.6940, 184.5316, 325.9640, 425.0203],
        [ 84.9382,  96.2128, 574.5173, 404.0610]], device='cuda:0')"
66913f08-224a-caba-7640-8c98d51c020a.jpg,1,true,"tensor([[134.2306, 118.0958, 518.9149, 373.8577]], device='cuda:0')"
d3724603-8281-2fee-73e5-e0dca0bd7162.jpg,1,true,"tensor([[242.2240, 293.9626, 453.1061, 370.3181]], device='cuda:0')"
08c54277-5e94-7e9b-24f8-6f0e499795c8.jpg,3,true,"tensor([[365.7896, 121.2096, 574.6262, 266.5500],
        [ 82.0946, 116.5649, 120.4943, 200.3008],
        [150.8187, 115.7267, 442.5082, 272.9023]], device='cuda:0')"
31618796-911b-85bc-ad7d-135bbaf0bb32.jpg,1,true,"tensor([[214.3239, 185.2065, 412.1570, 355.4696]], device='cuda:0')"
7da36aa4-5663-803e-1105-552f9fc95adb.jpg,1,true,"tensor([[225.5203,  70.6895, 468.8074, 404.5179]], device='cuda:0')"
c991feb0-8fa2-d87f-18ab-919cae3ef2fc.jpg,2,true,"tensor([[201.0807,  98.5525, 552.3797, 274.6621],
        [348.5287,  89.4072, 445.8209, 270.1107]], device='cuda:0')"
8bfa60b3-386b-3db3-7020-eb5580df81f8.jpg,3,true,"tensor([[474.4164, 189.3763, 540.7189, 226.2775],
        [ 82.1855, 115.7519, 490.9567, 351.2946],
        [471.5949, 197.8445, 495.5547, 209.8566]], device='cuda:0')"
0ed34803-f81e-23d2-e56b-0d23b223f363.jpg,2,true,"tensor([[128.3493, 167.8364, 425.4104, 347.4801],
        [492.2768, 142.5308, 575.0504, 338.5995]], device='cuda:0')"
31dbca50-7289-3124-36a3-9b46e3732221.jpg,1,true,"tensor([[179.9817, 165.6829, 441.7389, 300.0231]], device='cuda:0')"
83d97224-4879-830a-6e5a-e4f79b547197.jpg,1,true,"tensor([[295.2340, 204.2382, 364.8715, 254.5140]], device='cuda:0')"
b8588412-4231-579e-2cf4-2a126e6bdfd5.jpg,1,true,"tensor([[ 92.3786,  90.8770, 516.9152, 348.5096]], device='cuda:0')"
3c82cf41-f377-030e-50bb-736c07fabc3e.jpg,1,true,"tensor([[188.1305,  58.7419, 356.1289, 426.3026]], device='cuda:0')"
d5c1825f-7f44-bc3e-9c20-21610dfd1c46.jpg,1,true,"tensor([[246.9747,  75.2605, 389.7079, 414.3018]], device='cuda:0')"
738534ef-5d55-6dcd-33da-40187905186a.jpg,1,true,"tensor([[116.2346,  97.1663, 511.4912, 373.4620]], device='cuda:0')"
a88227f6-61da-81be-cbff-3e51c2f442da.jpg,1,true,"tensor([[272.4552, 227.2499, 343.7897, 297.8361]], device='cuda:0')"
72b8be37-a0cb-7c7a-2d22-eeef9d2d93d9.jpg,5,true,"tensor([[112.6511, 141.4292, 295.2019, 331.9821],
        [453.6724, 129.9700, 573.4321, 301.5443],
        [ 82.0106, 128.8979, 189.5238, 260.1426],
        [264.1198, 125.3026, 453.5331, 326.7760],
        [ 86.9302, 194.9364, 188.6334, 337.3336]], device='cuda:0')"
4712a23a-a7c9-496d-8297-747327bd464c.jpg,2,true,"tensor([[499.0851, 192.7890, 574.8765, 302.6172],
        [143.9734, 133.0728, 441.6623, 333.8867]], device='cuda:0')"
9e05c0f5-2e1c-3cbf-4ec7-f2f91a386a0a.jpg,5,true,"tensor([[323.7862, 225.6826, 346.8408, 248.3417],
        [513.7737, 222.9738, 560.6729, 244.8108],
        [158.1050, 210.4857, 335.0757, 335.5054],
        [332.6356, 198.6375, 506.1479, 324.4549],
        [490.7639, 228.9012, 517.4316, 245.7227]], device='cuda:0')"
a1bf6a7b-69af-8e22-3e29-052a2dc823c9.jpg,1,true,"tensor([[321.5595, 206.5269, 362.2526, 257.7099]], device='cuda:0')"
090bc64b-52d2-6d45-5e62-393433173516.jpg,1,true,"tensor([[236.2433, 158.4839, 393.7349, 315.8758]], device='cuda:0')"
8366647a-15f0-01ae-5555-3739642d9243.jpg,2,true,"tensor([[ 95.5685, 161.1327, 472.7145, 363.4554],
        [ 82.2286, 129.4106, 263.4642, 283.8708]], device='cuda:0')"
c6161783-607c-e47f-2094-7880c5258cc7.jpg,1,true,"tensor([[147.0996, 161.4980, 462.1100, 340.6349]], device='cuda:0')"
43fa66fa-9370-0712-c226-d6538f1cff25.jpg,2,true,"tensor([[ 82.2713, 187.4505, 171.2486, 386.6672],
        [147.2769,  85.5883, 521.2784, 405.6495]], device='cuda:0')"
2860084a-2dc5-1efb-6c4f-61ad58b0de20.jpg,3,true,"tensor([[350.2653, 122.8227, 574.8228, 331.5744],
        [137.0021, 135.7891, 372.4396, 397.0288],
        [ 81.8475, 159.6095, 264.2573, 387.8875]], device='cuda:0')"
cf862e44-52c9-2db1-87d2-521033f3d2a0.jpg,2,true,"tensor([[382.7591, 169.8957, 546.4596, 360.5990],
        [152.3927, 100.4531, 376.1406, 363.5464]], device='cuda:0')"
6cf8f94e-c9b7-0da5-3949-a983a89aa21d.jpg,3,true,"tensor([[529.7731, 269.0917, 556.2921, 284.2375],
        [134.9937, 260.4820, 157.8213, 270.2191],
        [351.2021, 266.5680, 371.1667, 278.6602]], device='cuda:0')"
83641fa8-41ee-1e96-c88f-0546e32b52ee.jpg,2,true,"tensor([[121.2129,  95.8699, 517.6485, 401.4813],
        [268.3118, 106.1029, 363.2311, 153.1904]], device='cuda:0')"
ab5e2ed2-37cf-7f4c-e69e-27f642ffb73e.jpg,2,true,"tensor([[ 81.8757, 132.8923, 125.7514, 231.4863],
        [106.1770,  82.7508, 377.9611, 247.4307]], device='cuda:0')"
2c63472c-1f0a-8726-eebc-bf9af9b8925d.jpg,3,true,"tensor([[267.6425, 151.3433, 574.2263, 352.2851],
        [ 82.5521, 170.4140, 189.5358, 367.5220],
        [136.2594, 140.3997, 502.4635, 370.3825]], device='cuda:0')"
56076cf9-4cb8-f8f8-0f9f-160968643060.jpg,1,true,"tensor([[162.1015,  73.8259, 525.8143, 344.4771]], device='cuda:0')"
36868f69-5ad8-467d-5cf9-266710c040ab.jpg,1,true,"tensor([[191.9063, 183.4292, 527.2324, 411.0716]], device='cuda:0')"
23cb3c18-2f72-66bf-04c4-3e877f47e41a.jpg,1,true,"tensor([[ 82.0947, 124.8643, 505.7322, 378.7709]], device='cuda:0')"
b660f7e6-cc96-1d7e-ae65-d88e346813a0.jpg,3,true,"tensor([[200.5827, 255.3733, 214.2958, 279.6271],
        [352.1927, 261.7691, 388.4073, 291.9422],
        [318.9572, 256.3913, 360.5768, 276.9502]], device='cuda:0')"
e500939e-102e-6b8d-2b93-9c47f0e3fc2d.jpg,1,true,"tensor([[154.3636, 143.3457, 474.6974, 336.2440]], device='cuda:0')"
5d0ac77f-98e9-6960-5050-c957e35f7286.jpg,9,true,"tensor([[471.3918, 213.3925, 505.6343, 228.9221],
        [273.9534, 209.4020, 284.1147, 228.4541],
        [246.3286, 213.9714, 279.7889, 246.4554],
        [180.8981, 204.6903, 241.8115, 234.6033],
        [346.0108, 215.0414, 365.7302, 235.9501],
        [288.9677, 202.7284, 344.4264, 239.0382],
        [360.7651, 205.3908, 400.0380, 231.8311],
        [353.6508, 215.1328, 375.8859, 274.2936],
        [423.3777, 210.5851, 445.6109, 240.8847]], device='cuda:0')"
df716993-5a12-4e9d-c1e7-3981f59b23ba.jpg,1,true,"tensor([[226.5000, 199.1797, 348.3293, 375.8531]], device='cuda:0')"
7cc8e4b9-fd28-cb61-4389-807e487e751d.jpg,1,true,"tensor([[ 82.6376,  59.9232, 541.4890, 367.9729]], device='cuda:0')"
eca69926-eca5-a0f9-ec27-54c2384f170c.jpg,1,true,"tensor([[194.2444, 131.9489, 469.5548, 307.3239]], device='cuda:0')"
910bd512-b8d4-f972-4d1c-3a7dd8420ce1.jpg,3,true,"tensor([[150.5188, 115.0989, 453.8063, 274.4598],
        [492.0234, 153.1428, 574.9667, 313.6879],
        [494.1407, 113.4463, 575.1972, 308.2237]], device='cuda:0')"
dbe66897-225f-6f71-f6ee-aa785a4e967d.jpg,3,true,"tensor([[104.1010, 217.9223, 165.6297, 263.6908],
        [147.0477, 182.0304, 464.7756, 355.4297],
        [104.7660, 186.8038, 165.4892, 263.6418]], device='cuda:0')"
a8d1281f-b335-222c-39ef-6ccca91c36e8.jpg,3,true,"tensor([[148.8117, 225.8584, 194.6713, 276.5753],
        [ 82.1178, 268.4850, 283.0980, 426.3855],
        [179.3601, 210.4765, 471.0282, 384.1244]], device='cuda:0')"
a46fc35c-cf02-eace-1d63-5050beb19491.jpg,2,true,"tensor([[298.4904, 105.0687, 482.2752, 303.9257],
        [ 82.4827, 127.7677, 480.2910, 412.5201]], device='cuda:0')"
fc151cb2-256a-f891-55d9-03a92f54870f.jpg,3,true,"tensor([[ 82.3041, 115.3585,  90.6780, 129.5508],
        [450.7791, 108.8196, 509.1223, 147.4433],
        [188.7415, 114.6545, 541.2055, 406.4916]], device='cuda:0')"
4c2d6821-fbbc-fc33-800d-32b240b693e6.jpg,4,true,"tensor([[100.0265, 171.6604, 247.0783, 358.8408],
        [558.6846, 263.8421, 575.0400, 374.7835],
        [ 82.1564, 190.8269, 245.1195, 394.3026],
        [163.1056, 198.6866, 493.2174, 371.5243]], device='cuda:0')"
97f8107c-e674-f174-b7c9-b96ff789c775.jpg,1,true,"tensor([[240.2385, 159.9633, 450.5234, 316.3485]], device='cuda:0')"
4e771477-a7ae-76c0-d036-269ea726b6c0.jpg,2,true,"tensor([[432.5177, 100.0860, 574.6398, 288.9300],
        [166.4991, 100.4119, 460.1157, 297.9473]], device='cuda:0')"
c3cd71ad-49ee-51dc-8446-4994131e8512.jpg,1,true,"tensor([[249.4931, 188.9121, 419.3127, 320.9245]], device='cuda:0')"
43508c1b-4cfb-ad6a-5536-cfadf9bf5834.jpg,1,true,"tensor([[203.4412, 155.2438, 483.3592, 370.9743]], device='cuda:0')"
4545e8ea-dd2a-5db5-1e95-fb50efe38c7f.jpg,1,true,"tensor([[184.0062, 112.6169, 525.0520, 342.5745]], device='cuda:0')"
7e05e2d6-7199-a410-a1db-78614c74c551.jpg,3,true,"tensor([[518.8484, 183.5165, 574.7032, 314.7745],
        [ 82.5141, 135.3648, 183.5044, 308.4829],
        [178.4872, 121.9759, 539.7812, 329.5996]], device='cuda:0')"
b5b94196-9120-c6e7-ace9-1c398766d421.jpg,2,true,"tensor([[197.6369, 103.6333, 410.9603, 398.2990],
        [421.4133, 246.9380, 498.2684, 353.9732]], device='cuda:0')"
0b08eebe-9156-5e34-bb1a-c8029cd51b47.jpg,1,true,"tensor([[177.5427, 144.1120, 514.0697, 392.6119]], device='cuda:0')"
900468b5-1eaa-3d03-c706-73939959458f.jpg,1,true,"tensor([[188.6815,  59.2070, 485.1250, 387.1470]], device='cuda:0')"
10ca9f9c-00c8-f363-5078-2f0a82f99c3f.jpg,1,true,"tensor([[248.1203, 124.4610, 473.9699, 425.9732]], device='cuda:0')"
d5674a7a-b957-c43b-7495-af1b7e43fcb6.jpg,4,true,"tensor([[554.8787, 176.0462, 574.9608, 287.2069],
        [434.6731,  98.4323, 567.0471, 243.0750],
        [109.3261, 126.7840, 497.7086, 344.2717],
        [ 82.1400,  99.2894, 184.7638, 283.4096]], device='cuda:0')"
5fca1828-b3a2-ffc0-ac25-3e56f5ffbcff.jpg,3,true,"tensor([[267.0844, 192.5680, 560.0250, 393.4316],
        [ 82.3844, 175.1698, 286.2543, 376.1617],
        [ 82.0683, 176.5708, 139.5206, 357.5350]], device='cuda:0')"
6b14f4fb-7574-a2c2-4e1c-7e6abd88b715.jpg,1,true,"tensor([[152.1212, 147.4872, 392.8554, 301.0480]], device='cuda:0')"
039c53fe-8d25-5ff2-a835-b4a1f745a149.jpg,2,true,"tensor([[320.0446, 157.9534, 476.7281, 311.6569],
        [119.9806, 172.5929, 295.8865, 306.2920]], device='cuda:0')"
b6f92f1a-66db-d8f2-f575-cd2dbfe3eed8.jpg,1,true,"tensor([[187.8728,  74.3726, 417.7133, 387.5197]], device='cuda:0')"
496831ff-4249-ca5c-4db7-a3ad5e909d46.jpg,1,true,"tensor([[ 81.9501, 114.8632, 446.5343, 291.4625]], device='cuda:0')"
7a19b0f3-646c-6922-bd5c-70a814c1c191.jpg,1,true,"tensor([[167.5043, 114.1542, 446.9659, 370.4966]], device='cuda:0')"
481da180-f97e-18f8-be59-96b5dfc4515c.jpg,0,false,"tensor([], device='cuda:0', size=(0, 4))"
f658a1f5-7e6d-7abb-7825-45666d910eb6.jpg,1,true,"tensor([[145.6042, 184.8661, 386.4151, 361.9456]], device='cuda:0')"
1e508157-5113-8de5-cadc-83f446278ef8.jpg,1,true,"tensor([[228.6446, 150.4401, 451.4160, 372.7782]], device='cuda:0')"
3a5ae1d4-ff65-e685-715e-219fc87cc6a1.jpg,8,true,"tensor([[441.5180, 195.4844, 563.2208, 275.5085],
        [314.5910,  96.7099, 333.5254, 125.4398],
        [127.7887, 183.7692, 239.3929, 279.5497],
        [167.9352,  81.1655, 237.5243, 135.3995],
        [557.3815, 174.9689, 574.9883, 236.0561],
        [255.5689, 180.9024, 400.4555, 271.3905],
        [349.7679,  74.8439, 389.6121, 121.0220],
        [393.5090, 191.9449, 448.0078, 237.2602]], device='cuda:0')"
1dc6baea-63d0-daf0-c8cf-92fb892d5c22.jpg,1,true,"tensor([[191.7673,  93.7917, 446.2675, 413.3882]], device='cuda:0')"
a24c955c-1eaf-9317-0ad1-4812a06ba4e2.jpg,3,true,"tensor([[458.2520, 187.0758, 513.3308, 274.5700],
        [145.8614, 189.9709, 199.7377, 261.7279],
        [275.4885, 203.1657, 313.9883, 255.4194]], device='cuda:0')"
3de7adb4-10da-b272-0771-ac7f73c4826a.jpg,1,true,"tensor([[255.2829,  99.1220, 348.5284, 392.5717]], device='cuda:0')"
c9cfc72d-c38c-29d1-85cb-d94184353d51.jpg,3,true,"tensor([[535.8779, 245.5553, 574.7620, 274.7642],
        [152.5665, 143.1400, 488.5195, 376.6530],
        [145.3703, 152.5676, 497.7576, 368.6176]], device='cuda:0')"
b392912c-7238-f902-ba27-fd7185cda4c1.jpg,1,true,"tensor([[100.4627, 142.4037, 568.1741, 405.7087]], device='cuda:0')"
792c9d89-a672-9171-6f37-1c2fce02080c.jpg,1,true,"tensor([[ 82.5478,  88.5074, 536.1471, 342.0208]], device='cuda:0')"
19958072-0c25-24fc-fa01-09b046e59ded.jpg,8,true,"tensor([[461.3367, 106.3623, 492.3617, 172.1396],
        [129.1832, 166.0899, 196.2248, 243.1797],
        [255.3466, 136.6204, 290.0211, 191.5570],
        [203.7337, 114.6793, 296.3116, 194.9576],
        [397.8750,  60.6466, 480.5679, 119.9569],
        [213.3347, 165.7483, 352.8230, 286.2681],
        [331.0641,  75.8541, 375.5197, 142.6889],
        [396.9995,  78.4772, 417.5325, 125.9555]], device='cuda:0')"
4850f44c-1a91-3deb-87a8-c9bce4591562.jpg,1,true,"tensor([[320.0393, 141.0212, 442.9739, 268.9636]], device='cuda:0')"
f5197100-e44f-ea02-fa73-a6c9798a5158.jpg,1,true,"tensor([[258.4350, 105.0580, 488.1757, 395.0835]], device='cuda:0')"
00c71622-cd15-4fe6-9a8a-7f3eb37389fb.jpg,1,true,"tensor([[138.0986, 124.8479, 574.3179, 426.3298]], device='cuda:0')"
4a9272e4-6e5d-f228-2337-fa1e761a610c.jpg,1,true,"tensor([[240.7692, 155.6579, 353.8076, 376.5540]], device='cuda:0')"
7b6d7f59-bb58-0996-4c60-45fd2e3c890b.jpg,3,true,"tensor([[530.2090, 162.7426, 575.1899, 291.3114],
        [285.6702, 135.3226, 304.4873, 167.5133],
        [100.1035, 151.0151, 454.5499, 306.9905]], device='cuda:0')"
18b69f02-fcbc-ccc7-220d-28aa4820b019.jpg,1,true,"tensor([[311.7134,  77.2570, 369.8841, 425.6668]], device='cuda:0')"
6d6c3c76-5a6a-3fb9-153b-c4c053642ea4.jpg,4,true,"tensor([[231.8226, 173.5399, 574.0858, 349.1675],
        [476.0277, 170.3207, 494.0128, 191.2406],
        [ 82.0001, 201.6840, 162.3653, 384.1738],
        [174.4583, 183.7618, 519.3344, 365.7041]], device='cuda:0')"
695160a0-4632-c848-b827-a684c81307c2.jpg,2,true,"tensor([[257.7899, 157.7240, 574.4347, 344.8077],
        [183.9081, 160.9950, 390.7870, 328.2657]], device='cuda:0')"
d44ef01c-eae9-332c-483d-b3f9a0fc9c71.jpg,1,true,"tensor([[284.0506, 168.6316, 395.0248, 317.5110]], device='cuda:0')"
12814919-a860-aa7c-fc5d-9f30d43c4623.jpg,3,true,"tensor([[ 82.3666, 128.7972, 113.5299, 179.9840],
        [420.5286, 112.0471, 461.5479, 159.6208],
        [126.5154,  98.2817, 418.7076, 326.7341]], device='cuda:0')"
d56b7b42-485c-6938-4744-3c4673446f1e.jpg,1,true,"tensor([[113.8543,  74.5184, 444.1635, 362.6213]], device='cuda:0')"
948dbfb8-5e7d-b47b-7742-7ede45b5f1e4.jpg,1,true,"tensor([[234.8525, 167.9663, 377.4893, 319.1912]], device='cuda:0')"
834cd267-eb4d-bb9f-e8b9-b3f2668be61c.jpg,1,true,"tensor([[250.1163, 157.4173, 441.6542, 407.4550]], device='cuda:0')"
167ec6b7-02cf-cd0d-54b4-2cea021020d8.jpg,3,true,"tensor([[542.8141, 177.1655, 575.7028, 217.0701],
        [442.1248, 210.3759, 565.1659, 311.4157],
        [154.1844, 186.6978, 245.1524, 319.5591]], device='cuda:0')"
ed122215-7450-af2d-d17b-6128bd5a3cbc.jpg,2,true,"tensor([[ 97.8908,  93.8360, 510.0603, 285.8419],
        [237.7701,  83.5046, 255.2556, 112.1788]], device='cuda:0')"
a522e68e-0edd-43bc-6f4b-7d0e765ae594.jpg,3,true,"tensor([[306.3524, 141.0616, 574.0958, 295.4200],
        [112.9109, 163.8049, 315.8056, 304.2836],
        [ 82.3611, 206.0526, 123.4164, 350.0935]], device='cuda:0')"
d838c1ef-cecd-546b-3841-13ccf691f9bf.jpg,4,true,"tensor([[451.7324, 242.0054, 574.5714, 425.7960],
        [ 82.6154, 223.3357, 308.0417, 382.2040],
        [194.9196, 167.9507, 484.3604, 393.3892],
        [433.6568, 232.9377, 575.1688, 396.2678]], device='cuda:0')"
d931027f-670b-e7b1-0a96-713e651a4c98.jpg,1,true,"tensor([[168.6210, 120.8239, 429.9999, 273.7629]], device='cuda:0')"
2e40a4fc-f2f7-f22e-94b3-d892c81a2146.jpg,1,true,"tensor([[279.8734, 150.9873, 310.3284, 235.2599]], device='cuda:0')"
e1aa37da-437d-3ca5-d73d-35251b6143ce.jpg,9,true,"tensor([[463.7138, 242.3140, 512.4185, 270.4122],
        [220.2583, 237.4438, 241.1279, 251.0360],
        [106.5337, 234.9327, 117.7121, 252.6453],
        [156.6369, 236.8535, 170.8735, 247.6077],
        [549.3367, 243.7374, 574.2285, 271.6181],
        [173.7619, 238.6780, 203.1044, 258.8131],
        [128.8479, 236.4051, 152.1680, 254.1550],
        [373.1222, 240.9553, 417.3785, 269.3058],
        [537.9792, 242.1741, 549.6845, 254.9634]], device='cuda:0')"
9c951bb4-f596-43f1-6497-9249b8a8a2e8.jpg,1,true,"tensor([[ 83.3712,  84.4560, 468.7763, 315.0731]], device='cuda:0')"
ab123bdf-d6d8-8da6-2d34-8fbeadc9d7af.jpg,2,true,"tensor([[ 82.3729,  58.3734, 449.1771, 411.0240],
        [ 98.6482,  64.0910, 574.8799, 423.9146]], device='cuda:0')"
8f0fe756-53c0-ab85-1ef3-eaa7a07ae250.jpg,2,true,"tensor([[ 82.3171, 176.2538, 205.0826, 317.0810],
        [188.7210, 194.1322, 445.7838, 320.5854]], device='cuda:0')"
149b8f7d-feb1-fc79-cae0-5beb21dd43cf.jpg,1,true,"tensor([[208.7313, 137.3398, 370.2892, 333.2215]], device='cuda:0')"
9fc170b0-79db-dfa9-c352-2dde8f1d62a2.jpg,1,true,"tensor([[175.0651, 135.6585, 492.6900, 354.9141]], device='cuda:0')"
dd1f6f78-1586-42f3-165b-fe6c3fa0f5d2.jpg,1,true,"tensor([[299.1205, 223.7801, 321.7648, 238.2280]], device='cuda:0')"
a7225e0c-667a-89b5-e1f5-c27171c5fa0b.jpg,1,true,"tensor([[176.0032, 126.3189, 488.5586, 343.1274]], device='cuda:0')"
80dc0cb9-d202-40b4-32f8-d1748848fc3d.jpg,1,true,"tensor([[200.0639, 228.5534, 235.3871, 252.7595]], device='cuda:0')"
2129e776-139e-658e-2604-06fe77856f1d.jpg,5,true,"tensor([[500.4024,  58.4644, 574.9744, 264.8309],
        [216.9589,  82.9228, 440.2728, 235.1711],
        [155.5030, 129.4598, 234.3293, 263.6830],
        [554.3228,  58.0961, 575.2668,  96.8381],
        [479.9157,  58.0139, 503.3320, 103.5414]], device='cuda:0')"
b206d05d-d944-ddb6-ea26-55e627c9f1ec.jpg,4,true,"tensor([[484.5430, 247.9236, 566.1833, 310.5085],
        [191.4122, 262.3501, 289.4914, 342.0042],
        [312.4371, 260.4507, 421.5754, 335.5419],
        [403.0024, 265.6718, 512.1557, 321.7400]], device='cuda:0')"
fe992cd5-f88c-d3b4-7e7d-06497083a3cd.jpg,2,true,"tensor([[391.5038, 160.1698, 574.6477, 389.8144],
        [120.3646, 176.6513, 426.7078, 424.2150]], device='cuda:0')"
e63a95a5-38fb-182f-8c2f-c339c385f4fb.jpg,1,true,"tensor([[127.5593, 155.4088, 494.3466, 351.3706]], device='cuda:0')"
28f8e101-c0cb-8a3c-1ecf-e0e9608e9ec1.jpg,2,true,"tensor([[473.7491, 101.7021, 574.7134, 272.1934],
        [253.2332, 122.4289, 462.8971, 317.3716]], device='cuda:0')"
2410c3a4-09c8-187c-7336-f2374855edd0.jpg,3,true,"tensor([[324.0938, 127.6660, 561.7376, 273.7816],
        [384.5693, 125.4193, 574.9767, 255.1504],
        [ 93.6703, 148.8539, 356.9595, 284.1246]], device='cuda:0')"
2df1a74f-13a2-f7d4-cc90-1a33983f5e9b.jpg,1,true,"tensor([[259.1878,  84.4642, 382.7210, 358.0035]], device='cuda:0')"
ea5650ce-8188-3994-49f8-92878fd52f05.jpg,5,true,"tensor([[459.1641, 208.5764, 575.0321, 383.3094],
        [ 81.9213, 225.4207, 122.9031, 347.7030],
        [202.6647, 203.3762, 490.0894, 386.4219],
        [135.7575, 197.4439, 453.2658, 391.1008],
        [ 82.4766, 208.5599, 153.4885, 324.2498]], device='cuda:0')"
ee831858-9c12-4ada-4fe0-634dc1661fa2.jpg,3,true,"tensor([[203.4224, 140.8153, 211.5955, 150.7550],
        [225.1671, 134.8946, 234.1098, 141.4735],
        [189.1920, 194.2412, 430.5405, 323.2773]], device='cuda:0')"
20e39476-bf3a-f3fc-df9b-2853739ed258.jpg,16,true,"tensor([[333.1108, 245.8633, 356.3129, 267.9468],
        [445.5599, 248.0856, 473.4513, 296.1578],
        [518.2882, 251.7660, 562.3827, 266.9188],
        [314.7567, 228.5852, 331.8948, 240.1339],
        [425.8797, 249.3189, 448.2413, 286.7169],
        [396.3754, 260.2707, 444.9156, 303.5740],
        [294.0201, 229.2808, 312.1038, 241.7586],
        [285.6075, 246.7795, 330.9239, 272.7690],
        [236.2341, 255.6350, 305.6271, 300.4003],
        [185.2657, 262.2043, 199.8161, 283.6440],
        [551.9099, 228.1232, 561.1699, 240.6083],
        [294.0795, 228.5804, 331.5431, 241.7690],
        [562.2460, 233.1510, 575.9052, 245.0275],
        [359.0457, 244.7932, 416.5742, 264.4559],
        [427.1658, 227.5879, 460.5126, 242.3272],
        [474.0694, 241.6853, 499.7823, 262.1053]], device='cuda:0')"
42c6e94c-f04a-dc57-ce41-e620861e37e0.jpg,4,true,"tensor([[103.4319, 211.1965, 141.5499, 249.5678],
        [557.2808, 224.2210, 574.7792, 268.3694],
        [ 81.6871, 178.7856, 113.4111, 251.2560],
        [ 82.8192, 188.8369, 488.2251, 395.6526]], device='cuda:0')"
f7f67cbd-8823-fda0-24d9-6ab6aa3ba23f.jpg,1,true,"tensor([[134.8748, 102.6785, 421.2512, 327.3209]], device='cuda:0')"
906f12ae-2f34-d71d-ee8d-05cecd43580b.jpg,1,true,"tensor([[232.3335, 146.3977, 517.0996, 317.4111]], device='cuda:0')"
8b11eff0-8330-433b-2a8d-44565df62b4c.jpg,5,true,"tensor([[301.2502, 139.6121, 575.7678, 314.2806],
        [ 84.5409, 130.2753, 329.2789, 316.1462],
        [509.3745, 179.9685, 575.0414, 300.5629],
        [ 82.0409, 140.2630, 162.3969, 320.3300],
        [173.9171, 142.8478, 473.3147, 327.7492]], device='cuda:0')"
7224206b-3502-1e17-5ed8-b62d89ed7a38.jpg,1,true,"tensor([[143.1328, 189.0412, 458.6756, 341.3624]], device='cuda:0')"
92686b53-0099-5ebc-a96b-5a03034eda39.jpg,3,true,"tensor([[ 82.1627, 136.0791, 172.5168, 307.3907],
        [165.5053, 145.0574, 516.6827, 333.4204],
        [156.6614, 105.3066, 366.4066, 325.1096]], device='cuda:0')"
dd43c501-4298-6a03-5fc4-dc785939421e.jpg,3,true,"tensor([[504.6872, 171.8604, 574.9008, 320.5098],
        [ 82.0598, 163.5675, 179.6149, 263.0872],
        [239.5139, 164.1071, 503.0130, 319.6421]], device='cuda:0')"
cd32e5ba-9230-979a-5612-ee53935d1fe1.jpg,2,true,"tensor([[157.2461,  78.0831, 279.6573, 362.8964],
        [138.5271,  71.1633, 549.9139, 364.2694]], device='cuda:0')"
84d3875b-109c-538d-79d7-717e8b199ebe.jpg,1,true,"tensor([[258.5799, 127.6196, 437.7040, 317.2524]], device='cuda:0')"
f27c7652-5c2b-1d79-106c-9f7919f44197.jpg,7,true,"tensor([[318.2573, 126.6424, 547.8176, 317.6467],
        [101.4840, 135.7578, 308.3397, 351.3894],
        [123.1501,  80.0365, 163.0440, 151.7392],
        [133.3013,  67.5539, 184.7448, 142.3740],
        [114.7421,  58.8190, 144.2773,  92.9553],
        [115.2508,  59.4809, 181.1388, 142.7459],
        [176.2171,  60.0400, 274.5388, 135.8719]], device='cuda:0')"
dbb8b34c-a051-2b66-3e92-25fad0d914ea.jpg,1,true,"tensor([[ 82.1780,  58.3496, 548.4186, 415.9455]], device='cuda:0')"
a5b8748f-2eb2-22cf-8cce-a72ba46254d7.jpg,1,true,"tensor([[213.6509,  77.8420, 539.0480, 426.0565]], device='cuda:0')"
5a3b899c-4914-42c2-bb69-90ab004b1210.jpg,2,true,"tensor([[ 82.7288, 106.0116, 330.7421, 343.8375],
        [149.9391, 116.4873, 556.5321, 343.4236]], device='cuda:0')"
584516b0-bd64-340a-82ae-cd92e5283d7d.jpg,7,true,"tensor([[501.4518, 124.6744, 519.4938, 139.9597],
        [373.3593, 198.5027, 506.2708, 266.6935],
        [127.9080, 130.9041, 143.3912, 140.0574],
        [ 95.0653, 192.3761, 246.2104, 270.4706],
        [398.3271, 121.8134, 412.4057, 133.8195],
        [258.3075, 195.5335, 370.9227, 269.0845],
        [385.4682, 104.7707, 394.5117, 113.5383]], device='cuda:0')"
c7fa4233-a055-af38-c759-604815ef2521.jpg,5,true,"tensor([[271.7010, 109.4874, 321.6777, 170.4037],
        [394.9243, 114.7155, 417.5902, 166.1692],
        [204.7228, 127.4232, 250.7950, 170.2605],
        [172.7692, 152.1050, 375.5470, 261.6027],
        [313.8407,  95.7699, 362.0076, 154.5154]], device='cuda:0')"
e5f85526-4816-fa60-a917-9720ded2c6a9.jpg,4,true,"tensor([[194.1614, 270.8419, 224.7178, 287.4875],
        [564.1629, 215.1072, 576.1674, 223.1708],
        [352.4388, 267.5856, 392.2601, 300.3535],
        [305.5294, 265.8200, 347.7220, 287.3528]], device='cuda:0')"
82833630-85ca-319a-4a34-40c961129aaf.jpg,1,true,"tensor([[195.1808,  90.6407, 447.7309, 299.7238]], device='cuda:0')"
7b0a04a4-fc64-91a6-84ba-a3945624a9e6.jpg,1,true,"tensor([[ 83.0642, 173.4726, 459.0367, 408.7880]], device='cuda:0')"
793d84ce-6e61-3abd-ffcb-96bbecaad559.jpg,3,true,"tensor([[483.8621, 240.2581, 568.1341, 314.4580],
        [127.0150, 253.7482, 183.8690, 335.2082],
        [257.2613, 216.1825, 400.0927, 295.1480]], device='cuda:0')"
70830629-cc12-03bb-ac1f-c54ece8f8424.jpg,6,true,"tensor([[217.4402, 267.0431, 314.4141, 320.5277],
        [445.4581, 263.2527, 534.8351, 320.4179],
        [ 80.2414, 254.3121, 109.9667, 304.2992],
        [129.0424, 265.1598, 219.3644, 301.5866],
        [410.2944, 280.4441, 468.6414, 328.5128],
        [325.8120, 251.3219, 451.1422, 332.5868]], device='cuda:0')"
35905b01-9f39-6a69-02af-cef0d05f2d13.jpg,2,true,"tensor([[552.3004, 117.7159, 575.2804, 223.1961],
        [ 81.8300,  60.3640, 457.7576, 416.5148]], device='cuda:0')"
069879d4-c5ec-93c7-1d7d-6f27035e8d04.jpg,2,true,"tensor([[109.6918, 129.0246, 364.8999, 426.6224],
        [403.9928,  61.2985, 474.3982, 146.6563]], device='cuda:0')"
455d3a78-ef69-e103-aa15-e6650013b90a.jpg,2,true,"tensor([[473.0003, 277.1749, 573.5110, 335.1699],
        [127.1209, 179.8921, 496.9190, 316.8491]], device='cuda:0')"
efd53f00-36ec-6e2d-18b1-ca0bd3ff669b.jpg,3,true,"tensor([[144.9637,  93.4571, 182.2166, 111.9194],
        [ 85.9827,  77.6730, 148.5976, 120.0042],
        [ 82.1318, 107.1745, 482.2273, 360.0561]], device='cuda:0')"
d8e55829-15a0-4ace-a0cf-d63c1046d158.jpg,3,true,"tensor([[335.7988, 360.9789, 369.2275, 379.7227],
        [231.3959, 352.5424, 260.0087, 365.6277],
        [273.5067, 171.3215, 485.2320, 393.4598]], device='cuda:0')"
0ec69050-e07e-1d4a-a63a-f1168042f912.jpg,1,true,"tensor([[161.0671, 100.2342, 544.5432, 344.2308]], device='cuda:0')"
e92abc2d-31b9-41e0-18c5-795531c945b6.jpg,1,true,"tensor([[260.2224, 185.0928, 574.5276, 426.2425]], device='cuda:0')"
bbad023c-ecd4-d93a-82a6-983551f21edc.jpg,2,true,"tensor([[118.4958, 119.0427, 136.0101, 132.7898],
        [116.8712,  79.9824, 548.3054, 338.5750]], device='cuda:0')"
72cb2982-8d90-6a34-1223-575f923aac4e.jpg,4,true,"tensor([[276.7035, 142.6977, 378.6096, 408.7414],
        [207.4745,  95.0971, 284.7660, 421.2801],
        [ 81.9920, 288.3559,  92.7658, 302.9159],
        [108.4639, 285.8816, 129.4250, 304.1850]], device='cuda:0')"
70acd3b6-0377-d832-63c6-d0022e9294bb.jpg,1,true,"tensor([[313.2535, 151.0620, 542.4675, 302.4344]], device='cuda:0')"
c37e2ed4-bb2a-2177-d817-61f2f215d4a8.jpg,2,true,"tensor([[483.5681, 120.7423, 574.9926, 382.9524],
        [127.0249,  70.9770, 512.9400, 390.0717]], device='cuda:0')"
e3152681-e891-2028-ff43-3d4410c9f819.jpg,3,true,"tensor([[429.3474, 213.1181, 545.1589, 312.8163],
        [180.1340, 203.5009, 385.4173, 312.0634],
        [303.5809, 250.9597, 363.1836, 302.8777]], device='cuda:0')"
b7878f44-8032-4677-9b12-4883070b7cd7.jpg,2,true,"tensor([[ 81.6090,  99.0574, 176.1826, 220.7889],
        [156.3452, 114.5538, 465.9563, 330.4268]], device='cuda:0')"
94e42f81-7204-aad9-4dbd-f979947e4340.jpg,2,true,"tensor([[271.8494, 232.4657, 521.0902, 409.7033],
        [167.4468, 101.6136, 528.4978, 403.3050]], device='cuda:0')"
4529e269-7551-eb12-ca6c-f07bc1a42396.jpg,1,true,"tensor([[118.3578,  91.9000, 446.9872, 293.7971]], device='cuda:0')"
ca0825ae-aeaa-5612-fc1c-8a2d7ec27759.jpg,1,true,"tensor([[312.3817, 209.4453, 461.1734, 317.3329]], device='cuda:0')"
042a98da-74ec-138c-1a2a-105563ef1756.jpg,5,true,"tensor([[402.1025, 284.2832, 518.6204, 322.4640],
        [474.8962, 286.3298, 519.2378, 315.7918],
        [109.9741, 284.7948, 182.2948, 333.1399],
        [400.8639, 285.3893, 458.8324, 322.7896],
        [289.8184, 282.1170, 345.4939, 322.7918]], device='cuda:0')"
3e085733-b181-244f-a5cd-8c6f9afc9257.jpg,3,true,"tensor([[298.3101, 148.5279, 525.5311, 352.2654],
        [529.7078, 301.6436, 574.9283, 412.4439],
        [246.6279, 152.4401, 513.1053, 354.9349]], device='cuda:0')"
c953e0ac-a701-d6ef-2b4e-ca379b3b3e5c.jpg,3,true,"tensor([[513.9982, 194.7511, 574.9034, 423.4871],
        [ 82.4022, 193.5234, 119.9815, 316.5831],
        [121.1653, 192.0809, 493.9716, 377.0368]], device='cuda:0')"
81edce12-936b-3b96-7975-dbf5f69ba1a6.jpg,1,true,"tensor([[267.3631, 178.2683, 430.2170, 389.5457]], device='cuda:0')"
fee11c10-aa5d-35a7-9e84-20bfb96c47d0.jpg,2,true,"tensor([[365.0281, 170.4084, 528.9550, 303.2824],
        [121.2622, 139.9483, 311.0102, 295.0135]], device='cuda:0')"
b682dabd-8b09-5c2c-44d4-2e5dde232ff9.jpg,3,true,"tensor([[353.4536, 144.0617, 572.3533, 291.4455],
        [ 82.2192, 112.2950, 162.7916, 270.6503],
        [139.2255, 115.0368, 482.6895, 312.1071]], device='cuda:0')"
dd0e0bff-a03c-b039-02d2-40864f648061.jpg,5,true,"tensor([[412.7719, 254.6864, 511.3823, 308.5520],
        [ 81.9216, 259.5688, 150.2876, 314.8784],
        [384.8323, 252.8681, 493.7841, 310.8573],
        [384.7497, 280.9332, 417.5679, 310.8575],
        [265.7552, 266.4369, 385.6036, 317.4999]], device='cuda:0')"
2858d15b-6560-468c-e86b-1932333a0614.jpg,1,true,"tensor([[138.6568, 167.5397, 522.3450, 391.0985]], device='cuda:0')"
00496845-c758-8603-7805-c785f9f05c9a.jpg,3,true,"tensor([[514.5515, 212.2967, 574.9441, 349.3808],
        [232.6954, 103.9510, 575.1599, 384.2880],
        [236.3804, 139.6422, 452.1334, 391.7326]], device='cuda:0')"
1c5b916b-f5fc-48c6-f9b7-3457c0ce855f.jpg,1,true,"tensor([[245.7337, 142.1239, 488.6191, 349.3961]], device='cuda:0')"
81c17434-e2e9-133b-a63e-44435eaa5b35.jpg,1,true,"tensor([[281.2730, 130.7590, 452.3560, 363.3085]], device='cuda:0')"
5205f74c-be29-0aa5-0341-df3ff2c1e54a.jpg,4,true,"tensor([[527.5353, 115.5551, 575.0243, 234.8182],
        [438.2333, 173.7088, 574.2806, 316.4159],
        [280.4508, 165.6876, 323.4651, 191.2495],
        [122.8951, 113.2298, 512.6983, 395.1041]], device='cuda:0')"
b8c41698-63a2-379d-c3bc-de6a222bf26c.jpg,1,true,"tensor([[294.5218, 150.3506, 381.9795, 313.9620]], device='cuda:0')"
9b571253-bfaa-08eb-3cfb-8138717c37a1.jpg,1,true,"tensor([[262.7061, 256.2833, 330.6367, 292.8111]], device='cuda:0')"
63188cc5-8ecc-d62d-f79c-a9595c977ff4.jpg,2,true,"tensor([[117.7040, 202.8979, 374.9880, 334.7564],
        [532.1427, 158.7938, 575.1273, 280.4480]], device='cuda:0')"
6b19dcfc-5113-a54c-9f41-a175ff6a4f8b.jpg,1,true,"tensor([[102.2029, 111.1084, 450.6827, 336.4487]], device='cuda:0')"
edf93f92-7102-7aff-b268-32dc724607bc.jpg,9,true,"tensor([[236.1117, 212.0331, 269.5249, 229.7257],
        [469.5883, 177.7592, 488.4280, 191.5677],
        [372.9133, 174.8018, 384.2383, 186.0719],
        [134.5654, 224.6860, 158.7930, 245.9656],
        [182.8651, 221.3770, 206.4149, 239.9581],
        [426.8602, 175.1258, 446.2949, 190.2265],
        [413.1660, 178.6362, 430.2416, 191.9979],
        [387.8978, 177.5877, 398.7046, 188.1362],
        [447.3198, 177.0611, 469.5483, 190.2565]], device='cuda:0')"
83afb00b-07f1-5b78-2961-7aa6192bdfe0.jpg,4,true,"tensor([[525.7855, 156.1967, 574.5645, 203.1547],
        [449.8996, 190.0851, 574.4030, 296.4568],
        [139.4080, 197.2464, 351.8110, 312.2923],
        [290.4211, 183.1815, 462.1970, 304.0141]], device='cuda:0')"
fac6d5ed-7564-72f7-8cc4-d72100bcd073.jpg,2,true,"tensor([[190.6093, 112.9245, 400.9588, 327.0434],
        [370.0183, 280.7725, 386.1696, 319.2445]], device='cuda:0')"
4304b210-cfba-b0f2-c985-c1b789bdbdae.jpg,1,true,"tensor([[ 82.6464,  67.6576, 510.1602, 324.6977]], device='cuda:0')"
7f69e747-f6ad-f110-f707-b22474ce485e.jpg,2,true,"tensor([[134.9121,  59.5057, 484.8629, 356.9810],
        [265.6030,  57.9727, 400.8260, 127.2538]], device='cuda:0')"
1b62bda6-7a91-2a73-f13f-1cdc1ec3b29a.jpg,6,true,"tensor([[447.8441,  63.7887, 459.0756,  77.9029],
        [480.3156,  64.1400, 491.1500,  77.5585],
        [272.3721,  60.4102, 286.0251,  77.1369],
        [214.2313, 109.1420, 564.4327, 275.8134],
        [337.1069,  63.3256, 347.9674,  76.8208],
        [356.3605,  58.4270, 368.7110,  75.3146]], device='cuda:0')"
1f2b1bfb-8b7e-bce0-e552-748649b2da00.jpg,3,true,"tensor([[291.2719, 178.9988, 482.3835, 270.1976],
        [162.3273, 195.0414, 190.1510, 250.2446],
        [187.1017, 159.2712, 350.1514, 247.9812]], device='cuda:0')"
008465bd-f70f-595a-5497-6c1a0f54612b.jpg,3,true,"tensor([[476.2763, 187.2449, 574.7480, 305.8441],
        [552.8110, 196.6340, 574.9950, 272.4113],
        [190.2625, 152.1899, 472.1622, 299.9182]], device='cuda:0')"
2b2dac52-f43f-c67e-1c3a-24bd9a5c71bb.jpg,1,true,"tensor([[148.8351, 100.5445, 486.2311, 368.8481]], device='cuda:0')"
cdb53a4f-6a4e-44ee-220c-edc6b831761e.jpg,3,true,"tensor([[560.3290, 229.7889, 575.3116, 381.1819],
        [ 82.6310, 143.6641, 535.5625, 325.7029],
        [ 82.0048,  92.1737, 227.7088, 271.1729]], device='cuda:0')"
d6f6b7e7-5d30-cc97-5fab-023fe0f5ebe2.jpg,1,true,"tensor([[117.4037,  92.1549, 573.8514, 425.9174]], device='cuda:0')"
8daccbe0-a990-fc6a-1f2d-a4fb806a13a0.jpg,3,true,"tensor([[122.0650, 108.7470, 222.4099, 351.7922],
        [331.1327,  79.2824, 465.5447, 194.4507],
        [182.4368,  81.1622, 339.7083, 307.6293]], device='cuda:0')"
95a0eb15-acc0-1b1f-a3a2-2387e77293c8.jpg,1,true,"tensor([[ 95.8305, 103.4945, 574.8845, 421.1863]], device='cuda:0')"
31d88635-ca83-e362-2354-b5cd417fa4e4.jpg,1,true,"tensor([[112.2128, 123.3904, 442.5333, 424.9202]], device='cuda:0')"
7e47b44a-13f8-16b6-6ee2-ddbc3a77bfaf.jpg,2,true,"tensor([[280.8093,  86.2968, 286.5841,  98.5463],
        [281.7599, 160.8855, 377.5493, 364.1604]], device='cuda:0')"
dfd5caf8-7a10-d9b4-27bf-3b2cbfea84b2.jpg,4,true,"tensor([[ 99.3584, 157.0003, 172.4585, 276.5329],
        [ 82.1407, 159.7612, 113.8390, 300.1219],
        [368.3737, 104.9041, 463.3159, 300.1885],
        [124.1379, 128.1932, 475.7994, 402.2473]], device='cuda:0')"
696b528f-a816-ce6f-8b84-87085b437988.jpg,3,true,"tensor([[ 82.2643, 109.4484, 413.4183, 372.1325],
        [128.6123,  57.8837, 177.4804,  80.9218],
        [229.8880, 114.7496, 505.7328, 358.1412]], device='cuda:0')"
ac5a5628-69eb-505b-2f6c-b3508aedc8a1.jpg,1,true,"tensor([[297.6912, 248.7561, 379.8838, 305.9770]], device='cuda:0')"
e6f864d3-8771-d85f-9204-c03170657e84.jpg,1,true,"tensor([[194.5330,  58.6777, 428.9862, 332.6454]], device='cuda:0')"
69035cb3-e260-58c8-f00c-c043bf8d683e.jpg,5,true,"tensor([[303.9301, 261.9209, 397.7701, 312.7479],
        [428.1685, 271.9330, 514.5048, 320.3448],
        [150.1128, 254.1334, 232.8690, 313.0530],
        [280.9520, 263.6511, 370.0041, 313.7416],
        [406.7706, 285.0491, 454.0350, 316.3542]], device='cuda:0')"
c912c651-6fab-de9e-1ebe-6a41c5042aae.jpg,3,true,"tensor([[312.1880, 217.0170, 466.7651, 383.9937],
        [188.8883, 231.0183, 313.2482, 382.2995],
        [213.5019, 212.1176, 358.2094, 368.5610]], device='cuda:0')"
467e68fc-5f7a-7537-d34e-24246f8ef18a.jpg,2,true,"tensor([[127.0554, 118.2432, 516.3995, 385.0512],
        [ 82.4315, 160.3529, 125.1320, 229.3588]], device='cuda:0')"
68bd41c4-4311-2b71-3701-737cc9bfa1c3.jpg,1,true,"tensor([[204.9767, 162.0578, 405.3275, 293.8416]], device='cuda:0')"
fb8bab66-a47d-2226-0f10-6bfe4cfc332b.jpg,1,true,"tensor([[ 95.6861, 101.9748, 533.4024, 363.6152]], device='cuda:0')"
9f6a05c3-ec49-ddb1-e1e5-b39a8e7aed82.jpg,9,true,"tensor([[512.0121, 121.2340, 540.1204, 146.8734],
        [ 82.0913,  59.2816, 116.7028, 108.4276],
        [125.0282,  88.9386, 228.0273, 277.4969],
        [ 82.2101, 106.8106, 129.4658, 283.5244],
        [129.2998, 114.3826, 499.2038, 368.0743],
        [478.4174, 119.0617, 510.6416, 146.5644],
        [115.0143,  78.7215, 247.9085, 125.2123],
        [554.0492, 121.9252, 574.5887, 147.4299],
        [443.2603, 116.8767, 458.7796, 128.9290]], device='cuda:0')"
403eff5c-7a7d-7a21-5ed2-e68e733bfb1b.jpg,1,true,"tensor([[406.4141, 207.9171, 574.3377, 426.2833]], device='cuda:0')"
0c080240-2000-6d86-230f-5cddac7b9f6a.jpg,3,true,"tensor([[368.7690, 276.1773, 428.0171, 327.0474],
        [194.5047, 276.0695, 255.1441, 326.2383],
        [298.1255, 281.2764, 348.8588, 324.4799]], device='cuda:0')"
b1373c15-7945-d8a7-7cc1-22b7e3631b16.jpg,1,true,"tensor([[121.0417, 101.7872, 474.5164, 349.9730]], device='cuda:0')"
689e3026-1cff-4740-d381-0eeaa844bc94.jpg,1,true,"tensor([[136.2901, 126.5645, 463.2387, 321.2458]], device='cuda:0')"
f7ccafc6-c15b-3c49-8af7-c49838c5b246.jpg,2,true,"tensor([[311.3547, 127.7156, 505.1534, 417.8970],
        [100.4192,  88.8458, 429.2212, 425.9771]], device='cuda:0')"
8e7aa78b-d0d0-a59e-5f6b-3934035c083c.jpg,3,true,"tensor([[336.1123, 125.4924, 551.7871, 341.5318],
        [ 82.7428,  98.3123, 497.8367, 333.4560],
        [502.4904, 132.7314, 575.0857, 345.1025]], device='cuda:0')"
b051dc90-0fe6-9de7-896a-86c767397daf.jpg,3,true,"tensor([[461.8114,  81.9004, 574.6487, 426.2920],
        [ 82.0085,  58.0191, 178.7331, 160.1631],
        [ 83.2312,  58.4801, 536.3294, 426.2539]], device='cuda:0')"
a1b067a0-9877-c10d-eae4-365515648e68.jpg,1,true,"tensor([[162.4382, 159.1034, 394.0873, 327.4220]], device='cuda:0')"
f667014e-3f05-7542-7d9f-2eccb06e8126.jpg,3,true,"tensor([[261.3058, 143.9847, 400.8292, 244.3425],
        [ 82.0167, 161.9639, 185.2459, 259.5226],
        [287.4310, 148.8108, 400.9415, 252.7045]], device='cuda:0')"
5d5a349a-9002-e458-bca0-47e26500fe69.jpg,3,true,"tensor([[334.0670, 216.0757, 491.4367, 343.8752],
        [ 82.5064, 158.1275, 113.1286, 194.1562],
        [281.6194, 213.1596, 363.6312, 329.1448]], device='cuda:0')"
4081e3f7-7f79-8f5c-349d-576ff640a03d.jpg,1,true,"tensor([[232.8253,  58.3189, 448.7342, 355.5975]], device='cuda:0')"
2042e26b-9178-2bf0-9818-a93f5050c26b.jpg,2,true,"tensor([[ 82.3090, 114.7910, 175.0238, 252.2829],
        [130.9989, 141.5588, 429.5204, 302.5499]], device='cuda:0')"
3f0491fe-1cf8-01fb-694c-8c873ea78c5d.jpg,6,true,"tensor([[234.5047, 148.9359, 549.1396, 368.8743],
        [210.2677, 135.6776, 487.8227, 272.4500],
        [548.8226, 168.9279, 574.9634, 249.6763],
        [ 82.0291, 169.6456, 201.9074, 253.7377],
        [209.6045, 169.2271, 392.1581, 272.2116],
        [356.3432, 133.9699, 488.4145, 180.1181]], device='cuda:0')"
4cfeda4d-d3cd-6812-e11c-0aa032f0a607.jpg,1,true,"tensor([[375.1982, 244.4498, 385.4523, 261.8275]], device='cuda:0')"
91d038d1-66ad-3a59-5ccb-377903ba1743.jpg,1,true,"tensor([[138.2766, 176.4154, 427.1227, 307.7797]], device='cuda:0')"
6888ec05-b769-4944-0c3d-b7c5f356e9ef.jpg,1,true,"tensor([[114.6615, 111.7176, 451.5928, 357.7126]], device='cuda:0')"
2b046aa7-afc9-4aa0-e8d5-1085b72a3f31.jpg,1,true,"tensor([[ 81.9853, 195.0638, 312.7407, 331.1337]], device='cuda:0')"
52f4b0ae-6355-6816-876e-9f322224826e.jpg,3,true,"tensor([[185.9030, 178.6902, 448.5255, 342.3367],
        [452.1268, 217.3076, 574.7775, 405.5838],
        [426.9303, 195.1729, 574.5198, 364.3348]], device='cuda:0')"
39403897-8f5a-dd10-ef2c-8418dc395642.jpg,3,true,"tensor([[463.5519, 216.1156, 566.1277, 368.8172],
        [194.3483,  65.0671, 351.7310, 413.3180],
        [340.6724, 307.6995, 401.7232, 383.9195]], device='cuda:0')"
82461276-b4d6-f682-7901-726c06aceb6c.jpg,1,true,"tensor([[ 82.4699, 118.3204, 485.6234, 354.1058]], device='cuda:0')"
6aac3217-2c3e-3899-a670-96779710fbe0.jpg,1,true,"tensor([[229.0822, 217.4195, 521.3146, 395.2046]], device='cuda:0')"
0e5b071c-76c6-31a5-dfde-484369d887fa.jpg,2,true,"tensor([[274.0699, 263.5644, 340.2841, 386.1371],
        [269.8077, 256.0251, 347.0305, 350.2167]], device='cuda:0')"
73881981-a113-868b-ba79-55396d432400.jpg,1,true,"tensor([[308.5276, 167.1863, 459.3227, 399.9267]], device='cuda:0')"
6aea9d2a-c82b-762e-1572-68cee56af274.jpg,4,true,"tensor([[536.4331, 262.5628, 574.4138, 301.0762],
        [ 82.0020, 179.8258, 163.9964, 378.2319],
        [ 81.8202, 159.5270, 223.9484, 390.4840],
        [157.6502, 189.4943, 490.4284, 401.8490]], device='cuda:0')"
a4262420-5243-9b19-043a-f792bdbd1b4a.jpg,1,true,"tensor([[159.7654, 119.5117, 390.2441, 320.1358]], device='cuda:0')"
d8192c83-2f8e-6a51-89de-926afd0e88bc.jpg,1,true,"tensor([[176.0192, 119.3703, 499.0306, 324.5496]], device='cuda:0')"
b18093e2-8be7-01fc-a0db-adbea52983e8.jpg,0,false,"tensor([], device='cuda:0', size=(0, 4))"
84b0aa53-599e-90f6-fc87-d3d9442b977a.jpg,4,true,"tensor([[473.9868, 235.5091, 557.6716, 339.6890],
        [177.3031, 267.0177, 262.7531, 311.3365],
        [ 93.5641, 183.7453, 192.1640, 297.5823],
        [246.7703, 271.6967, 393.1678, 322.6234]], device='cuda:0')"
d4a49338-81e1-004f-af5c-1d05b9235160.jpg,5,true,"tensor([[ 91.2119, 126.7993, 110.3729, 139.7650],
        [125.8765, 127.8108, 136.9209, 138.9251],
        [110.6305, 131.9130, 119.5954, 140.7105],
        [110.1748, 121.4974, 505.4178, 363.6236],
        [138.6726, 127.3167, 146.5442, 137.4609]], device='cuda:0')"
f92596f7-7815-1f4b-b16c-5b0fe99b03cf.jpg,1,true,"tensor([[271.1579, 166.2602, 462.1629, 319.7277]], device='cuda:0')"
0fac6790-8ef3-b2a1-686d-20e471ab2283.jpg,1,true,"tensor([[194.2543, 106.4230, 479.1257, 335.9684]], device='cuda:0')"
020d6e35-a7fb-7bcd-2c96-285aa59709e2.jpg,3,true,"tensor([[341.5804, 254.4589, 530.7990, 402.5626],
        [117.2224, 251.1541, 262.2097, 381.0597],
        [251.1986, 229.0692, 448.2473, 406.7536]], device='cuda:0')"
af42425b-8f2e-9390-32eb-ca5799e0b024.jpg,2,true,"tensor([[456.5495, 142.6954, 575.2009, 383.3453],
        [275.8707, 129.8981, 474.2162, 326.3426]], device='cuda:0')"
c6e40868-0db7-c1a8-7bf5-966c1182ca39.jpg,1,true,"tensor([[160.5369, 122.9861, 500.4143, 416.3071]], device='cuda:0')"
2941a03a-822a-aa18-fde2-32354a542448.jpg,1,true,"tensor([[173.7763, 119.0978, 442.6561, 345.5462]], device='cuda:0')"
ec7cf18a-e384-0f11-f4f8-b2927c0a6fe1.jpg,1,true,"tensor([[166.8973, 116.3129, 452.9239, 342.7081]], device='cuda:0')"
12201e2e-403f-1df4-3147-d2f0008fc834.jpg,1,true,"tensor([[132.2311,  80.7514, 516.0187, 403.8837]], device='cuda:0')"
997adccd-0b28-94fd-c08e-1065fc571b6c.jpg,3,true,"tensor([[540.5264, 151.7086, 574.8906, 312.0585],
        [ 82.4645, 168.9961, 154.4871, 314.3774],
        [152.5604, 129.3125, 553.6268, 354.6002]], device='cuda:0')"
198ea15e-9064-5e23-b6a3-45784e0ea52c.jpg,2,true,"tensor([[311.6786, 114.4669, 560.1461, 404.1108],
        [551.9868, 146.5276, 574.9208, 215.0606]], device='cuda:0')"
8c944760-60e2-0fdc-8eeb-caa789b4a338.jpg,1,true,"tensor([[207.7492, 189.5225, 445.2513, 308.8941]], device='cuda:0')"
9bd6b20b-532c-8ce0-9572-79678fae9dcb.jpg,5,true,"tensor([[457.0113, 188.8624, 574.5345, 318.0762],
        [477.2820, 190.1323, 574.8412, 317.1057],
        [ 82.2752, 134.5912, 187.0851, 240.4337],
        [ 82.0891, 151.2883, 210.7797, 279.3937],
        [211.4878, 159.7877, 468.7689, 300.0371]], device='cuda:0')"
25491b52-f19c-c18b-c693-4632d84e5af1.jpg,1,true,"tensor([[224.1786, 124.3514, 352.2758, 258.8972]], device='cuda:0')"
fa0b5dab-5413-c688-ce74-1d376cb6e077.jpg,1,true,"tensor([[ 84.7562,  76.6859, 550.8469, 381.6251]], device='cuda:0')"
d7c67420-0579-2b2b-4b7b-5f17e9525417.jpg,1,true,"tensor([[194.0410, 110.9227, 544.6523, 317.2000]], device='cuda:0')"
143688a3-7895-f022-e194-7cb017e3e33f.jpg,2,true,"tensor([[381.3196, 276.5075, 510.2128, 426.5133],
        [ 82.1331, 271.2357, 224.5721, 425.5460]], device='cuda:0')"
aeb850d1-ec22-eb2f-baa3-383a36fe01df.jpg,1,true,"tensor([[260.8904, 177.2061, 444.6867, 381.8139]], device='cuda:0')"
6eb00ff7-94ee-dfdd-e29c-d8aacf9aa974.jpg,1,true,"tensor([[122.9705, 161.1640, 546.8605, 374.8976]], device='cuda:0')"
b9d88dd0-1c6c-3e56-ead3-d0a4b1123c77.jpg,1,true,"tensor([[176.1970,  84.7754, 435.5694, 359.4600]], device='cuda:0')"
306b3f81-81af-3906-e1d0-c32c4ce9b208.jpg,3,true,"tensor([[522.7617, 132.6955, 574.8774, 266.8748],
        [ 82.3101, 157.2579, 143.9374, 269.3908],
        [203.7677, 145.9976, 439.9611, 293.1034]], device='cuda:0')"
0fa22c1c-ff66-e862-0c75-7fcd133ed7d1.jpg,1,true,"tensor([[189.2161,  88.5401, 324.2731, 389.4597]], device='cuda:0')"
1fb8d1b1-c841-4477-dbc3-48da15e4adf8.jpg,3,true,"tensor([[545.1131, 123.2577, 574.7779, 175.0630],
        [136.7364, 124.4999, 201.4223, 166.5775],
        [122.0524, 125.2524, 555.5646, 379.7764]], device='cuda:0')"
cbb14659-7083-a357-d36c-a7baadb3f7dd.jpg,2,true,"tensor([[332.8975, 248.7350, 499.6894, 324.8649],
        [151.9771, 222.6078, 310.5987, 325.4748]], device='cuda:0')"
4971164e-77d6-2e6a-f4ef-1c3897783da8.jpg,2,true,"tensor([[501.2799, 220.7616, 574.8867, 358.9920],
        [227.8925, 192.6726, 459.0450, 308.5442]], device='cuda:0')"
80a371c4-bcfa-38e9-25b5-bacf3a8564df.jpg,5,true,"tensor([[ 82.1007, 231.8783, 124.5598, 289.2860],
        [ 82.0400, 205.9429, 140.8453, 288.5050],
        [ 82.4863, 205.7397, 142.1946, 234.6447],
        [120.4862, 185.1318, 452.6851, 352.8653],
        [226.8040, 187.1330, 426.3433, 351.6980]], device='cuda:0')"
7703935c-026f-88af-4ae7-0cf2baa6efa7.jpg,1,true,"tensor([[177.4011, 106.7663, 438.4806, 369.0102]], device='cuda:0')"
8f2fdfa8-641f-99e8-acc6-952b2d259d4d.jpg,2,true,"tensor([[382.6622, 247.2888, 479.3547, 320.0443],
        [ 82.0054, 225.8735, 194.3411, 316.1432]], device='cuda:0')"
30af2233-5ecd-f969-c12d-1bf21e3e1b4d.jpg,1,true,"tensor([[227.9003, 157.2050, 454.3130, 400.2421]], device='cuda:0')"
d72a0ce2-1b95-c132-da30-4ac0ba631b6b.jpg,1,true,"tensor([[191.9724, 172.9371, 557.1911, 361.3947]], device='cuda:0')"
61ed9379-ab01-cb1b-6c40-20ac2e25fc5b.jpg,1,true,"tensor([[153.4061, 110.0280, 467.6425, 362.8886]], device='cuda:0')"
15ceced5-c5fc-d6e3-2a16-a7b227c54100.jpg,3,true,"tensor([[438.5738, 201.9341, 574.4589, 307.7559],
        [ 82.2120, 177.8424, 153.4428, 290.1471],
        [236.5302, 188.0948, 499.0433, 314.2510]], device='cuda:0')"
8600b58e-d6b8-16dd-6f55-a2b4ca19b630.jpg,5,true,"tensor([[132.7637, 166.4064, 331.6401, 284.3923],
        [464.2152, 257.3204, 542.7908, 281.6176],
        [ 82.2262, 160.4536, 262.8721, 287.4839],
        [162.4507,  57.9991, 196.4595,  69.7568],
        [291.6962, 178.7935, 459.8536, 281.0687]], device='cuda:0')"
3df3f32b-5c94-e9ef-c05f-945ccd079cb2.jpg,1,true,"tensor([[191.4339, 156.5268, 440.6444, 386.6610]], device='cuda:0')"
c1717487-38d9-6270-ea4d-b176f70697e9.jpg,5,true,"tensor([[475.7784, 145.6480, 574.7568, 301.7881],
        [140.4669, 114.9184, 161.5360, 137.4356],
        [ 82.0795, 105.7679, 147.6151, 174.7849],
        [422.0856,  94.1697, 474.7934, 135.1885],
        [144.8492, 115.6151, 468.3633, 302.4096]], device='cuda:0')"
1f9655e1-8252-84c8-b944-473336ea3b27.jpg,2,true,"tensor([[269.7733, 186.1115, 519.4966, 359.5102],
        [ 82.8744, 161.4294, 346.7219, 345.0364]], device='cuda:0')"
79560c1e-0dcd-5400-8450-aa8f71d57fba.jpg,1,true,"tensor([[253.4855, 110.4468, 512.4277, 314.1521]], device='cuda:0')"
6a8ba080-e4e5-0a5c-7dce-50dda29a4ff3.jpg,2,true,"tensor([[ 81.7969, 135.7596, 308.5176, 325.5044],
        [165.6501, 143.1023, 558.1743, 353.1303]], device='cuda:0')"
d82343d8-638b-4c45-1efa-a1b6aa7334f6.jpg,0,false,"tensor([], device='cuda:0', size=(0, 4))"
7595dd1d-e860-d186-7b58-e7a46333281b.jpg,2,true,"tensor([[ 81.9117,  83.0079, 152.9303, 262.1140],
        [100.8124, 118.0558, 491.7847, 328.3013]], device='cuda:0')"
c9696afe-5932-d98e-4540-1a7cd667cd90.jpg,1,true,"tensor([[216.0094,  89.3404, 404.6211, 426.2551]], device='cuda:0')"
4200bbd2-c8d7-cb54-34e6-408565ea2104.jpg,2,true,"tensor([[278.1875, 171.8311, 382.8397, 367.9109],
        [438.3261, 291.4327, 446.4496, 300.5883]], device='cuda:0')"
0735ef96-8faf-e08f-b807-0b1ddad902c5.jpg,1,true,"tensor([[263.1818,  65.1405, 412.9553, 413.2754]], device='cuda:0')"
356d0024-ca6f-c4df-1909-87b5915516bb.jpg,1,true,"tensor([[169.0873,  59.2882, 508.4496, 305.6285]], device='cuda:0')"
171054e4-756f-f6fa-6dc7-e5e6998961f9.jpg,1,true,"tensor([[262.1606, 106.5220, 437.0374, 345.3245]], device='cuda:0')"
933a8205-0898-48b8-56d1-06b0bfee51d6.jpg,3,true,"tensor([[ 88.6452,  89.7577, 362.9848, 300.1775],
        [ 81.7626, 111.1345, 150.4196, 284.3665],
        [138.3993, 109.3523, 453.3000, 305.0138]], device='cuda:0')"
e618ce03-3048-4471-90aa-5b55e9730a9f.jpg,2,true,"tensor([[542.1505, 249.5028, 574.6589, 288.7958],
        [270.1220, 202.9072, 536.4721, 378.5322]], device='cuda:0')"
ebeb2aa7-6d57-d7bb-30b7-8251aef71a73.jpg,2,true,"tensor([[ 81.9133, 122.9374, 265.5942, 308.1449],
        [174.1121, 157.1366, 413.9275, 351.6818]], device='cuda:0')"
98472fbc-c3e2-361a-8aa1-022335066933.jpg,1,true,"tensor([[217.0402, 168.4899, 378.2595, 342.2806]], device='cuda:0')"
e977e16a-91ec-0850-e754-e982d5873d91.jpg,1,true,"tensor([[ 82.8118, 101.4017, 499.5078, 357.2030]], device='cuda:0')"
a8cf0f2b-385d-36cd-09d8-6705edf2eb5d.jpg,2,true,"tensor([[446.9235, 150.8914, 574.7760, 352.1664],
        [168.8280, 137.6750, 497.9918, 334.9117]], device='cuda:0')"
2fd73ed3-85bc-4411-12bb-94d591c69263.jpg,1,true,"tensor([[115.7770, 192.8632, 488.5150, 411.4667]], device='cuda:0')"
67f7ff54-b54e-17f7-c42a-b73d6cf58f92.jpg,1,true,"tensor([[124.1098, 145.3459, 444.5957, 303.1409]], device='cuda:0')"
fc39f534-f19f-06a8-93d2-3dbd22927a7c.jpg,1,true,"tensor([[218.6803, 192.7796, 446.5385, 319.2008]], device='cuda:0')"
bc02146e-fa14-7ff2-392d-d90a9047f87f.jpg,1,true,"tensor([[272.1784,  99.6502, 417.8337, 422.9891]], device='cuda:0')"
9140babf-9757-f902-9783-46f74288af9c.jpg,1,true,"tensor([[309.7295, 163.1890, 491.4941, 313.2852]], device='cuda:0')"
09429c99-a603-91e9-5b66-365e5924f1cf.jpg,2,true,"tensor([[376.8218, 202.1268, 433.9776, 223.8161],
        [293.2258, 201.9542, 343.4816, 223.1788]], device='cuda:0')"
92619b78-2470-9781-9f6f-64285ca6f73e.jpg,1,true,"tensor([[239.6326,  99.1985, 432.9108, 384.4904]], device='cuda:0')"
dba6c200-e39b-522b-cfc7-7fb0bdfab60c.jpg,1,true,"tensor([[186.8607, 184.3609, 448.5708, 361.9897]], device='cuda:0')"
f38607a3-5bcd-096a-c928-c909f1d0ba3e.jpg,2,true,"tensor([[153.4292,  94.6896, 182.9431, 185.3771],
        [224.9283, 211.7780, 474.0363, 365.1181]], device='cuda:0')"
484df371-bc91-faaa-7ea6-e6fc50d61cfd.jpg,3,true,"tensor([[460.4467, 134.1576, 541.4812, 170.8813],
        [356.8962,  84.1279, 483.1055, 245.0974],
        [172.4385, 222.8397, 349.9788, 395.0762]], device='cuda:0')"
3c4debcf-e18a-c0f9-7415-8403ad1cd8d9.jpg,1,true,"tensor([[104.8348, 105.4444, 533.4771, 406.5397]], device='cuda:0')"
a68c4d16-d1d5-e3a6-c2e8-af8e6a024b62.jpg,1,true,"tensor([[154.1511, 180.0134, 408.0679, 329.6702]], device='cuda:0')"
c02e7dd5-8f83-fbf9-0897-3f3d5a4d2223.jpg,2,true,"tensor([[453.6599,  58.6743, 574.6314, 290.2924],
        [ 82.7488, 121.6027, 533.2566, 397.5382]], device='cuda:0')"
b2a31e47-20c5-a222-45bd-7efd484b5420.jpg,2,true,"tensor([[473.7834, 129.6927, 574.5820, 401.4174],
        [217.1702, 109.3508, 484.8762, 398.8802]], device='cuda:0')"
9351a181-1792-789f-7edc-25972688da78.jpg,4,true,"tensor([[362.9727, 176.0867, 549.9290, 352.3661],
        [ 82.0323, 111.4211, 171.2947, 219.2698],
        [215.4454, 133.5078, 501.0614, 296.1157],
        [165.6247, 125.1816, 386.4113, 285.7259]], device='cuda:0')"
090fddd2-c0ec-6cbd-1982-dd95ae874d42.jpg,2,true,"tensor([[ 82.1691, 177.0592, 171.4172, 282.4697],
        [136.9275, 150.0195, 524.4090, 398.2733]], device='cuda:0')"
e4987842-3772-2132-1113-c85bf2426091.jpg,3,true,"tensor([[112.5683, 125.8448, 431.0931, 390.2601],
        [459.1652, 145.2163, 574.9818, 382.2008],
        [185.3755, 100.4425, 526.4948, 357.1481]], device='cuda:0')"
601a59e7-1d3c-7af9-6dd6-3aadfb8b605c.jpg,2,true,"tensor([[147.0816, 142.7554, 482.6150, 362.3589],
        [ 82.2493, 103.7323, 185.3536, 281.7892]], device='cuda:0')"
7fc8fda1-7728-122a-4421-e483d27f77df.jpg,1,true,"tensor([[ 81.7002, 120.0153, 553.8874, 376.1559]], device='cuda:0')"
936e4f50-a9f9-b8b5-b115-dbf5af0d8284.jpg,1,true,"tensor([[179.0235, 135.5600, 437.9678, 360.9596]], device='cuda:0')"
c35e17d6-54f2-3f17-56cd-ad1349a6b3e2.jpg,2,true,"tensor([[176.8418, 146.1512, 235.4240, 183.6432],
        [217.6990,  91.6399, 425.8971, 339.6251]], device='cuda:0')"
37e47d61-29c5-fe73-0eb0-269d41646382.jpg,10,true,"tensor([[528.3000, 135.7313, 547.0980, 147.0485],
        [173.1024, 201.6264, 343.8055, 301.5814],
        [ 82.2675, 186.2257, 100.4707, 207.6448],
        [535.3280, 195.9015, 575.0037, 271.7125],
        [238.2610, 197.7699, 382.7821, 297.2643],
        [151.0886, 187.2869, 164.4643, 213.2036],
        [ 89.0558, 185.9145, 115.5661, 210.7556],
        [162.1285, 187.9045, 176.0963, 214.2846],
        [398.9249, 201.4053, 521.2924, 288.7189],
        [327.4091, 199.4476, 465.7094, 292.9862]], device='cuda:0')"
224b9591-b457-67a7-0be8-f615ad9c5b2d.jpg,4,true,"tensor([[263.8893, 294.9824, 308.7713, 316.7515],
        [226.7483, 296.0257, 245.7633, 315.8736],
        [332.0184, 293.0519, 374.5685, 315.3880],
        [425.6526, 300.4649, 451.8664, 313.8358]], device='cuda:0')"
11ab2a30-db79-ec09-1a8b-3f483e104a53.jpg,5,true,"tensor([[247.8793, 358.8262, 281.0632, 413.2834],
        [473.3438, 200.0841, 516.1545, 260.4374],
        [287.6256, 194.3761, 371.5862, 246.8549],
        [511.3406, 204.2672, 542.1393, 263.9030],
        [163.1710, 191.4052, 252.8724, 240.1251]], device='cuda:0')"
95ea7461-2e82-498f-ec13-e232aa779bbb.jpg,3,true,"tensor([[142.3071, 213.4060, 294.8462, 336.1466],
        [ 82.0483, 211.2081, 144.5129, 339.1834],
        [177.9768, 209.0345, 378.8875, 331.7162]], device='cuda:0')"
f72cb621-ece0-f3b7-df6d-bd5d030e397f.jpg,4,true,"tensor([[320.2178, 132.7665, 526.6786, 308.0046],
        [ 82.7665, 142.8952, 317.7603, 312.2633],
        [323.1883,  89.3472, 574.5224, 255.9582],
        [ 87.7344, 115.6432, 307.1740, 295.4126]], device='cuda:0')"
3934bdba-bf19-5e97-285b-067d0cd78059.jpg,2,true,"tensor([[120.0824, 252.8170, 176.3002, 372.5030],
        [167.7314,  60.3977, 370.9204, 374.4374]], device='cuda:0')"
00dc5daa-2f1c-61ca-8bcd-8f620f47ec56.jpg,4,true,"tensor([[182.9093, 240.8751, 398.4979, 384.6734],
        [424.2789, 264.4846, 572.3068, 390.4847],
        [ 82.0008, 235.9248, 173.7906, 396.9713],
        [283.1914, 261.3252, 457.7484, 401.4877]], device='cuda:0')"
c557efd5-20fe-7e7a-95d0-93f2b6a2c7ca.jpg,2,true,"tensor([[150.4473, 119.4706, 461.9093, 336.9403],
        [ 82.2526, 121.6218, 160.2002, 260.4183]], device='cuda:0')"
223f8c83-cdae-691f-b198-21c7c52470e4.jpg,1,true,"tensor([[144.7545, 159.9946, 458.8334, 333.7528]], device='cuda:0')"
51a7e641-46df-419a-3987-803565f49592.jpg,24,true,"tensor([[548.6801,  69.2465, 574.8654, 101.4298],
        [471.0607,  58.4794, 492.0372,  76.0749],
        [ 95.5032,  98.4169, 128.0141, 112.7738],
        [343.3019,  76.0673, 374.9213,  91.2675],
        [486.5317,  79.5759, 522.3514, 100.8121],
        [500.0034, 116.1226, 541.5802, 138.2840],
        [303.8120,  79.7014, 323.5428,  91.6327],
        [137.3473,  86.4086, 150.9210, 105.8897],
        [566.0977, 129.6381, 575.2978, 150.3476],
        [448.4929,  80.4922, 471.0782,  94.2342],
        [512.2242,  58.4834, 547.2667,  70.8987],
        [422.9225, 118.1037, 447.3805, 138.4839],
        [180.6238,  81.2738, 216.3067,  99.6261],
        [126.4845, 105.4603, 168.5685, 132.2742],
        [435.7793,  61.2411, 467.3798,  76.6697],
        [240.8113,  78.9353, 273.8453,  98.0697],
        [423.9136, 108.2494, 459.1129, 131.0274],
        [264.7534,  75.3068, 300.6067,  89.9249],
        [566.8756,  87.0250, 575.2713, 102.9697],
        [474.8357, 107.9357, 512.4290, 133.4540],
        [ 84.6361, 134.0809, 573.0016, 404.6990],
        [458.0341, 108.5396, 478.5379, 133.1512],
        [384.7668,  83.3296, 428.7572, 117.9914],
        [101.4924, 150.4742, 147.8994, 179.1791]], device='cuda:0')"
698dfe73-eb69-f86f-5880-2a7b783ce71d.jpg,4,true,"tensor([[453.3358, 143.9802, 466.9417, 167.1879],
        [379.2111, 246.3835, 423.3025, 306.8588],
        [193.4166, 237.1896, 254.3636, 284.3331],
        [313.5304, 199.1885, 366.6534, 273.8177]], device='cuda:0')"
760312dc-b01f-a2ef-d232-40d7973251c2.jpg,2,true,"tensor([[503.2170, 252.2589, 526.8044, 275.6967],
        [433.1765, 253.2315, 440.1345, 272.3323]], device='cuda:0')"
19cdfd35-7ae4-caa2-65e5-ec68c135c282.jpg,2,true,"tensor([[310.4726, 213.4172, 513.3016, 365.3951],
        [107.6172, 210.8634, 364.2804, 363.2991]], device='cuda:0')"
55919855-87e6-1071-992c-3725c9bf4fa4.jpg,3,true,"tensor([[505.0633, 141.2336, 575.2123, 371.3730],
        [ 82.1619,  58.3857, 150.8226, 334.1701],
        [124.5190,  90.0429, 490.5326, 381.4122]], device='cuda:0')"
7f614e53-21c0-20e1-1903-481762351001.jpg,3,true,"tensor([[ 82.1238, 108.7871, 340.0045, 337.5162],
        [185.2019,  94.6173, 205.8914, 118.1928],
        [ 83.8066, 112.0116, 559.9270, 353.4805]], device='cuda:0')"
a302aebc-7fb3-2e67-bdc0-7b821d212d35.jpg,2,true,"tensor([[122.0045,  59.4222, 316.8983, 162.6589],
        [205.1798, 152.5712, 451.4109, 257.9812]], device='cuda:0')"
3d37e747-71d4-2080-a1d3-27c7bee8f1d4.jpg,2,true,"tensor([[ 81.4587, 100.8942, 359.8334, 362.0380],
        [136.0472,  84.6580, 574.7148, 398.8737]], device='cuda:0')"
4775a815-dccd-f6fb-fb12-fd41891da750.jpg,1,true,"tensor([[167.8942, 133.6059, 439.5305, 277.2251]], device='cuda:0')"
3e08d7f1-f91d-cee7-f067-03ff8a124604.jpg,2,true,"tensor([[202.8850, 198.7677, 337.8585, 242.2043],
        [198.9755, 204.0925, 475.9204, 326.8371]], device='cuda:0')"
f96f0006-379a-5509-fe75-cfcabc1fe9f7.jpg,0,false,"tensor([], device='cuda:0', size=(0, 4))"
2939a286-1912-c8c6-195b-c03e67fec665.jpg,1,true,"tensor([[152.9126, 240.3766, 473.3707, 386.7805]], device='cuda:0')"
1fd0f090-2b22-0a14-ae2e-2347f3828a9a.jpg,1,true,"tensor([[157.8481,  87.5066, 517.7982, 359.4353]], device='cuda:0')"
9e5a0580-ac4e-b0ad-0d4c-9c7e81eff32e.jpg,1,true,"tensor([[112.9625, 163.2960, 495.5811, 300.3210]], device='cuda:0')"
82692079-9d1a-f412-a440-de60c397ae58.jpg,3,true,"tensor([[481.8885, 137.3703, 575.6701, 377.9449],
        [441.2738, 221.3281, 574.9398, 378.7112],
        [221.7763, 112.6958, 538.4724, 338.8660]], device='cuda:0')"
6c006d49-01e7-f2d5-f613-277b22778c48.jpg,2,true,"tensor([[340.2496, 139.3653, 468.6052, 345.0443],
        [102.8764, 170.5185, 349.4097, 366.1809]], device='cuda:0')"
a3e06a38-7343-f49a-dfa7-3b44ef6b9ce1.jpg,1,true,"tensor([[252.8719, 120.0738, 427.0792, 304.5217]], device='cuda:0')"
8e0fc4d1-8dbc-4dc1-1a8f-0572fa8d2ed5.jpg,1,true,"tensor([[150.7057,  69.4103, 353.2568, 425.2176]], device='cuda:0')"
b56b151b-4bd6-901b-4c3f-7a986951863b.jpg,7,true,"tensor([[409.8635, 189.3611, 517.4775, 297.8091],
        [ 81.8459, 209.3849, 206.3488, 269.9547],
        [555.6030, 172.3504, 574.8731, 206.8285],
        [233.3443, 198.2645, 399.7958, 316.6356],
        [411.5128, 281.4095, 429.7924, 297.2409],
        [327.4010, 191.2048, 430.1247, 295.8611],
        [211.2220, 193.8994, 281.2299, 268.1334]], device='cuda:0')"
eee74be5-669c-169f-91b8-793f5a64c812.jpg,2,true,"tensor([[239.4850, 155.9630, 288.3744, 377.9138],
        [324.7430, 159.0426, 387.8548, 393.8593]], device='cuda:0')"
bf5f4fad-f021-87e4-8c1b-8f832f154f6a.jpg,2,true,"tensor([[518.1984,  59.5664, 574.9131, 339.6754],
        [134.6733,  74.6978, 536.5776, 340.2442]], device='cuda:0')"
b2dc6788-e3a6-185d-196d-780f717c7b1b.jpg,1,true,"tensor([[223.8524, 189.6174, 400.7933, 285.9704]], device='cuda:0')"
5a7332a7-0721-735d-9b4d-fad119827e0e.jpg,1,true,"tensor([[284.9283, 125.4750, 448.2509, 319.5624]], device='cuda:0')"
92591d0c-08c1-f935-443e-f97c9d11063f.jpg,1,true,"tensor([[288.5920, 144.8053, 476.7687, 349.8879]], device='cuda:0')"
db346516-d63f-f90f-b8ef-a2b3fb0c8fe7.jpg,3,true,"tensor([[ 82.5349, 157.4190, 348.1635, 341.9751],
        [ 82.3887, 158.3163, 447.6476, 341.5157],
        [257.6082, 162.9991, 447.5935, 326.1359]], device='cuda:0')"
2da7208f-caa3-4316-8c9f-1151be17e2aa.jpg,4,true,"tensor([[283.2592,  91.2569, 317.7540, 111.8902],
        [486.8717,  79.8702, 574.5986, 264.0643],
        [120.5940,  58.3843, 128.8179,  70.2206],
        [140.0424,  80.4962, 504.6558, 351.7083]], device='cuda:0')"
ba765cd0-4276-5cd3-470b-35401b54ab5a.jpg,3,true,"tensor([[ 82.8876, 331.2626, 411.2094, 426.8644],
        [ 82.0486, 346.1169, 153.3691, 426.7755],
        [159.7016, 166.6230, 533.5620, 345.9021]], device='cuda:0')"
4be1a353-92ab-bf9b-8487-42cf4c498297.jpg,9,true,"tensor([[ 82.1500, 172.8804,  95.8481, 184.3859],
        [276.2352, 185.1227, 479.5465, 322.4116],
        [166.6769, 175.6128, 178.1776, 185.2833],
        [271.4260, 177.9516, 286.9520, 184.0350],
        [192.2176, 209.3552, 235.6677, 328.7681],
        [348.9213, 192.0191, 356.9025, 201.6213],
        [348.8564, 189.8090, 391.8124, 205.2921],
        [218.7961, 176.6732, 237.6304, 185.7277],
        [369.3867, 189.5845, 392.1791, 206.1574]], device='cuda:0')"
53792bdb-16a2-db92-0483-d879991cef33.jpg,1,true,"tensor([[ 84.4993,  71.4866, 545.2286, 327.3072]], device='cuda:0')"
a114b5a4-ca82-ac2a-d43d-1bfa507907c0.jpg,1,true,"tensor([[248.0080, 141.3202, 370.1194, 267.4598]], device='cuda:0')"
22c4a123-c840-6e68-aa1b-249ab609aa7b.jpg,0,false,"tensor([], device='cuda:0', size=(0, 4))"
5d1c0f75-e438-1217-a364-81c1984a9f1c.jpg,1,true,"tensor([[171.0263,  60.1398, 441.1750, 377.3887]], device='cuda:0')"
2b21dc30-a8ea-46b5-be1f-6f3d471dd247.jpg,1,true,"tensor([[136.6609, 189.7041, 406.8992, 304.2780]], device='cuda:0')"
ec1ac4c0-3fd2-2f5f-8013-65275346507a.jpg,1,true,"tensor([[152.5544,  80.8608, 441.3705, 356.0232]], device='cuda:0')"
a3ce9d08-4d10-50b7-e294-a8556f8da1e1.jpg,7,true,"tensor([[536.4716,  64.6179, 564.9355,  84.4494],
        [ 82.0642,  75.3219, 143.9521, 128.8095],
        [251.8648, 149.4684, 530.7484, 386.9495],
        [140.2510, 127.5593, 432.3366, 360.3318],
        [254.7625,  78.4802, 286.0600, 127.7851],
        [203.6521,  66.1008, 279.1019, 126.2784],
        [566.0801,  63.6167, 575.1270,  78.2300]], device='cuda:0')"
52ab8f0b-58de-7302-8d94-8758ad3464be.jpg,4,true,"tensor([[298.4860, 146.8364, 574.6229, 366.6996],
        [150.2291, 169.2681, 208.5539, 212.0602],
        [116.8693, 136.1831, 543.5359, 400.8990],
        [297.4679, 166.5395, 366.4435, 192.1154]], device='cuda:0')"
88a703bf-a0d0-e3a6-70e8-4817fac3934d.jpg,2,true,"tensor([[ 82.2430, 250.8580,  99.9139, 312.1646],
        [200.5349, 166.0785, 471.7879, 312.2733]], device='cuda:0')"
462a57d1-c26b-7502-1ff8-c7f28e109ddc.jpg,1,true,"tensor([[250.8753, 170.5696, 334.4294, 360.8745]], device='cuda:0')"
f13ed7b5-be09-9eb4-a777-5ee21e009fe1.jpg,2,true,"tensor([[351.8357, 147.8520, 503.5154, 362.4807],
        [236.6771, 130.1151, 355.6376, 363.1639]], device='cuda:0')"
f1d8df1a-2c80-1e2a-39a9-8910caa4f623.jpg,2,true,"tensor([[165.0111, 186.2254, 429.1719, 339.6744],
        [515.9026, 192.0859, 575.0414, 354.6892]], device='cuda:0')"
62169e0b-fd08-58a5-09af-d5c0fd50a3f2.jpg,6,true,"tensor([[531.5524, 116.7707, 565.5902, 151.0954],
        [330.8476, 133.8836, 375.4764, 179.1700],
        [176.1882, 131.0703, 406.2862, 341.4483],
        [488.3199, 115.9644, 536.5968, 152.6716],
        [567.9365, 127.6450, 575.0448, 144.2416],
        [311.9658, 115.4032, 361.6091, 145.7011]], device='cuda:0')"
fb573e2a-9d48-7734-9076-4a537631fdef.jpg,5,true,"tensor([[192.9140, 339.8388, 321.8314, 426.7480],
        [315.8159, 237.4108, 420.0393, 301.1389],
        [236.9258, 344.7628, 322.0004, 426.8722],
        [192.1650, 338.7509, 271.2576, 426.5156],
        [227.9412, 239.6011, 296.2153, 301.0968]], device='cuda:0')"
79c8f28d-29b0-e7ab-e610-50176209ef12.jpg,1,true,"tensor([[149.3756, 209.5871, 377.2672, 359.7869]], device='cuda:0')"
571645d3-0238-e8fa-2c07-9ff3a3e30246.jpg,1,true,"tensor([[ 85.9029,  95.0743, 481.3464, 344.6720]], device='cuda:0')"
c98c0136-d9da-5ebb-3014-364f947ea9be.jpg,1,true,"tensor([[113.7824, 158.8685, 441.2737, 409.6241]], device='cuda:0')"
547eb0b8-de4c-e965-bbeb-9af6a8b22bd8.jpg,3,true,"tensor([[448.2382, 165.9116, 574.6988, 317.9565],
        [ 82.4479, 120.6121, 167.0322, 256.3863],
        [131.1791, 103.9496, 485.0257, 355.8822]], device='cuda:0')"
02d73403-ad3c-def7-920e-24c55adaeaf4.jpg,1,true,"tensor([[ 83.5501,  96.5645, 409.1677, 426.3668]], device='cuda:0')"
a32aa4ee-b982-6635-8e49-d27f3105bec3.jpg,1,true,"tensor([[250.6296, 183.7705, 417.1487, 403.0286]], device='cuda:0')"
abd693d8-76ff-471c-39f0-6ee4f19e0202.jpg,2,true,"tensor([[128.6380,  58.1135, 392.3923, 283.3273],
        [282.0676,  58.3161, 346.4281,  84.1404]], device='cuda:0')"
1a691ce3-fa5b-0e0b-a6f3-8c5712672d42.jpg,4,true,"tensor([[163.6810, 187.4935, 428.5522, 325.1911],
        [477.9811, 199.8416, 574.6523, 335.5446],
        [210.3867, 174.6587, 472.1400, 343.3472],
        [460.1670, 195.6955, 574.7960, 334.2191]], device='cuda:0')"
3f0a79ae-f5d4-3fc7-0c69-4e2a2bda96d0.jpg,1,true,"tensor([[147.2184, 125.0569, 505.6741, 398.3795]], device='cuda:0')"
2bc87d32-f8bc-2a5b-0b83-f36e5074ba0d.jpg,2,true,"tensor([[231.4012, 262.9842, 303.4930, 321.2971],
        [268.8571, 246.9068, 416.8223, 319.4897]], device='cuda:0')"
5c179230-358a-69ef-989c-f6628970d1f0.jpg,1,true,"tensor([[229.7451, 163.9361, 492.0293, 354.1071]], device='cuda:0')"
6c180af0-c7a2-1227-f922-4ee0591143a8.jpg,2,true,"tensor([[153.5839, 111.4469, 459.3864, 287.7663],
        [144.6307,  93.4988, 374.5972, 269.9548]], device='cuda:0')"
d3ed53a9-ae27-161a-cdd4-e3378e8166fc.jpg,2,true,"tensor([[ 82.2374, 149.4720, 115.6429, 248.3106],
        [149.2478, 107.6663, 495.6999, 300.2120]], device='cuda:0')"
20cb7f15-eecf-1c8c-9f4a-95ae8184b11d.jpg,6,true,"tensor([[515.7719, 323.9350, 569.8571, 347.8195],
        [533.3873, 323.9515, 569.8988, 347.8764],
        [200.5639, 341.5976, 274.5958, 375.3828],
        [514.6686, 324.7535, 536.6749, 347.1821],
        [411.9753, 321.8803, 463.4829, 355.5301],
        [473.5919, 323.2010, 513.9550, 350.4449]], device='cuda:0')"
0bca3676-b89e-e63e-1fed-e360c1785905.jpg,4,true,"tensor([[367.3136, 232.6887, 449.6772, 307.6202],
        [290.1719,  73.5200, 388.2937, 344.0575],
        [181.5339, 194.0826, 201.0150, 216.2267],
        [381.2997, 232.3259, 449.3343, 284.5148]], device='cuda:0')"
cf62ea19-ce96-4c6c-9ce6-e1683ea983ff.jpg,3,true,"tensor([[346.1299, 255.7606, 354.6767, 268.3277],
        [161.6368, 134.0801, 173.7519, 140.4878],
        [323.5999, 244.9822, 343.0490, 268.1450]], device='cuda:0')"
385d657c-47ee-2d55-b75f-a655802f544a.jpg,3,true,"tensor([[540.5635, 174.6987, 574.4985, 240.1353],
        [131.6051, 126.7992, 465.5952, 359.9289],
        [218.6599, 118.7206, 502.7981, 359.0679]], device='cuda:0')"
5f9ca7b9-68cf-e9db-42b5-dcb6926193fa.jpg,1,true,"tensor([[224.3356, 182.0633, 364.8503, 368.5868]], device='cuda:0')"
699fc51f-0226-dda8-6402-c5aa2c981d87.jpg,1,true,"tensor([[139.3127,  64.3414, 515.0934, 342.7827]], device='cuda:0')"
aefc9350-91ca-d9fd-056f-1b5ed55fc7af.jpg,2,true,"tensor([[ 82.4133, 123.8370, 291.0878, 385.9106],
        [108.5797, 113.4446, 522.0269, 409.2154]], device='cuda:0')"
b7d25c33-8b3c-559f-67c4-8bfb094fce9e.jpg,1,true,"tensor([[189.1201, 153.1456, 362.0267, 408.5219]], device='cuda:0')"
404aee9f-7d1d-74c4-9ed7-a0819d74163f.jpg,1,true,"tensor([[268.7457, 132.8194, 452.2246, 383.0226]], device='cuda:0')"
7fe67c78-c522-8f94-a5d6-95caaf8086d7.jpg,1,true,"tensor([[275.1049, 251.1593, 320.1178, 284.0891]], device='cuda:0')"
23e5a43d-62e8-3f17-e1d0-fd1d732b3633.jpg,2,true,"tensor([[447.9063, 187.2850, 574.6141, 254.6074],
        [143.3939, 147.1124, 457.1685, 303.1116]], device='cuda:0')"
08dc9900-7157-16a7-cf3a-61957bb2eb28.jpg,0,false,"tensor([], device='cuda:0', size=(0, 4))"
ab608fda-57df-d7a2-14af-c20953591f8e.jpg,2,true,"tensor([[551.2025, 148.4475, 575.1804, 200.0714],
        [137.7624, 195.9010, 429.4537, 341.4679]], device='cuda:0')"
4c39ae7d-338c-5030-910b-8a37775a6e7e.jpg,4,true,"tensor([[470.5826, 223.1028, 496.1357, 260.6045],
        [ 82.1467, 217.1715, 107.7907, 251.5481],
        [104.6545, 215.3726, 144.3829, 250.9353],
        [234.2188, 168.9195, 457.3099, 296.3030]], device='cuda:0')"
f2b6c18c-b79a-bdb6-5bbf-d557393518b3.jpg,1,true,"tensor([[258.9774, 119.0008, 378.7475, 303.7109]], device='cuda:0')"
ab509f8c-facc-809f-50d6-afd91986e640.jpg,3,true,"tensor([[413.9171, 253.6270, 522.2655, 312.8807],
        [143.1970, 243.0971, 246.1711, 314.9833],
        [261.3055, 253.2253, 398.5958, 310.0760]], device='cuda:0')"
d032bbdf-88c1-ecd1-196f-5984ce820fff.jpg,4,true,"tensor([[ 82.1132, 167.2576, 231.1510, 407.6920],
        [433.2456, 146.0478, 574.8423, 238.4183],
        [146.4359, 150.8700, 250.8105, 189.6289],
        [154.0406, 165.7307, 442.2847, 376.7734]], device='cuda:0')"
c010c468-d7cd-72d5-7f0d-12f8a79539a6.jpg,2,true,"tensor([[139.9326,  87.2297, 222.2984, 261.7882],
        [282.8399, 122.7168, 421.0012, 270.4247]], device='cuda:0')"
f881f7f1-e27f-4ac2-4b4e-2bb2a1291c15.jpg,1,true,"tensor([[105.2304,  65.0587, 558.9849, 408.9225]], device='cuda:0')"
60e9cce8-b421-b440-cd78-89ec8fbf77db.jpg,1,true,"tensor([[117.1805, 124.5090, 436.3043, 294.4463]], device='cuda:0')"
fab4fdd4-86ba-03df-2013-1209409b5150.jpg,1,true,"tensor([[468.4705,  59.0238, 574.6072, 418.9995]], device='cuda:0')"
f726e5f5-9810-99c6-3dc3-6d64793b83a9.jpg,1,true,"tensor([[142.1034, 118.5825, 314.1529, 360.8737]], device='cuda:0')"
3f39d74a-87f2-bc9b-bb5e-d5ebe7f638ec.jpg,1,true,"tensor([[192.6602,  89.1411, 385.1990, 359.3234]], device='cuda:0')"
2a6d6130-aefa-7ab4-8f8e-81a90708450b.jpg,2,true,"tensor([[ 84.2183, 197.1839, 109.7820, 221.7490],
        [253.2767, 158.3199, 392.2726, 301.5805]], device='cuda:0')"
84c849b5-3a78-5c2a-18e7-434a208cb468.jpg,1,true,"tensor([[175.7639, 143.8980, 454.5881, 357.8020]], device='cuda:0')"
384c9da5-66f9-e501-f437-a4ba7b85f542.jpg,2,true,"tensor([[302.0385, 206.7185, 516.3859, 364.5146],
        [ 81.9645, 212.8651, 188.7969, 349.9143]], device='cuda:0')"
1ba46b4e-f1c6-4940-8289-248bc18a5b8f.jpg,1,true,"tensor([[150.1639, 157.8063, 481.1582, 392.5592]], device='cuda:0')"
e5145f2a-b9d7-9178-ca81-03952de45421.jpg,1,true,"tensor([[163.5190, 127.0142, 389.0791, 308.6337]], device='cuda:0')"
534a9de7-cedb-242c-54d8-fae2e08a9783.jpg,1,true,"tensor([[ 82.1699, 344.6438, 222.3402, 426.7523]], device='cuda:0')"
d137ab2e-f8fc-179f-e8cd-aacfb52f650d.jpg,1,true,"tensor([[197.9519, 151.8680, 421.7750, 364.1380]], device='cuda:0')"
19a2b0a1-e449-dc64-7f44-c8e4178d4f2e.jpg,2,true,"tensor([[ 82.1173, 171.1024, 144.1067, 324.7519],
        [148.0853, 189.2079, 421.3373, 326.4350]], device='cuda:0')"
5fe69d2f-307f-3ce2-af15-cddaf2376057.jpg,1,true,"tensor([[277.6826, 200.3125, 396.5859, 285.5130]], device='cuda:0')"
1ffb7699-3ed7-40f0-e82b-597437a0eb43.jpg,1,true,"tensor([[ 82.1091,  99.3925, 529.7043, 364.6656]], device='cuda:0')"
3cb3e43f-9c89-567c-13b6-8aad285e29b4.jpg,1,true,"tensor([[220.4011, 102.3487, 451.2891, 399.9226]], device='cuda:0')"
d273a71b-878f-b65a-c4a6-022301f417ec.jpg,2,true,"tensor([[492.4822,  58.1505, 574.7744, 254.6768],
        [ 82.4278,  58.6619, 492.4964, 425.8976]], device='cuda:0')"
af8b82f4-d7a4-1d3c-6b6f-3f8b60b1f7d0.jpg,3,true,"tensor([[433.1299, 232.2642, 538.8632, 320.3622],
        [168.8817, 208.6918, 252.0529, 294.1289],
        [355.1469, 215.5092, 395.3125, 302.5735]], device='cuda:0')"
5cd5dd8b-67ff-7d63-829d-c24e3cea3bcc.jpg,3,true,"tensor([[343.9522, 199.8690, 550.3594, 350.9915],
        [473.0469, 199.7831, 574.5405, 305.2581],
        [128.1729, 186.4732, 372.5013, 358.1940]], device='cuda:0')"
28bd57b7-4adf-2ff2-5bb6-d4b071eda0f4.jpg,3,true,"tensor([[442.0652, 266.1477, 477.1947, 281.7520],
        [290.3064, 265.8386, 342.9604, 293.7305],
        [340.1401, 272.0469, 370.9929, 297.1138]], device='cuda:0')"
fe129cee-4280-a7ba-f8b2-d1747fe8cc98.jpg,2,true,"tensor([[368.1343, 110.6971, 574.4479, 305.4683],
        [242.2630,  87.9768, 547.8728, 352.2465]], device='cuda:0')"
db4773c3-f14f-e54e-5757-9f985dd86298.jpg,1,true,"tensor([[ 82.1276,  72.0361, 502.8952, 392.2003]], device='cuda:0')"
341c780c-3a59-2589-73ce-30c73c74ef30.jpg,3,true,"tensor([[394.9301, 141.5888, 574.9587, 284.6277],
        [106.0967, 138.5158, 332.1674, 288.3543],
        [175.3433, 104.2011, 452.2551, 239.8444]], device='cuda:0')"
22bac794-726f-735d-f403-350f51d939df.jpg,2,true,"tensor([[424.3531,  58.3035, 499.9466,  86.3896],
        [152.4327,  59.1876, 557.1581, 307.9160]], device='cuda:0')"
231c4f80-34aa-9172-4867-bbf19aab67d0.jpg,1,true,"tensor([[275.3979, 111.2806, 547.2239, 253.3513]], device='cuda:0')"
6ee06536-3d9f-79d9-933f-44bab54bf2f1.jpg,1,true,"tensor([[290.0170, 203.5787, 375.0917, 349.6850]], device='cuda:0')"
0e769c08-c272-8a4a-364c-eb99a31e425d.jpg,1,true,"tensor([[230.2323, 342.1130, 386.3605, 426.5946]], device='cuda:0')"
50ead4da-aaee-df31-ae61-4130aa511664.jpg,1,true,"tensor([[192.7058,  58.5754, 395.8852, 381.3253]], device='cuda:0')"
99cce31d-bc26-798b-22b6-7055934aa51b.jpg,5,true,"tensor([[445.3768, 245.4915, 555.6324, 305.1707],
        [ 82.1603, 221.5360, 124.4087, 272.7959],
        [158.8949, 217.4809, 235.1297, 277.0054],
        [337.3297, 238.9407, 456.0642, 296.0505],
        [248.9969, 215.8922, 316.0243, 283.1306]], device='cuda:0')"
e019d2be-575b-3d27-0ded-43ac268c34be.jpg,1,true,"tensor([[232.1192, 101.3992, 304.5690, 344.2558]], device='cuda:0')"
83a0dfe2-9085-3611-07f8-06bdb58d0a15.jpg,2,true,"tensor([[ 84.4490, 135.8609, 350.4693, 323.3011],
        [294.8013, 111.2804, 556.7717, 252.7918]], device='cuda:0')"
d654717f-e594-1cc1-1688-34c3317e1aad.jpg,4,true,"tensor([[453.2499, 162.6140, 574.2766, 231.9414],
        [334.1378, 166.8119, 507.8134, 273.6907],
        [ 82.3801, 163.5015, 223.2497, 234.4049],
        [221.3251, 164.8342, 324.1586, 248.6182]], device='cuda:0')"
e0deb1ee-da1e-65e7-7179-9e0e396d9dcd.jpg,1,true,"tensor([[171.3818, 130.6612, 482.3256, 350.0845]], device='cuda:0')"
4a445770-ca84-0555-b06f-699864f564b2.jpg,1,true,"tensor([[184.6071, 175.8869, 521.0676, 409.3595]], device='cuda:0')"
8740aa24-0e93-7d83-a212-a3d638337254.jpg,1,true,"tensor([[209.9555, 155.3925, 521.5679, 392.6596]], device='cuda:0')"
4c00b198-7417-a94a-51a4-82da11d19174.jpg,2,true,"tensor([[213.8443, 132.3409, 574.8905, 425.0060],
        [ 82.1450, 195.7342, 448.3842, 425.2860]], device='cuda:0')"
dbbb8550-eb76-eaec-0b72-647f62957f2d.jpg,1,true,"tensor([[332.5797, 219.4767, 421.6106, 409.2263]], device='cuda:0')"
ae4be539-424e-d341-3b97-b7437c4ad5bf.jpg,2,true,"tensor([[221.3815, 156.7471, 507.1974, 323.4615],
        [553.9963, 191.6506, 574.8664, 225.7477]], device='cuda:0')"
36555b2a-3f68-356a-04d4-d6fdb092f166.jpg,1,true,"tensor([[161.4356, 112.4134, 515.5380, 295.1508]], device='cuda:0')"
7b1c889a-f75a-8503-ef63-d5a4b7aa50f0.jpg,1,true,"tensor([[105.2033,  86.6498, 531.1338, 426.2794]], device='cuda:0')"
d13a0cea-7b73-49f3-f949-0d0233d1f552.jpg,1,true,"tensor([[ 99.4426,  59.7888, 501.0428, 333.0854]], device='cuda:0')"
1e5768e3-9c52-8347-e955-7a5ae47ca182.jpg,4,true,"tensor([[333.3126, 119.1747, 574.2202, 426.4003],
        [ 82.3104, 162.3629, 191.7572, 355.6772],
        [159.9872, 100.3288, 574.1696, 426.1847],
        [310.1691, 295.0663, 574.7864, 371.8305]], device='cuda:0')"
2a8f0765-daea-69e7-c338-bb0ca592f082.jpg,8,true,"tensor([[403.1088, 180.4954, 425.5483, 191.8735],
        [166.7769, 193.6338, 263.0436, 307.1846],
        [474.0570, 196.0634, 575.1969, 335.1573],
        [ 82.4052, 218.7745, 147.5565, 377.8117],
        [480.9842, 178.6554, 504.5779, 189.2763],
        [242.9088, 199.3092, 522.1638, 386.9835],
        [433.1629, 175.0644, 456.0419, 188.0952],
        [513.1730, 179.6331, 527.4665, 188.1688]], device='cuda:0')"
c71d74b6-060f-0757-530a-24bf589ddd12.jpg,1,true,"tensor([[124.0858, 137.7566, 467.6916, 297.6852]], device='cuda:0')"
94b80f59-1b7c-7d2a-42a2-f42679aa96f9.jpg,4,true,"tensor([[341.7636, 127.1065, 551.1516, 305.3106],
        [517.9776, 163.1175, 574.7767, 320.9696],
        [176.9493, 154.4650, 327.8585, 284.5550],
        [341.4064, 150.3465, 443.0451, 295.1746]], device='cuda:0')"
e7dbeab6-eecb-6453-2027-6c4100fd8680.jpg,1,true,"tensor([[146.5308,  68.0798, 468.5134, 329.7403]], device='cuda:0')"
71720df6-9035-2f42-4161-c597a27e0b81.jpg,1,true,"tensor([[170.0881, 153.8920, 497.0989, 360.4209]], device='cuda:0')"
409763ca-3bf1-fb9f-8b00-42970ec2b6f4.jpg,2,true,"tensor([[302.9786, 114.8467, 466.7383, 342.8264],
        [212.4769, 300.5254, 231.6354, 350.2806]], device='cuda:0')"
8f8a3542-bd44-7f81-d1ee-5e5afae63623.jpg,1,true,"tensor([[319.9666, 245.3204, 377.4207, 293.5201]], device='cuda:0')"
2990803c-6793-59d9-1c52-2e8f4c6e110d.jpg,1,true,"tensor([[236.2516, 135.9350, 443.5304, 426.5413]], device='cuda:0')"
1d5e954f-3d3e-1135-d5b9-be68ab3a3883.jpg,1,true,"tensor([[217.9577, 182.7474, 454.2549, 323.2189]], device='cuda:0')"
d72eae2c-aefb-8059-e374-6dfb65cb8dab.jpg,3,true,"tensor([[ 81.6702,  70.4799, 264.8367, 381.2925],
        [162.5378,  93.4574, 545.5073, 404.8831],
        [371.5344,  98.1573, 574.9539, 382.6378]], device='cuda:0')"
d235f03d-44c6-c024-4535-b97182f74b94.jpg,3,true,"tensor([[ 81.8054, 176.3774, 172.8080, 418.0685],
        [ 81.8041, 139.5721, 190.7536, 416.2379],
        [160.3492, 156.2006, 515.6510, 386.5080]], device='cuda:0')"
f70d9ccc-414c-8241-33f7-134c380d696c.jpg,0,false,"tensor([], device='cuda:0', size=(0, 4))"
4e1884ce-d418-5ed0-d292-6785e8f312ba.jpg,0,false,"tensor([], device='cuda:0', size=(0, 4))"
0019f61c-17a3-c06f-335f-630c9d30ed02.jpg,4,true,"tensor([[476.0490, 234.1685, 574.5093, 296.9000],
        [222.3239, 225.9109, 234.2923, 243.4295],
        [237.1804, 229.1682, 251.1802, 243.3913],
        [282.8216, 220.2287, 424.1507, 298.2130]], device='cuda:0')"
f2b29d68-c12c-6605-c69f-cebba0547c3c.jpg,1,true,"tensor([[209.2706, 248.3891, 290.7103, 362.8118]], device='cuda:0')"
15d13233-3207-e126-b516-540e6ea7cbe0.jpg,1,true,"tensor([[151.2919, 159.6116, 452.5963, 328.4483]], device='cuda:0')"
527c0b83-16ec-a26d-ed08-66eaa41f1314.jpg,3,true,"tensor([[435.3783, 238.8693, 574.6453, 374.2204],
        [ 82.4039, 224.0299, 188.8247, 426.0470],
        [250.0676,  84.6837, 468.6667, 370.2727]], device='cuda:0')"
6f6abe1b-dc62-c105-4ef8-4a103f2d5d83.jpg,1,true,"tensor([[239.6647, 176.9291, 574.6131, 362.9025]], device='cuda:0')"
fed6475d-45db-e246-4a36-f3d4296d3cdb.jpg,1,true,"tensor([[ 82.0099, 193.3187, 349.5838, 358.0215]], device='cuda:0')"
6231d3b3-e855-9e2d-6234-3525f4771186.jpg,0,false,"tensor([], device='cuda:0', size=(0, 4))"
7fa0e8bd-fad3-e9f1-97d9-8563dd50ae84.jpg,2,true,"tensor([[316.9420, 175.4106, 418.0463, 289.1668],
        [242.0787, 180.9783, 366.7000, 278.7146]], device='cuda:0')"
8111b1d1-a54b-2682-58d3-1b74ae3d05a1.jpg,1,true,"tensor([[163.5601, 114.1945, 463.4067, 370.7415]], device='cuda:0')"
74b9e185-5a68-6646-9c29-313897b6f64b.jpg,2,true,"tensor([[533.1954, 181.1960, 575.0978, 361.2652],
        [170.1597, 140.4832, 510.3084, 357.6137]], device='cuda:0')"
10ac24d9-e546-f3fa-8046-23a3b32a25d0.jpg,2,true,"tensor([[381.9438, 313.6801, 434.1807, 382.6893],
        [300.8700, 300.2824, 344.9380, 348.9202]], device='cuda:0')"
361409b1-6db4-d818-6d15-ab53ceb00270.jpg,1,true,"tensor([[161.3994,  87.2328, 350.6610, 220.7787]], device='cuda:0')"
303536b8-a0ae-b1bd-67f4-497edb5a7f37.jpg,3,true,"tensor([[517.3597, 205.3819, 574.8300, 371.8899],
        [ 82.2626, 146.7841, 235.8178, 343.6614],
        [197.1311, 163.7807, 507.8516, 354.2111]], device='cuda:0')"
d4a894c9-6159-ec6d-0528-cbbd7fbd433b.jpg,7,true,"tensor([[492.0681,  99.4849, 574.7550, 255.3426],
        [187.7211,  93.8322, 209.1201, 115.7403],
        [525.7460,  99.2074, 574.9926, 246.5580],
        [ 82.2986,  75.8381, 196.8911, 210.5851],
        [ 82.4730,  76.6370, 157.1135, 210.9861],
        [470.2629,  73.2918, 523.2264, 114.2357],
        [198.7774, 110.0825, 496.4410, 278.5440]], device='cuda:0')"
d9c5ac2a-7152-21b8-47dc-f63e631c2d89.jpg,7,true,"tensor([[273.3193, 137.8333, 290.0582, 143.4842],
        [308.8017, 119.7441, 324.8820, 138.7891],
        [260.2116, 118.6247, 289.2149, 132.3051],
        [ 97.1982, 196.2253, 216.7045, 261.4734],
        [226.1726, 118.3253, 245.2112, 132.9035],
        [164.6215, 220.0170, 379.7793, 362.7656],
        [433.0525, 128.6508, 442.7768, 135.5807]], device='cuda:0')"
ad93e6b5-2d2a-9aa1-0515-69a5ebe09bc7.jpg,1,true,"tensor([[113.0493,  93.1346, 466.7628, 367.6413]], device='cuda:0')"
10e3cc90-5ee3-a12e-6df3-ab2a4d9d9b8a.jpg,1,true,"tensor([[ 81.8079, 145.5417, 558.1487, 380.9457]], device='cuda:0')"
8527315c-6062-3471-a836-e7a41db1bd58.jpg,7,true,"tensor([[541.3427, 182.8062, 560.4237, 197.6985],
        [211.2780, 162.7961, 290.6357, 222.5939],
        [519.0283, 184.6392, 538.6505, 197.5526],
        [442.8847, 177.0648, 475.7596, 196.9712],
        [557.2442, 177.1139, 574.7990, 195.6470],
        [285.0862, 163.2053, 400.1739, 225.9187],
        [473.9233, 183.6209, 496.4799, 198.0359]], device='cuda:0')"
ea724d91-67cb-6d79-313d-273ca2e10714.jpg,1,true,"tensor([[156.0900, 129.0518, 461.1978, 242.1462]], device='cuda:0')"
a29a7a02-b3e2-8da6-cfb1-4dd012d0ca95.jpg,2,true,"tensor([[ 82.2683, 231.1217, 152.0050, 286.6159],
        [ 94.0708,  72.1416, 508.0460, 425.1174]], device='cuda:0')"
ed41f180-1f81-358b-e74d-6b460a4191d7.jpg,1,true,"tensor([[243.7504, 199.7132, 349.2194, 356.3179]], device='cuda:0')"
71485197-4477-a25c-82cb-2636f3bcca9c.jpg,4,true,"tensor([[503.0043, 144.6323, 574.7374, 366.1100],
        [276.2108, 209.6251, 443.6650, 345.5973],
        [106.5346, 127.7689, 442.4291, 337.9276],
        [105.0336,  98.0206, 530.8689, 368.2250]], device='cuda:0')"
61743761-f22f-017c-3cf0-a8fd2e5524a2.jpg,3,true,"tensor([[407.9618, 145.7146, 574.4726, 337.7587],
        [113.1555, 128.7581, 523.7325, 348.1189],
        [ 82.1022, 130.1625, 227.7950, 292.0300]], device='cuda:0')"
b616969a-0177-2ce3-db00-1c530e25bd5c.jpg,1,true,"tensor([[275.2040, 237.3620, 403.4412, 376.3829]], device='cuda:0')"
9b038d49-6a35-8de8-aa89-6268a97fb2e5.jpg,5,true,"tensor([[537.3772, 195.6482, 575.2158, 298.0413],
        [ 81.9148, 179.0948, 178.3227, 326.1318],
        [ 81.5838, 145.7321, 273.3911, 326.0648],
        [ 82.1659, 151.3993, 169.5351, 324.9796],
        [ 89.8250, 149.2051, 444.9128, 331.2641]], device='cuda:0')"
db9b73bf-27e7-d16f-6d7c-1ba9ac03a50e.jpg,1,true,"tensor([[310.1590, 250.6122, 381.9120, 293.4448]], device='cuda:0')"
ee6aab1d-948b-3bf8-8c24-41267b493f9c.jpg,2,true,"tensor([[503.5245, 248.9713, 574.9856, 362.4854],
        [119.7818, 170.8790, 539.3699, 426.2155]], device='cuda:0')"
6812cacb-5617-0bd1-3969-e272d549dad9.jpg,1,true,"tensor([[190.6841,  58.7677, 452.8965, 375.7756]], device='cuda:0')"
fc1b2b9f-6b20-a09c-6f7f-e78cabc3389c.jpg,2,true,"tensor([[333.1671, 259.2905, 378.0003, 303.0035],
        [299.0318, 244.8268, 363.0872, 302.5504]], device='cuda:0')"
1277fb0e-7abd-530b-d6a2-b700d6e9d4dd.jpg,1,true,"tensor([[221.9085,  94.1245, 424.2401, 383.6735]], device='cuda:0')"
9e80297a-fb44-43cc-7e90-6837c7e93664.jpg,3,true,"tensor([[ 82.0000,  82.9143, 135.7459, 126.3438],
        [171.4566,  99.4951, 515.2847, 277.4073],
        [203.9147,  83.0634, 318.4723, 111.8853]], device='cuda:0')"
499208dc-6992-c142-bcd8-f506158a08cf.jpg,2,true,"tensor([[259.0195, 263.7023, 276.8480, 271.9469],
        [302.5826, 259.2039, 361.1003, 307.7893]], device='cuda:0')"
8a95600d-c0fb-c18f-e427-d9757e2d7165.jpg,4,true,"tensor([[322.3031, 195.4013, 353.2769, 230.3914],
        [473.2232, 179.2013, 514.3206, 234.1636],
        [144.9800, 244.4626, 199.0875, 287.6252],
        [321.8616, 203.9259, 389.8132, 256.8534]], device='cuda:0')"
50cac320-ec83-455e-b473-02709dfb158b.jpg,1,true,"tensor([[ 82.5628,  86.9784, 498.3118, 379.4478]], device='cuda:0')"
4a6c8e46-9c81-1604-0eb2-fc073d5a0244.jpg,1,true,"tensor([[121.8020, 181.3564, 392.9803, 355.5997]], device='cuda:0')"
628c6718-3170-eb5f-4b09-81c6a2a9b677.jpg,2,true,"tensor([[458.0594,  58.2686, 574.8430, 373.0507],
        [ 82.6432,  58.3445, 522.6398, 399.8126]], device='cuda:0')"
f9aa254b-50e4-e1bc-e3f8-acc210c923de.jpg,1,true,"tensor([[179.3538, 202.5957, 477.3597, 352.7845]], device='cuda:0')"
1536bb17-f9f6-88b6-aef3-0b5c7dcb7e28.jpg,1,true,"tensor([[115.9597,  81.7562, 369.0208, 361.0147]], device='cuda:0')"
634765ed-243f-bb66-3bc2-a27ee4368ecf.jpg,1,true,"tensor([[290.0559, 251.7855, 308.9507, 287.8250]], device='cuda:0')"
1dcc512b-7b5b-277f-93ff-7ac7264c1fb0.jpg,1,true,"tensor([[126.5624, 154.2411, 379.8015, 336.2940]], device='cuda:0')"
0576a53d-8d51-76f8-0623-d446764cae73.jpg,1,true,"tensor([[198.6362,  86.2526, 364.2472, 381.9413]], device='cuda:0')"
77f4473d-4f17-f65d-df1e-26e9ed49ef4f.jpg,2,true,"tensor([[278.9041, 158.5871, 541.8684, 293.4907],
        [132.1232, 163.8092, 506.9517, 322.5448]], device='cuda:0')"
b0900193-b02d-7761-57fb-d84d3008b839.jpg,1,true,"tensor([[ 82.2387, 143.0678, 389.0327, 306.5329]], device='cuda:0')"
9a8531cd-0feb-18e3-86e7-277f5d0c8308.jpg,1,true,"tensor([[213.6883, 153.3601, 295.3950, 408.5634]], device='cuda:0')"
013db7b5-ad7a-7d31-91be-bb42109e3c1a.jpg,1,true,"tensor([[280.0010, 130.9887, 512.3145, 359.4281]], device='cuda:0')"
c16d09fc-263a-6aae-b188-7eebd0cccad9.jpg,1,true,"tensor([[167.1131,  58.6118, 435.9578, 406.8110]], device='cuda:0')"
9300ee01-fe64-a638-814c-4b624e2226b8.jpg,1,true,"tensor([[178.9520, 124.4845, 439.9894, 311.0695]], device='cuda:0')"
0a5dea30-25b8-022b-15f1-e113e26daec2.jpg,1,true,"tensor([[268.0072, 102.0456, 435.6987, 426.2155]], device='cuda:0')"
d85f245a-b9a5-b740-216d-15804974768a.jpg,2,true,"tensor([[285.1241, 127.6876, 574.6937, 302.1759],
        [ 85.8324, 130.8013, 491.1635, 302.0124]], device='cuda:0')"
8403e092-e1e9-c797-2355-fb78657b820e.jpg,1,true,"tensor([[207.8641, 188.4041, 450.0450, 295.1860]], device='cuda:0')"
e983ca75-bafc-18ae-87b7-903e7e28c809.jpg,4,true,"tensor([[ 82.2478, 100.5018, 325.7253, 312.9651],
        [ 82.5498, 101.1618, 153.4263, 313.8684],
        [347.2774,  77.6736, 523.8525, 284.4861],
        [132.9358,  86.9910, 444.2984, 332.7592]], device='cuda:0')"
41e40db2-1914-5daa-4b5a-7adee1fd437f.jpg,1,true,"tensor([[287.7836, 213.0477, 377.6599, 345.2015]], device='cuda:0')"
60f17180-b436-afb2-fed9-b9e2a0caa644.jpg,2,true,"tensor([[126.5668, 127.6482, 147.2924, 140.1028],
        [183.0993,  70.1986, 462.8274, 394.8420]], device='cuda:0')"
6034dcf6-be6a-32ef-70a8-044007c3ec81.jpg,2,true,"tensor([[487.4246, 254.8013, 494.6970, 264.9509],
        [314.6199, 271.6057, 339.4969, 299.0368]], device='cuda:0')"
d1bdb163-ba12-68d4-a08d-751c7fae8967.jpg,1,true,"tensor([[185.8795,  80.1843, 457.6562, 327.6450]], device='cuda:0')"
f9a99fb2-fc9d-f253-3daa-f5ff38075c0a.jpg,5,true,"tensor([[532.3252, 125.3695, 570.6772, 189.3730],
        [282.7555, 123.7205, 456.9155, 255.6308],
        [552.0049, 130.3643, 575.2681, 243.3143],
        [ 82.2712, 125.4982, 285.8189, 270.2195],
        [282.2777, 131.8531, 522.6433, 282.3091]], device='cuda:0')"
3d292033-9c5c-0760-d717-3e4f117d9bd6.jpg,1,true,"tensor([[217.0663,  96.5545, 491.0665, 373.1223]], device='cuda:0')"
6cd14d95-504f-1a08-a34a-8da8cdf06dcb.jpg,2,true,"tensor([[153.8051, 190.2527, 243.1105, 388.8766],
        [ 82.2844, 277.4178, 107.6749, 319.2776]], device='cuda:0')"
464db98a-d1e9-fe94-2d42-7a3d761dd252.jpg,1,true,"tensor([[105.7291, 161.8887, 451.0796, 303.4632]], device='cuda:0')"
1e6d59f3-4e4d-e290-ce22-e46a1064027e.jpg,4,true,"tensor([[227.7442, 353.3668, 274.2164, 426.8873],
        [269.2964,  61.3412, 431.0808, 368.7346],
        [123.0553, 154.9802, 279.0094, 383.5327],
        [227.3604, 319.6273, 282.4937, 426.5506]], device='cuda:0')"
ca67a03d-677d-4eb0-dc90-84eee6b3bddf.jpg,3,true,"tensor([[448.5379,  58.5409, 574.3600, 339.1132],
        [172.6789,  57.8876, 450.0295, 347.5104],
        [152.2585,  58.7441, 280.0588, 342.1340]], device='cuda:0')"
2d3af973-b563-3b2e-9e1b-e50591ce846b.jpg,4,true,"tensor([[ 82.2017, 131.4854, 141.1448, 167.0481],
        [191.6447, 154.0244, 504.9352, 342.8573],
        [ 81.9413, 152.4343, 281.4482, 318.9235],
        [150.2023, 130.0652, 251.7754, 172.0319]], device='cuda:0')"
8d67ebc0-487d-c103-afc3-baeb9aa9ba68.jpg,8,true,"tensor([[161.1922, 338.3839, 276.2964, 426.0881],
        [ 81.8625, 262.6844, 129.4523, 345.0637],
        [192.5365, 197.3926, 544.1554, 389.0549],
        [103.7113, 315.4474, 174.2521, 385.8172],
        [263.0780, 330.3176, 404.9286, 426.1878],
        [ 82.3698, 343.9145, 165.5679, 423.0619],
        [166.3315, 312.3097, 241.6951, 394.7330],
        [ 81.9612, 261.5152, 173.9341, 384.8165]], device='cuda:0')"
279712b0-f429-4455-551b-fb24116234c3.jpg,2,true,"tensor([[486.9283,  77.7154, 526.8348,  99.6192],
        [166.7773, 111.9475, 572.9764, 358.8757]], device='cuda:0')"
a07a97d4-57a8-78d6-34ae-b5e5627576e3.jpg,2,true,"tensor([[127.8786, 175.2681, 249.0326, 306.6975],
        [243.6420, 135.6231, 413.6584, 304.0999]], device='cuda:0')"
6832be41-0b7f-abf6-b9a4-81a4f479089b.jpg,1,true,"tensor([[225.5183,  78.0818, 421.4966, 424.7764]], device='cuda:0')"
ac268899-ddc3-976a-43c1-935070bad01e.jpg,3,true,"tensor([[ 83.2105, 115.0981, 346.0457, 307.6154],
        [ 82.4012, 103.4348, 237.1669, 309.9225],
        [162.7673, 125.7485, 490.9987, 321.5424]], device='cuda:0')"
96a5dd54-ec03-2ba0-34f7-f3ff0d671763.jpg,2,true,"tensor([[139.4753, 177.7534, 424.8341, 341.0209],
        [555.6456, 182.4662, 575.0397, 325.1332]], device='cuda:0')"
6634eec1-3203-8945-5e6d-c3918e93d72f.jpg,2,true,"tensor([[ 81.9159, 116.8865, 219.8156, 342.6202],
        [ 82.4914, 103.0699, 470.9542, 359.6908]], device='cuda:0')"
db422547-73eb-afbc-249e-73f1adfebdf9.jpg,1,true,"tensor([[329.7665, 127.6288, 476.3186, 425.2940]], device='cuda:0')"
8095b84c-ca12-041a-3b8f-74c64d24a055.jpg,1,true,"tensor([[117.8307, 122.4098, 487.4466, 362.9982]], device='cuda:0')"
c710fc0e-f431-ad48-fca4-850ad2350cc8.jpg,9,true,"tensor([[269.4348, 242.9339, 332.3347, 276.7891],
        [231.7090, 230.1766, 277.2930, 291.2075],
        [457.9422, 233.3951, 574.4119, 291.0540],
        [296.5655, 387.7235, 333.8987, 422.1267],
        [197.7079, 230.3996, 275.7245, 300.5041],
        [197.1714, 231.0276, 243.9514, 300.6682],
        [498.1575, 124.9144, 543.2519, 166.0593],
        [335.7364, 243.0366, 400.2889, 281.8998],
        [469.1509, 232.6753, 498.7237, 289.6530]], device='cuda:0')"
a95e47aa-dd4b-3cf0-2bf0-52a0a1c06960.jpg,3,true,"tensor([[556.8804, 196.4187, 574.8629, 221.7251],
        [120.9710, 186.6371, 160.2802, 209.1931],
        [100.2134,  86.0445, 465.3094, 362.3986]], device='cuda:0')"
fa3935cb-3970-b063-2745-e2519824f3da.jpg,1,true,"tensor([[254.2371,  57.9382, 364.8065, 425.0301]], device='cuda:0')"
1ec16063-e981-76e3-76aa-4fee23e66f19.jpg,1,true,"tensor([[166.0794, 132.8563, 381.8740, 294.3096]], device='cuda:0')"
27d14002-9eec-9a9e-f4e6-1b0c364bd9d1.jpg,1,true,"tensor([[124.5538,  94.6409, 573.6921, 336.8195]], device='cuda:0')"
a23348e3-a9cb-f0a4-6644-8b3513370499.jpg,1,true,"tensor([[151.5549, 121.0716, 301.0474, 334.1127]], device='cuda:0')"
2eebca05-322a-f2ad-d63a-2f73d7c86e4e.jpg,2,true,"tensor([[ 82.4570, 324.8062, 100.2242, 389.0306],
        [237.7651, 124.8667, 428.7759, 367.3850]], device='cuda:0')"
975e46bd-c43a-1722-16a9-4e0bc27809c3.jpg,3,true,"tensor([[ 84.6370, 149.1428, 202.1580, 311.0821],
        [277.9326, 157.5620, 512.0916, 297.7552],
        [199.7034, 165.3391, 465.6879, 307.0506]], device='cuda:0')"
43eb3b09-44d0-95e6-8cba-0ee5d0818e8e.jpg,6,true,"tensor([[421.5087, 234.0691, 496.1586, 303.8817],
        [209.1123, 241.6792, 254.3400, 309.7908],
        [ 82.0582, 234.8518, 197.8458, 312.4285],
        [ 95.0680, 233.6485, 127.3566, 261.5971],
        [303.4638, 227.1612, 391.4639, 310.3727],
        [223.6143, 246.6622, 340.6172, 309.9214]], device='cuda:0')"
67384fa9-9f9f-9284-1378-18de8a9d3bb4.jpg,0,false,"tensor([], device='cuda:0', size=(0, 4))"
9427f68c-3a87-ed9a-2858-e5550c7422be.jpg,4,true,"tensor([[110.1661, 161.2562, 190.5179, 300.8248],
        [201.2007, 193.2961, 398.6067, 332.0877],
        [212.1676, 193.9286, 430.4331, 343.9480],
        [193.0552, 129.2282, 358.2593, 319.7153]], device='cuda:0')"
7e206cb8-65f1-b426-7a72-eeb49d492e1f.jpg,2,true,"tensor([[244.2997, 207.7984, 500.0307, 398.2609],
        [ 81.9857, 190.3587, 184.9866, 387.6202]], device='cuda:0')"
8172858d-3512-ab04-4ba5-69915672bf1e.jpg,2,true,"tensor([[189.0551, 271.5873, 230.0189, 301.9957],
        [227.7531, 127.7473, 361.2048, 425.7963]], device='cuda:0')"
83dd1388-bffc-2436-9e31-e93306640b68.jpg,2,true,"tensor([[246.8155, 186.2479, 526.4308, 332.9887],
        [ 82.4658, 176.7222, 272.7831, 317.2372]], device='cuda:0')"
6202a67a-a1cd-4083-b5e2-4c9bce7c200a.jpg,1,true,"tensor([[247.1546, 188.8951, 369.4659, 318.3501]], device='cuda:0')"
404bfd4b-7e21-0ea6-1027-154d24edf588.jpg,0,false,"tensor([], device='cuda:0', size=(0, 4))"
74e3a45a-01dc-96d9-1efb-ef1b010fbda9.jpg,4,true,"tensor([[340.0294,  59.1977, 574.4990, 298.0426],
        [139.8728,  60.3006, 431.0037, 259.2595],
        [522.3213, 201.1208, 574.6464, 278.8767],
        [ 82.1687,  58.2092, 126.1664, 126.4794]], device='cuda:0')"
2f04eb3e-0fff-a61d-679a-ed4e688bdf05.jpg,2,true,"tensor([[526.5997,  70.6236, 574.9889, 425.9560],
        [ 81.7966,  58.6998, 530.1863, 426.4734]], device='cuda:0')"
ae6ab9ff-7f06-9f72-a02d-143414e8e2e8.jpg,1,true,"tensor([[132.2466, 134.8447, 534.0945, 368.1260]], device='cuda:0')"
7af86753-96fc-9c7a-8826-fdf0e4266d42.jpg,2,true,"tensor([[ 82.3823, 122.9182, 145.2401, 234.0228],
        [ 93.3878, 132.6646, 491.0411, 345.2458]], device='cuda:0')"
f11c18de-cbde-7969-e5a0-51943f18ed93.jpg,2,true,"tensor([[554.3330,  72.6457, 572.3521,  87.2580],
        [276.8054, 239.2445, 392.6748, 296.8434]], device='cuda:0')"
367422e0-bafd-fa68-25ab-28e7f20d3e5b.jpg,3,true,"tensor([[278.9462, 158.8708, 291.7235, 165.4918],
        [143.4338, 195.9319, 393.6176, 337.1747],
        [332.2114, 127.4675, 358.0803, 146.8148]], device='cuda:0')"
9230aeee-b2d2-7141-956a-cee8edb69b0f.jpg,2,true,"tensor([[395.3069, 176.6184, 567.3485, 385.0349],
        [107.4352,  98.8986, 328.4472, 420.7365]], device='cuda:0')"
eadb43c7-8279-9f43-f03d-0eed722d4cb2.jpg,1,true,"tensor([[106.7569,  91.0848, 518.5043, 369.7483]], device='cuda:0')"
5fb508be-136b-1144-ad91-f820d4844a70.jpg,1,true,"tensor([[238.5255,  67.6997, 528.6185, 426.4715]], device='cuda:0')"
ef8f4080-b1e8-e29a-8143-54e4c7cebac7.jpg,2,true,"tensor([[300.9481, 153.8745, 480.3191, 323.8744],
        [186.5897, 129.2816, 369.1003, 322.7642]], device='cuda:0')"
029631f3-5c59-491b-7c12-514745ba6459.jpg,1,true,"tensor([[259.3037, 163.9885, 472.0270, 326.3035]], device='cuda:0')"
4ae0f4ef-1ab8-230b-5e60-73ee7f704893.jpg,1,true,"tensor([[202.8660, 158.7168, 465.8608, 360.0870]], device='cuda:0')"
e9cd3ef0-9999-7ade-f046-415690a4c207.jpg,7,true,"tensor([[ 82.0645,  68.8359,  92.8995,  81.5691],
        [424.0483, 180.1228, 574.4188, 342.7899],
        [101.7091, 199.9620, 208.0794, 292.5587],
        [ 82.0089, 174.5966, 206.4839, 288.5470],
        [127.6801,  58.0626, 142.2224,  68.9494],
        [205.3893, 180.9831, 456.8776, 367.3179],
        [415.7990, 255.9945, 556.6699, 335.0462]], device='cuda:0')"
47a516c5-853a-1815-a825-5a3f7f859e65.jpg,1,true,"tensor([[329.7983, 275.9943, 492.9240, 401.9946]], device='cuda:0')"
5e4e8c88-9115-bfb9-5635-49e863ef40d4.jpg,5,true,"tensor([[559.0515,  94.4619, 571.4144, 110.4306],
        [231.1132,  96.0893, 239.6908, 112.7430],
        [287.9065, 172.5831, 511.5027, 295.6578],
        [ 82.1033, 152.4694, 226.2442, 282.5526],
        [172.4843, 106.1406, 187.3971, 117.1221]], device='cuda:0')"
b16efe9d-9095-bab1-0cd0-f4226b4cb72e.jpg,3,true,"tensor([[461.1137, 211.8104, 494.2187, 287.0216],
        [191.3075, 188.7441, 257.9504, 279.6472],
        [294.2401, 216.9505, 391.8198, 298.4324]], device='cuda:0')"
1bc3dbcc-ea24-4f60-9de6-1f10f92d9d75.jpg,2,true,"tensor([[ 82.1298,  58.4896, 176.1782, 234.4662],
        [136.5240,  58.5594, 571.4426, 409.8997]], device='cuda:0')"
23b163a4-f9e8-bc4e-3a06-226a9912206e.jpg,2,true,"tensor([[502.9942, 153.7049, 574.9952, 319.6077],
        [237.6156, 154.6542, 476.2482, 323.2573]], device='cuda:0')"
03426099-94e4-93d1-65c3-39adb3ad6188.jpg,1,true,"tensor([[186.8837, 138.8950, 477.4135, 348.4972]], device='cuda:0')"
82e1f9c4-4037-4420-b852-6b7f89406e8a.jpg,1,true,"tensor([[243.2508,  65.5808, 410.8373, 333.4530]], device='cuda:0')"
cdaeb5e0-3704-7010-f85d-ea416fa9ea11.jpg,3,true,"tensor([[443.5809,  58.2751, 573.6592, 130.6371],
        [ 82.2838,  87.0239, 562.6149, 425.5330],
        [506.8801,  58.2184, 574.9008, 132.5052]], device='cuda:0')"
28ec6a99-a074-067d-53f2-a09df222a3ee.jpg,1,true,"tensor([[244.8582, 138.5170, 470.0110, 320.9033]], device='cuda:0')"
1f9a26bd-b48c-2f45-5ac0-ba0bbcc88344.jpg,1,true,"tensor([[289.6488, 152.5143, 419.4472, 377.0629]], device='cuda:0')"
05842c32-c4e0-634b-b6fa-9b9759132819.jpg,2,true,"tensor([[490.4517,  58.0521, 574.9899, 376.1230],
        [130.0433,  58.7504, 466.6761, 388.3136]], device='cuda:0')"
70d4a038-60d5-6393-4ad2-4a71a44d557d.jpg,2,true,"tensor([[ 82.9759, 131.5615, 158.8431, 299.8184],
        [100.9536,  91.1585, 574.7524, 369.5368]], device='cuda:0')"
7a22cebe-5f0f-55e8-a2cf-29359112efa4.jpg,3,true,"tensor([[490.8206, 246.8404, 570.4255, 300.8401],
        [176.2013, 254.2053, 257.5741, 290.4770],
        [423.2816, 250.8108, 464.1064, 294.5069]], device='cuda:0')"
0b31c6e2-64b7-81c6-512b-821255ada5d0.jpg,4,true,"tensor([[255.5633, 265.4244, 394.1437, 426.4333],
        [506.7288, 326.3485, 575.2041, 426.6208],
        [290.6969, 304.9258, 523.1815, 426.2871],
        [454.9034, 326.1880, 539.9625, 425.8547]], device='cuda:0')"
9cee89e1-465d-24b0-1e78-affbd346ec69.jpg,2,true,"tensor([[ 81.9826, 137.4359, 108.0330, 198.5249],
        [132.8246, 135.8352, 396.9487, 262.7101]], device='cuda:0')"
d016d11c-6683-1a87-2066-b87fd062c90d.jpg,1,true,"tensor([[ 88.9002,  82.6033, 508.0735, 382.2087]], device='cuda:0')"
45e3b9d0-96a0-a993-df9e-f6428bcae31b.jpg,1,true,"tensor([[188.9929,  58.6940, 327.0122, 317.7792]], device='cuda:0')"
085abc71-7db0-398f-603d-6ee438b944ad.jpg,3,true,"tensor([[338.5952, 212.7568, 528.2418, 335.2158],
        [115.9544, 181.5079, 265.3833, 319.9919],
        [240.6738, 163.4673, 447.8223, 341.2062]], device='cuda:0')"
49206b64-37fb-9f0e-8ad7-02fe3fab318f.jpg,2,true,"tensor([[ 81.8800,  57.8515, 393.4034, 205.5613],
        [143.1265, 113.8477, 538.8439, 381.0307]], device='cuda:0')"
aab90d47-ddea-736d-3fbb-cf6013ad8810.jpg,3,true,"tensor([[530.6103, 294.5300, 574.6964, 329.7115],
        [135.4998, 282.7523, 181.4203, 319.4259],
        [223.3060, 181.4653, 403.8193, 339.9043]], device='cuda:0')"
3cfa839a-523f-e3c6-196e-fd8283cca014.jpg,5,true,"tensor([[409.0854, 163.1156, 542.4368, 307.0064],
        [ 81.7581, 202.2917, 186.5542, 272.1731],
        [326.9556, 173.5797, 452.6233, 306.1915],
        [254.0311, 336.5330, 279.8276, 358.8530],
        [179.2143, 174.8203, 387.6036, 337.4662]], device='cuda:0')"
be2c0d9f-3658-8f83-cee6-6b60fbd2545d.jpg,1,true,"tensor([[101.8938, 138.7736, 495.4875, 344.7987]], device='cuda:0')"
23a19fbb-1001-ff2b-8eb3-e67eb8ecf65b.jpg,3,true,"tensor([[352.9350, 269.6134, 463.0506, 328.7336],
        [523.1259, 290.4126, 556.3445, 323.0717],
        [166.3136, 278.4308, 289.2847, 352.3421]], device='cuda:0')"
019a7b0f-0615-5484-ca72-866cc7d0fbb5.jpg,4,true,"tensor([[195.6184, 112.3234, 208.0689, 127.6728],
        [333.5049,  63.3584, 344.1815,  72.6931],
        [253.5473, 106.9120, 262.3906, 120.9212],
        [232.4135, 184.6531, 487.5950, 305.9825]], device='cuda:0')"
d32e9ac5-041e-c56e-897e-2edcb694cfcf.jpg,6,true,"tensor([[322.2827,  78.9777, 338.3884,  97.7620],
        [278.4389,  82.6037, 296.3874,  93.5458],
        [ 95.3275, 165.3921, 220.3340, 220.4431],
        [254.9268, 160.6560, 411.2833, 220.7274],
        [233.6728,  79.8151, 258.4558,  94.4843],
        [171.0767, 181.7758, 395.7217, 322.9637]], device='cuda:0')"
55d06e50-9a48-bcab-31aa-178e31de94d7.jpg,2,true,"tensor([[165.0104, 235.3015, 227.0753, 312.2770],
        [187.4545, 238.6089, 309.3871, 314.1877]], device='cuda:0')"
8e702948-d655-b035-5fc3-843e1e49796f.jpg,1,true,"tensor([[105.8298, 120.4830, 533.1271, 390.3394]], device='cuda:0')"
3c7e825d-1ea5-18b2-b8ca-0c06dced59c4.jpg,1,true,"tensor([[ 82.9885, 111.5528, 510.7816, 425.8945]], device='cuda:0')"
c72a81d0-0945-7ca8-d6df-89dc0242ecf0.jpg,3,true,"tensor([[485.3486, 149.6404, 574.6319, 299.7848],
        [566.0778, 204.0951, 575.0432, 279.9868],
        [281.2910, 152.2026, 495.2764, 288.2586]], device='cuda:0')"
64ecb59b-cc43-8e43-1261-0a95ecbf0aed.jpg,2,true,"tensor([[482.2538, 189.8260, 533.1697, 216.8025],
        [147.4795, 189.1445, 189.0009, 216.9371]], device='cuda:0')"
8115b0ea-b680-c92c-38a7-4d66254edf96.jpg,1,true,"tensor([[141.5357, 137.6490, 466.1451, 365.8991]], device='cuda:0')"
2dc7b6f5-34b2-693c-5ba5-22ce2893aeeb.jpg,1,true,"tensor([[176.9926,  83.0364, 499.0336, 305.5591]], device='cuda:0')"
87378ead-d7fb-7bf1-a8e0-f72f405b8d8f.jpg,1,true,"tensor([[280.4583, 153.3839, 471.3610, 295.8985]], device='cuda:0')"
c7c4de7b-b9d4-1105-ed7a-53d431ca32b6.jpg,2,true,"tensor([[ 96.7402,  58.6293, 516.3418, 386.0302],
        [197.3068,  58.0211, 238.6011,  69.5143]], device='cuda:0')"
09523079-a633-d7a9-e16f-179d4258932f.jpg,5,true,"tensor([[321.8227, 212.4641, 536.1638, 354.4673],
        [190.2773, 261.6601, 278.5108, 300.6096],
        [500.5184, 274.0970, 574.2005, 319.1948],
        [101.2404, 213.0248, 312.1510, 302.4008],
        [394.9315, 411.6183, 418.5169, 426.7685]], device='cuda:0')"
b48f5331-17a6-4f67-e986-bc5c25a46f1b.jpg,1,true,"tensor([[132.1710,  68.2197, 504.1522, 358.8573]], device='cuda:0')"
2daf394a-bc39-e938-be6b-352b03af7925.jpg,1,true,"tensor([[124.5709, 220.0224, 383.7230, 357.1494]], device='cuda:0')"
cc487799-a327-aa59-4e48-ec0839ad5063.jpg,2,true,"tensor([[ 82.2254, 195.5739, 105.7672, 214.5656],
        [180.0143, 178.6851, 467.9037, 365.0730]], device='cuda:0')"
64b3e1b3-d83e-d67f-f35d-9bf7b5d64023.jpg,1,true,"tensor([[135.5539,  89.0124, 472.2798, 326.3686]], device='cuda:0')"
f2301583-6a2b-61fc-07a4-e1dce8859354.jpg,1,true,"tensor([[187.9701, 189.3982, 492.8525, 321.5784]], device='cuda:0')"
296a2db4-c046-3947-df45-c80fba8528d4.jpg,2,true,"tensor([[259.2096,  83.0308, 574.7603, 415.5948],
        [144.8783,  92.8356, 573.4270, 425.4992]], device='cuda:0')"
c6934c67-e3a6-6812-b237-31230931e63a.jpg,1,true,"tensor([[221.8318,  93.6170, 491.0110, 348.6556]], device='cuda:0')"
7eec8f3d-6a3c-c877-9c9e-d6f345de1cb5.jpg,3,true,"tensor([[ 82.1751, 160.5764, 125.6537, 357.3750],
        [125.8456,  58.7095, 487.6992, 352.0346],
        [328.1759,  58.1371, 370.2310,  81.3070]], device='cuda:0')"
16a3a71a-e8b0-e798-6012-8fa36afed07d.jpg,1,true,"tensor([[162.3874,  69.3841, 485.4711, 390.5599]], device='cuda:0')"
761b2476-542c-d3c9-6f69-5291fb596421.jpg,1,true,"tensor([[172.8022,  72.6179, 521.5382, 426.2748]], device='cuda:0')"
1c8bf06f-9d5d-9c9c-4ed8-5e682f29c0c1.jpg,1,true,"tensor([[104.8893,  58.9515, 387.3830, 365.1735]], device='cuda:0')"
2894dc79-a14b-52bf-2e62-c971ec54745e.jpg,1,true,"tensor([[ 81.7363, 100.2531, 453.7993, 340.9266]], device='cuda:0')"
ff6b7182-d903-b81a-cf31-1280e18b8209.jpg,3,true,"tensor([[337.1646, 189.2508, 501.3204, 279.5737],
        [208.7854, 264.9225, 260.7977, 308.8586],
        [155.2344, 192.3949, 329.0422, 316.2393]], device='cuda:0')"
11225b3a-1d3e-7558-91ce-7738e09e52e0.jpg,5,true,"tensor([[418.6979, 202.3717, 574.5478, 323.1814],
        [ 81.7817, 301.2967, 181.6145, 426.6927],
        [220.2843, 165.6013, 259.3823, 203.0904],
        [567.1136, 208.4590, 574.9280, 229.3500],
        [286.9216, 207.9475, 437.7794, 351.0062]], device='cuda:0')"
9dab8bdd-935f-52ff-2be4-b74f800a7004.jpg,3,true,"tensor([[555.1946,  68.2843, 574.8275,  92.6693],
        [ 81.9715, 203.2673, 121.1701, 288.3835],
        [192.2946, 173.9816, 469.4028, 390.5819]], device='cuda:0')"
570ffe18-619a-a47f-424f-9491682e361c.jpg,1,true,"tensor([[250.4595, 132.5199, 425.2785, 310.8775]], device='cuda:0')"
cd93bc12-8e15-4ca1-90a0-8666198c068a.jpg,2,true,"tensor([[207.7774,  92.3400, 532.3512, 280.1545],
        [523.5667, 149.7926, 549.5925, 167.2820]], device='cuda:0')"
cfd671e2-5b4b-9e3b-6aa2-ce96e6e3933b.jpg,6,true,"tensor([[526.3822, 120.2293, 549.6265, 137.0524],
        [206.4561, 250.7557, 228.1158, 286.3291],
        [ 82.8694, 249.1351, 165.0784, 309.5491],
        [ 82.7932, 198.6892, 169.6506, 258.0618],
        [239.8503, 219.2951, 352.0888, 315.4956],
        [187.6829, 245.8835, 205.5865, 281.2579]], device='cuda:0')"
a96cf3fa-268c-1959-f118-f9dc85031997.jpg,1,true,"tensor([[247.9419, 102.0172, 332.1538, 257.6503]], device='cuda:0')"
f75164bb-dee8-7fb9-ad88-e638dd54c618.jpg,2,true,"tensor([[ 82.4734,  58.2406, 197.0699, 299.1941],
        [175.6544,  58.1350, 574.3334, 305.0678]], device='cuda:0')"
d2c32b9a-8d7e-4dc0-9ba6-a018148e302c.jpg,4,true,"tensor([[531.0920, 165.5241, 574.9737, 316.0285],
        [ 82.4429, 115.2042, 173.2297, 261.7099],
        [210.0938, 153.0252, 485.3561, 328.0455],
        [282.1398, 127.7529, 396.4936, 169.4048]], device='cuda:0')"
d5095370-ac77-fe15-5b49-861fab7bf0fa.jpg,1,true,"tensor([[102.5453,  74.4816, 523.4872, 321.3483]], device='cuda:0')"
c786b767-7008-8af0-af69-f1b14af1acf4.jpg,4,true,"tensor([[510.0980,  87.6466, 575.1694, 354.2130],
        [ 95.4234,  58.1779, 136.1351,  85.2917],
        [162.8847, 100.0785, 473.0226, 393.4420],
        [140.3866,  58.3130, 233.5075,  96.3532]], device='cuda:0')"
c6940a6b-c2e9-0192-f41b-b10a61c8fe31.jpg,4,true,"tensor([[135.2066, 226.1746, 431.6080, 392.7794],
        [205.1379, 147.1539, 514.2201, 392.6710],
        [125.6822, 136.1168, 312.3747, 215.2838],
        [325.2977, 148.5380, 355.3527, 170.3418]], device='cuda:0')"
68a33cac-f1f1-a20e-054b-412be1e2c3a3.jpg,2,true,"tensor([[511.3335, 140.8484, 542.8005, 167.2775],
        [193.6874, 169.9830, 405.2106, 298.0810]], device='cuda:0')"
26de1af7-8da0-5a91-47c0-e83b307d5cd3.jpg,2,true,"tensor([[437.4180, 137.6300, 574.7576, 260.6175],
        [120.0837,  94.7225, 435.4130, 265.7275]], device='cuda:0')"
10dc8b6c-090d-4b0f-8604-75f0c0e8b07f.jpg,0,false,"tensor([], device='cuda:0', size=(0, 4))"
2be077ae-cc9c-9856-cd47-4f92c00c9dd6.jpg,2,true,"tensor([[ 82.5836, 281.0107, 109.8676, 394.1253],
        [118.8161, 121.7074, 552.2576, 359.1878]], device='cuda:0')"
55f4ad11-3ed9-5274-8688-65d4ed280f3e.jpg,1,true,"tensor([[102.7241, 225.8533, 287.6876, 384.0249]], device='cuda:0')"
210aa0d4-ecca-6135-b78f-376cb3d8eee8.jpg,1,true,"tensor([[231.5269, 106.5276, 574.5234, 360.8322]], device='cuda:0')"
caf3d1b7-deb0-f6dc-a41e-1befc67e36d0.jpg,1,true,"tensor([[ 82.0800,  78.1031, 575.0857, 364.6952]], device='cuda:0')"
24da134c-52bc-dbed-9c0b-deb3536ffecc.jpg,1,true,"tensor([[221.5591, 293.1237, 346.8695, 371.9935]], device='cuda:0')"
b66d62fc-42fd-2c67-9f84-f6018d6ca9d6.jpg,2,true,"tensor([[550.0234, 251.9422, 574.9855, 292.8846],
        [243.5236, 191.3779, 438.2287, 347.1194]], device='cuda:0')"
d59aed23-b322-e33b-f6c2-b0dc9ba08a62.jpg,2,true,"tensor([[ 82.0265, 365.4834, 139.9464, 426.5872],
        [202.9712,  76.7444, 381.5069, 358.2638]], device='cuda:0')"
c3c3ce30-06fd-c1b2-1735-b8bbbc43c11d.jpg,3,true,"tensor([[ 81.7464,  95.2910, 483.6603, 372.2058],
        [228.2307, 110.2721, 241.4327, 124.7708],
        [261.6520, 113.3689, 270.1684, 121.0106]], device='cuda:0')"
d0b922d1-f068-1fff-7d1c-29d696f296e1.jpg,1,true,"tensor([[193.7460,  98.2073, 500.3738, 426.1945]], device='cuda:0')"
a25bc44b-7452-6d5e-f77b-abc801dd907a.jpg,1,true,"tensor([[240.6532, 124.9895, 356.1508, 386.7046]], device='cuda:0')"
cc61c6f7-e474-4842-6d09-7dc690facfe3.jpg,1,true,"tensor([[176.6778, 203.5579, 376.3109, 372.4078]], device='cuda:0')"
1290ed3b-f74f-eedd-6cd7-9dc3513146a2.jpg,2,true,"tensor([[302.7459, 278.2903, 325.4659, 291.1001],
        [322.3084, 274.8990, 347.8033, 287.1718]], device='cuda:0')"
53c44979-eba2-b70f-cda5-3f4fb6a39f9d.jpg,2,true,"tensor([[ 82.0641, 150.7255, 108.7766, 302.9641],
        [246.4110, 194.7663, 476.9920, 383.9973]], device='cuda:0')"
cbb0c73c-f0bb-8686-5da1-5fd027d1d89e.jpg,2,true,"tensor([[ 82.1092, 113.5527, 208.6033, 242.3456],
        [ 83.4724, 110.8208, 462.5009, 273.6651]], device='cuda:0')"
fd7947da-d50f-bbef-40af-b6e44fe29403.jpg,2,true,"tensor([[ 82.6515, 125.7489, 255.5743, 250.3364],
        [248.9227, 108.6594, 452.0553, 249.7277]], device='cuda:0')"
4e9df4d8-5a0e-050b-68ea-99449d3935b9.jpg,1,true,"tensor([[244.6219, 178.0505, 424.5579, 301.6565]], device='cuda:0')"
9a62529c-895d-3c38-a644-7ab5bb564341.jpg,2,true,"tensor([[120.5889,  99.8287, 514.2252, 367.6201],
        [555.8038, 107.6957, 574.8126, 272.5959]], device='cuda:0')"
a806fb81-f04a-d22b-0a9c-c9abe506e2a8.jpg,1,true,"tensor([[183.8590, 138.9414, 547.4828, 362.2485]], device='cuda:0')"
ed06aa1a-ad2d-dc67-ddb1-c4618ac142f6.jpg,1,true,"tensor([[ 96.6131, 131.1927, 508.2103, 362.9947]], device='cuda:0')"
a785fd8e-f4a5-0f11-11cc-c3bc3c376561.jpg,1,true,"tensor([[148.3831, 187.3649, 493.1534, 346.7833]], device='cuda:0')"
85c14983-c824-0d97-35d0-9ad3f65457b4.jpg,2,true,"tensor([[459.1049, 143.6650, 493.4932, 177.0027],
        [ 91.7921,  96.5928, 466.8320, 358.6772]], device='cuda:0')"
865c727b-ca89-e686-ef5d-ba9e0299d792.jpg,1,true,"tensor([[222.8425, 177.5567, 392.0398, 276.4804]], device='cuda:0')"
8c329af7-4f9d-df61-7548-e365baaed9da.jpg,2,true,"tensor([[119.2818, 169.9918, 424.6797, 387.1460],
        [507.5149, 186.5781, 574.8708, 357.5327]], device='cuda:0')"
a99815d4-eb1a-06e8-c84e-d4827b2ce04d.jpg,1,true,"tensor([[146.7190, 142.4517, 531.4299, 365.2141]], device='cuda:0')"
8c7b9eb9-8985-2bab-239d-3a8265947ab6.jpg,2,true,"tensor([[247.3697, 210.4177, 327.9478, 393.9502],
        [246.3692, 139.3650, 364.7006, 419.7573]], device='cuda:0')"
5e08971d-b8b1-f9c5-da25-e1b7b8f29b6d.jpg,1,true,"tensor([[273.0332, 208.1964, 369.4751, 295.4403]], device='cuda:0')"
8a88ddc8-eb2f-739f-65f5-944292750456.jpg,1,true,"tensor([[191.2535, 130.3908, 402.3207, 422.1265]], device='cuda:0')"
a880ac85-a98a-b147-7cec-122f9e01d461.jpg,3,true,"tensor([[ 82.4429, 115.5581, 185.8260, 160.4640],
        [ 82.3965, 139.5780, 198.2452, 315.4535],
        [198.2087, 107.4943, 459.6420, 290.8990]], device='cuda:0')"
5fa3d938-f55c-5c28-536f-96033e385b1b.jpg,1,true,"tensor([[ 92.6773, 100.1511, 459.3772, 357.7955]], device='cuda:0')"
cb8b610a-ac48-3e52-bbe8-79bb2bb7da8d.jpg,6,true,"tensor([[481.6504, 193.4904, 522.9947, 254.0299],
        [230.5752, 185.1879, 323.7501, 236.9636],
        [307.7036, 189.6505, 325.6121, 236.6051],
        [518.9613, 200.3755, 546.2992, 256.7935],
        [ 82.2107, 183.9037, 100.0655, 227.4813],
        [307.9669, 187.0227, 380.4265, 239.2688]], device='cuda:0')"
caa0f43b-a193-9886-de38-5b721d223535.jpg,6,true,"tensor([[140.5177, 155.8849, 198.5128, 199.2584],
        [354.9740, 174.3582, 506.0705, 262.3206],
        [207.9149, 152.2925, 249.4640, 202.7495],
        [172.2647, 155.5920, 238.0238, 207.3191],
        [429.5425, 151.3143, 501.2528, 199.4338],
        [249.1071, 156.4362, 354.8480, 216.0346]], device='cuda:0')"
58f47cfb-3ca1-1ce1-6832-5008d128e9bf.jpg,2,true,"tensor([[127.3210, 147.2603, 344.6763, 318.9325],
        [ 81.7067, 140.3351, 299.5999, 309.7625]], device='cuda:0')"
5b13dd8a-1b28-559e-c7fa-b92a9232780c.jpg,1,true,"tensor([[387.0034,  77.5072, 524.4152, 358.9902]], device='cuda:0')"
945dcfe2-d3aa-174b-345b-239d2a8ddfe7.jpg,1,true,"tensor([[145.4789, 107.7691, 477.2687, 426.0340]], device='cuda:0')"
d6fc89e5-a31c-db82-b2a1-ea7fc15f036b.jpg,7,true,"tensor([[221.6234, 251.5163, 262.1163, 276.0143],
        [258.2030, 253.4482, 292.7427, 274.3928],
        [424.0862, 256.6455, 462.5403, 274.1294],
        [334.0341, 257.7676, 354.6696, 275.9804],
        [ 99.8750, 255.4318, 112.9456, 269.8162],
        [294.2657, 251.3036, 337.0424, 275.2564],
        [352.1844, 258.7184, 379.9571, 274.7874]], device='cuda:0')"
c703fd7d-b01b-801f-b26f-58904b94af51.jpg,2,true,"tensor([[352.8561, 123.4074, 548.6907, 294.9008],
        [554.1448, 135.2785, 574.9017, 177.5055]], device='cuda:0')"
ed24f0c0-b5fe-1a40-4a69-fceb0c2b743b.jpg,4,true,"tensor([[413.0527, 295.0262, 423.0371, 304.7152],
        [493.7082, 294.8438, 509.1826, 304.3128],
        [437.1699, 294.9287, 453.2327, 305.6390],
        [480.6780, 295.1537, 492.6355, 303.7115]], device='cuda:0')"
2cf00594-2ce2-fc71-e355-d78753a4c5bc.jpg,1,true,"tensor([[139.2280,  91.4035, 470.1683, 368.1647]], device='cuda:0')"
d03c2b47-04e1-0b3d-6b24-70b916505866.jpg,2,true,"tensor([[564.8670, 214.8048, 575.1507, 342.4635],
        [105.2984,  94.9120, 538.9697, 400.9666]], device='cuda:0')"
4e84acac-eda9-619d-8ddb-d17e0b0a4336.jpg,3,true,"tensor([[484.2200,  58.0898, 574.8026, 305.9580],
        [ 82.5129,  58.0332, 166.4428, 213.3914],
        [112.4242,  85.0219, 574.5054, 426.0522]], device='cuda:0')"
2365d942-04a9-bdaf-bbaf-c5d6a5ec41d0.jpg,2,true,"tensor([[ 82.3997, 217.2872,  99.2951, 298.4836],
        [247.2299, 173.0810, 479.4418, 312.4333]], device='cuda:0')"
e98fa2a3-de55-e4cf-17dc-fed7dd7c9cc0.jpg,3,true,"tensor([[336.1619, 254.0598, 452.2253, 325.8845],
        [215.6497, 401.6797, 310.3784, 426.8233],
        [139.6097, 249.9890, 274.9977, 337.2797]], device='cuda:0')"
24b87fef-407d-21d9-114b-31d6ae5c4f18.jpg,1,true,"tensor([[215.9554,  58.1605, 435.6096, 422.4616]], device='cuda:0')"
5feb1fdf-f569-f466-2a17-4204c673c9dd.jpg,2,true,"tensor([[ 89.9321, 104.1938, 288.7165, 248.6236],
        [247.5745,  65.5167, 419.0792, 227.6775]], device='cuda:0')"
ed69a115-7dcd-72b8-5f3a-467177ba367b.jpg,2,true,"tensor([[497.8072,  80.6033, 574.9775, 244.9633],
        [114.5166, 102.7550, 423.9161, 289.4465]], device='cuda:0')"
81d82a1a-7428-fb7e-473d-9a51ae9dee26.jpg,3,true,"tensor([[512.2192, 133.2610, 574.9655, 255.3866],
        [ 82.2615, 139.4198, 148.2382, 243.8261],
        [264.8859, 146.5853, 505.1611, 257.7250]], device='cuda:0')"
295e0e13-77c1-e8b6-0cb1-09cdefcfa90a.jpg,1,true,"tensor([[176.2238, 141.6440, 447.7844, 298.5628]], device='cuda:0')"
c00f9b0d-b0a5-548a-b290-c91d4b00e201.jpg,5,true,"tensor([[387.9153, 228.3398, 494.1728, 335.8779],
        [111.7078, 271.0733, 238.2007, 335.7820],
        [ 82.4815, 257.3222, 114.3955, 300.1705],
        [358.0859, 269.1611, 397.0724, 315.0526],
        [238.9946, 274.7691, 358.5300, 331.2151]], device='cuda:0')"
3a2254bb-6c54-1f3e-45b3-6f4a06a3eafb.jpg,1,true,"tensor([[ 85.2106, 140.4894, 482.3056, 380.1693]], device='cuda:0')"
ce0b02dc-c6b0-499a-8f95-46e831a76d3d.jpg,1,true,"tensor([[270.1622, 211.5222, 440.3130, 393.8176]], device='cuda:0')"
e6cea48f-231f-8049-332c-6433811747a7.jpg,4,true,"tensor([[333.3143, 177.6324, 447.1840, 251.4102],
        [ 81.8965, 169.3113,  91.6047, 222.4104],
        [ 82.5704, 168.4695, 118.6087, 223.3890],
        [ 82.7687, 169.1255, 197.3400, 246.1984]], device='cuda:0')"
4a8efd54-d7eb-cd2b-8fa9-5d5302d49c31.jpg,2,true,"tensor([[ 82.0194, 189.3373, 145.5107, 322.6933],
        [236.2345, 170.1606, 437.0308, 322.8620]], device='cuda:0')"
3455e163-36ec-caf5-c1d9-1d0ec3ffa604.jpg,11,true,"tensor([[456.5676,  70.6152, 502.9243,  97.4501],
        [ 82.0393,  58.1822, 101.7887,  77.4249],
        [207.5471,  58.3921, 252.0996,  85.7009],
        [ 82.0629, 171.1320,  89.9135, 213.8264],
        [186.5441,  58.7145, 217.8810,  81.6729],
        [398.4695,  68.4927, 502.2784,  97.4455],
        [187.2900,  58.5814, 251.7763,  85.6282],
        [110.8496,  60.3806, 144.3792,  84.1045],
        [100.3199, 127.9204, 393.8322, 330.3184],
        [397.7067,  69.2442, 437.5902,  88.3177],
        [310.7111,  58.4166, 402.5220,  89.7200]], device='cuda:0')"
9bb558a8-65a4-6657-040f-4bfac7fdd2ec.jpg,1,true,"tensor([[282.8938, 182.4725, 376.5421, 336.4292]], device='cuda:0')"
d03aebba-1a5f-c2e4-0a4e-a067f2a9a965.jpg,2,true,"tensor([[440.1915,  65.2724, 574.8289, 324.8282],
        [200.4271,  71.2724, 575.1672, 389.4821]], device='cuda:0')"
6da69072-72f0-39c1-3d22-23fc2f12780d.jpg,2,true,"tensor([[507.9402,  61.9504, 574.7576, 243.4747],
        [212.0634, 113.7008, 551.6916, 290.0761]], device='cuda:0')"
bdd975df-9131-d923-7c3a-c8b8cc993f4e.jpg,2,true,"tensor([[471.5534, 125.3996, 575.7276, 301.0811],
        [181.8534,  79.7991, 570.5094, 298.3261]], device='cuda:0')"
5c89c3e5-dca5-7644-8808-b68148f25e0f.jpg,1,true,"tensor([[273.4932, 175.3094, 462.3087, 386.4385]], device='cuda:0')"
faf35b27-78c5-bb6f-a752-9eaeea8ec7d7.jpg,2,true,"tensor([[364.4626, 162.5943, 432.2039, 315.1445],
        [132.3936, 135.4298, 401.7616, 353.3448]], device='cuda:0')"
0e498ba2-f68d-f618-286c-092bb7035ce0.jpg,17,true,"tensor([[264.2652, 251.1964, 305.2007, 282.9925],
        [513.8074, 236.8072, 528.5613, 243.2315],
        [191.6490, 246.5395, 219.5189, 264.5505],
        [499.6687, 264.9234, 520.5377, 282.9648],
        [392.1987, 239.6755, 405.1646, 247.6583],
        [348.7997, 241.3972, 360.3034, 249.4720],
        [115.0327, 247.0010, 136.9933, 264.2455],
        [295.5164, 242.9591, 318.9275, 255.4155],
        [419.9028, 239.3648, 433.9529, 248.1649],
        [443.7584, 237.9411, 458.6360, 245.5364],
        [370.1087, 240.0856, 381.9429, 249.0112],
        [502.5924, 235.6443, 513.6194, 244.6029],
        [355.9645, 252.0028, 405.3694, 280.4481],
        [359.7873, 240.9558, 372.1938, 248.6663],
        [404.0360, 239.3104, 415.2063, 247.2715],
        [267.1754, 244.1620, 291.4709, 255.4903],
        [464.9370, 237.6333, 481.2242, 246.9446]], device='cuda:0')"
15cf16c4-0a55-2537-c9ec-0fd5a4abad0c.jpg,1,true,"tensor([[236.6497, 110.5531, 353.0029, 372.4964]], device='cuda:0')"
7713e9e3-c4e8-6cb2-f0c2-83b0df828075.jpg,1,true,"tensor([[137.2968, 108.6140, 570.7177, 352.6920]], device='cuda:0')"
dbcf4e8a-6665-ebae-29a2-b473236dc32a.jpg,2,true,"tensor([[467.8390, 139.5016, 574.9706, 326.8996],
        [158.6947, 149.7083, 477.8790, 334.1328]], device='cuda:0')"
16ad8cb4-3026-27fa-6508-b82194f48994.jpg,7,true,"tensor([[548.1127, 200.1644, 574.9520, 319.7853],
        [ 82.1356, 191.7278, 147.8514, 277.1233],
        [525.0283, 192.4297, 574.7118, 234.8718],
        [542.0745, 194.7070, 572.9403, 223.3421],
        [222.7690, 182.0565, 510.7849, 322.5837],
        [229.4946, 194.6202, 272.7358, 240.0127],
        [132.9539, 196.8167, 186.3896, 245.0969]], device='cuda:0')"
6d0e2e49-9c63-4a9f-57bf-015c070e56d5.jpg,1,true,"tensor([[179.7363, 127.3740, 536.2045, 327.2960]], device='cuda:0')"
9f5de1a9-d08c-0e9f-c7a3-33d77b043578.jpg,1,true,"tensor([[169.6245, 107.0511, 574.3818, 425.8229]], device='cuda:0')"
419aad1d-5e9f-e241-4744-5dcfafba6120.jpg,4,true,"tensor([[ 81.9679, 147.7476, 166.8521, 373.7407],
        [ 82.7795,  99.1365, 180.9895, 290.2310],
        [141.1587, 164.1729, 492.2827, 366.0933],
        [550.3502, 215.4326, 574.8598, 232.1129]], device='cuda:0')"
8fb83e5d-bf29-7325-fc5e-9cfd0b363943.jpg,2,true,"tensor([[144.0293, 154.3517, 265.9940, 296.1683],
        [242.0437, 161.2892, 332.9289, 293.3908]], device='cuda:0')"
6c810002-8554-a8d1-5cc1-ea0bc142f34f.jpg,2,true,"tensor([[271.6797,  59.5483, 575.3296, 399.2368],
        [103.7677,  95.4861, 498.6834, 405.4362]], device='cuda:0')"
3c87047e-7626-0ea0-5d26-f4786a95110e.jpg,3,true,"tensor([[271.6902, 282.7937, 294.5679, 313.4019],
        [240.3364, 120.7515, 428.4234, 336.8960],
        [406.5779, 290.1606, 420.4375, 328.4937]], device='cuda:0')"
41777703-9e5c-f538-0fa3-c922a882d5ae.jpg,2,true,"tensor([[ 82.2777,  69.0256, 119.7030, 234.7758],
        [173.3461, 109.4417, 548.1294, 309.8564]], device='cuda:0')"
297347b8-5468-ef30-a1b8-066c2074aaec.jpg,1,true,"tensor([[128.7440, 129.6200, 424.4388, 309.5186]], device='cuda:0')"
0b2ed8b9-ec18-ab0e-4ad6-77bb6c524f8a.jpg,1,true,"tensor([[361.2614, 212.2166, 455.0556, 279.8894]], device='cuda:0')"
87816b6d-9958-8f9d-2e56-3f3529242ba4.jpg,6,true,"tensor([[440.0517, 217.7613, 536.3152, 331.3786],
        [525.2543, 203.3049, 575.3685, 339.2104],
        [229.7493, 273.4582, 327.3293, 303.1365],
        [ 82.0752, 192.1950, 162.6074, 321.5594],
        [136.5473, 135.1292, 489.0872, 348.0343],
        [382.7699, 234.8445, 450.1738, 307.9385]], device='cuda:0')"
7c96106b-b8d0-d926-8958-ce2ee31d3829.jpg,1,true,"tensor([[297.7075, 269.8397, 360.3051, 361.4030]], device='cuda:0')"
69552d96-5035-b7ea-b23d-25b21d158959.jpg,1,true,"tensor([[206.2010, 180.9343, 505.8844, 380.2658]], device='cuda:0')"
584f7a97-e7d3-5f98-fcb5-d4c10944e1a5.jpg,1,true,"tensor([[113.1593,  98.9361, 435.5594, 421.8135]], device='cuda:0')"
0e3ba7e8-5bef-da66-9ca0-f82db3013cb2.jpg,1,true,"tensor([[271.4908, 222.5141, 401.0782, 325.7794]], device='cuda:0')"
a535bc25-457e-a0b7-377e-bffc976dc51b.jpg,1,true,"tensor([[184.6120,  77.4634, 491.0471, 382.7726]], device='cuda:0')"
3ed8a4ca-c476-1113-84d5-c36a45cc6c81.jpg,1,true,"tensor([[209.2265, 146.5011, 484.3496, 329.2193]], device='cuda:0')"
11debf6b-1e4a-c68c-ee56-325ece82b7b5.jpg,1,true,"tensor([[214.2189, 148.2197, 574.4182, 400.8093]], device='cuda:0')"
9876ceec-1bc2-0042-53ba-12541884dc44.jpg,1,true,"tensor([[189.8958, 101.6180, 383.6161, 365.3501]], device='cuda:0')"
f1381129-5332-5933-eaf6-f9973bf7cc3d.jpg,1,true,"tensor([[ 82.8230, 152.1551, 431.5370, 305.2787]], device='cuda:0')"
35fdbcaf-6284-de73-ef77-c22d61f54c93.jpg,2,true,"tensor([[543.5298, 161.2934, 574.6435, 222.9283],
        [ 87.0026,  83.6036, 402.5996, 324.4040]], device='cuda:0')"
53464a64-3c4f-2e0c-d8d3-e3eba294317e.jpg,8,true,"tensor([[339.7908, 180.5314, 372.4733, 195.6584],
        [160.7760, 175.2150, 322.7420, 337.7159],
        [ 82.0971, 152.5394, 162.2569, 342.8817],
        [460.6743, 181.4459, 485.8476, 199.9673],
        [568.0068, 185.1792, 574.9700, 212.7878],
        [224.8395, 183.7190, 537.1780, 356.9831],
        [358.1763, 176.1106, 411.0621, 196.7288],
        [409.3602, 174.1249, 459.1762, 198.2735]], device='cuda:0')"
d08864a4-2217-d68a-0322-f86cb2f5cea2.jpg,1,true,"tensor([[143.1359,  74.5406, 526.5413, 355.6436]], device='cuda:0')"
9490c850-6cd9-0418-496b-def660a8a8c4.jpg,3,true,"tensor([[371.9481, 121.1936, 574.5464, 355.1011],
        [197.1309, 102.0084, 445.3565, 334.9966],
        [225.2578, 150.0066, 392.9103, 344.2399]], device='cuda:0')"
a0bcfeb7-fac1-5ac3-36a9-b7428317501c.jpg,1,true,"tensor([[216.6586, 153.4024, 502.9605, 316.4677]], device='cuda:0')"
2d6945a4-17ce-5198-2cbc-91a3847e5f47.jpg,2,true,"tensor([[257.0395, 170.7443, 467.4583, 289.8666],
        [ 82.1756, 110.2872, 305.8783, 266.3664]], device='cuda:0')"
dc1fa258-8ce8-72a0-2e86-734558c1ff1c.jpg,2,true,"tensor([[497.7753, 153.7952, 574.7544, 337.4501],
        [131.3420, 129.5160, 446.0316, 359.8913]], device='cuda:0')"
92d09ba5-ae2b-688f-5bfa-1c54c36d721c.jpg,1,true,"tensor([[ 82.7018,  86.8077, 353.7911, 426.3373]], device='cuda:0')"
fa3ea7a7-05cb-c305-8dc8-f6bb36aec525.jpg,5,true,"tensor([[214.0162, 134.3265, 522.3272, 305.2607],
        [135.4365, 136.8287, 323.4048, 279.9656],
        [340.9627, 108.2158, 440.0137, 161.6063],
        [341.4738, 132.7008, 400.5566, 161.4204],
        [370.0600, 108.6152, 440.0369, 150.2124]], device='cuda:0')"
3cf047db-17d6-9512-cd7c-5ea6ab1fc1d8.jpg,1,true,"tensor([[117.2435, 114.0007, 492.0616, 383.3690]], device='cuda:0')"
05851c3a-e2cc-fbbf-f7c6-33d6cec108b2.jpg,2,true,"tensor([[333.5313,  92.3676, 574.8840, 343.8725],
        [ 82.3112, 117.9910, 572.6293, 385.5721]], device='cuda:0')"
c03b617e-4b8e-2e14-b378-f3a2cc917c12.jpg,1,true,"tensor([[285.3013, 132.8499, 574.6332, 373.4536]], device='cuda:0')"
01315d8a-855b-f105-90d8-8a3b2cfceabe.jpg,4,true,"tensor([[268.5386,  63.4450, 574.3721, 356.3887],
        [ 82.0687, 120.0409, 108.9140, 194.7869],
        [ 94.3405, 138.2124, 303.5287, 329.4991],
        [283.4391, 129.3784, 574.4894, 357.7599]], device='cuda:0')"
ec33986d-a39d-0740-c3d5-c6384f885100.jpg,1,true,"tensor([[221.6193, 176.5606, 462.4770, 358.9891]], device='cuda:0')"
5b658340-6ba8-5832-5872-0c27e00bacc6.jpg,6,true,"tensor([[497.9974, 146.4986, 574.9347, 338.6273],
        [ 81.6911, 143.8318, 131.9104, 259.7491],
        [418.9503, 128.6980, 574.4702, 269.2025],
        [123.8808, 148.5499, 491.7996, 370.1744],
        [298.9883, 115.7695, 432.1241, 174.5358],
        [ 97.5464, 117.7023, 304.9663, 270.5589]], device='cuda:0')"
30e16c23-c011-ced1-25cf-e65814287261.jpg,1,true,"tensor([[ 82.8080, 126.3468, 534.4603, 345.1433]], device='cuda:0')"
4738e0a5-58fd-7af7-a988-b3bce436c38a.jpg,1,true,"tensor([[225.2756, 162.4383, 449.8752, 288.9263]], device='cuda:0')"
e6d68680-5f55-d4f2-0c01-5d5bc98491d5.jpg,2,true,"tensor([[170.6246,  60.0875, 574.5875, 303.7798],
        [ 82.2845,  58.2128, 229.4294, 303.4578]], device='cuda:0')"
9319eb57-0d1c-3571-7184-b995c6011c00.jpg,5,true,"tensor([[240.3626, 267.6729, 350.2413, 330.0189],
        [396.2810, 267.7212, 480.4448, 330.3553],
        [324.6659, 279.7237, 377.2172, 332.6101],
        [225.4890, 269.0239, 316.4901, 331.5989],
        [337.1292, 268.8584, 420.4977, 324.9012]], device='cuda:0')"
baf7f1e1-9373-3a29-f21d-2f25e2b7d5dc.jpg,2,true,"tensor([[332.8229, 235.5468, 347.4742, 259.4885],
        [412.9594, 240.6802, 424.3788, 247.3930]], device='cuda:0')"
dd73680a-3f93-c007-2d6d-2eeb9cd04f74.jpg,1,true,"tensor([[195.7262,  89.5127, 540.3791, 425.9905]], device='cuda:0')"
bee0132f-3478-b0cd-8f7a-bc744af4bfc2.jpg,1,true,"tensor([[230.3131,  83.6945, 395.0804, 361.8265]], device='cuda:0')"
553d5e1c-28b3-3320-c868-92ca6ad15fd8.jpg,1,true,"tensor([[193.5680, 187.5201, 442.3113, 383.5148]], device='cuda:0')"
bef3f321-516b-977e-5ac7-3dfa8c4a1f32.jpg,4,true,"tensor([[261.1079, 177.8524, 484.3557, 345.0058],
        [ 94.2240, 197.9693, 262.7523, 388.1138],
        [ 81.7639, 202.8156, 155.1088, 424.8225],
        [ 82.6915, 189.6120, 177.7720, 358.1799]], device='cuda:0')"
5a17089c-ad3e-fe40-7d8c-7fda9e707dcf.jpg,3,true,"tensor([[337.8106, 175.8058, 488.8923, 295.7853],
        [176.6610,  96.1793, 315.2579, 303.1657],
        [ 82.0791, 153.2236, 150.9050, 288.2867]], device='cuda:0')"
3ae9a808-1eda-1cf8-192b-254f4ea443c6.jpg,3,true,"tensor([[315.2803, 181.2194, 478.9149, 275.4341],
        [104.4029, 224.6450, 331.6287, 362.8145],
        [208.6151, 183.2365, 366.8015, 262.0213]], device='cuda:0')"
ada12a1c-198f-c90b-2ca6-e081c3c63c39.jpg,5,true,"tensor([[374.6360, 233.1654, 490.9105, 331.3532],
        [ 82.2068, 262.1354, 144.8278, 325.9090],
        [122.0919, 258.5826, 231.2382, 319.6804],
        [121.9160, 259.1040, 161.3406, 316.8734],
        [151.0310, 249.9553, 311.1304, 343.9203]], device='cuda:0')"
46e8ae26-d4ea-81db-3f15-aa40b17aa4d6.jpg,1,true,"tensor([[ 82.7461, 102.0914, 564.7631, 425.8619]], device='cuda:0')"
cf0d7f11-f41b-8526-8d39-34601496c815.jpg,2,true,"tensor([[ 81.9902, 178.3465, 273.5614, 399.2964],
        [147.8887, 174.9937, 449.0256, 399.6624]], device='cuda:0')"
6b26b5fd-7dac-dfc4-78bb-91ce86c7d34b.jpg,3,true,"tensor([[230.7086, 135.4205, 557.8266, 391.3941],
        [114.2402, 141.8664, 468.4726, 400.1747],
        [ 82.2953, 142.5889, 288.5596, 306.1205]], device='cuda:0')"
f4636e2c-1ed9-1d76-c417-31f684d3d8ee.jpg,4,true,"tensor([[238.3147, 341.9033, 370.9143, 426.5172],
        [308.6131, 292.6276, 417.3950, 422.7283],
        [179.0609, 343.8272, 326.8585, 426.5010],
        [120.2500, 183.9942, 466.0172, 373.2392]], device='cuda:0')"
93c752ec-f6dd-bb0c-146a-199b4158fe66.jpg,3,true,"tensor([[548.3290, 123.4791, 559.8254, 132.4195],
        [557.0378, 157.1876, 574.7117, 269.6036],
        [202.5986, 158.6149, 481.0856, 313.3743]], device='cuda:0')"
d968caed-a611-6840-407f-2a1ce94373b3.jpg,1,true,"tensor([[148.3821,  58.0249, 546.0035, 306.9560]], device='cuda:0')"
26b31305-1967-7f86-3e02-3ab5d33d9d66.jpg,3,true,"tensor([[106.3981, 195.6654, 339.2671, 336.2305],
        [506.1270, 247.4388, 533.9819, 277.2591],
        [ 81.8395, 166.2118, 100.2250, 254.1900]], device='cuda:0')"
e740e2f6-141a-8d3d-377f-a6177be146d2.jpg,5,true,"tensor([[466.8889,  58.1846, 556.4492,  78.5483],
        [ 93.9723,  58.2859, 123.1828,  74.4707],
        [196.3519,  58.1185, 237.0158,  76.3003],
        [ 82.9612, 102.3067, 446.4435, 376.0151],
        [329.0248,  58.2682, 438.0018,  78.1125]], device='cuda:0')"
8ad17f24-40bf-d921-fc58-aae51213390a.jpg,6,true,"tensor([[435.7208, 174.0151, 513.1342, 258.5308],
        [ 81.6028,  77.8395, 431.4011, 387.8406],
        [507.4101, 168.0566, 562.6560, 258.0695],
        [483.6521, 189.1093, 574.2130, 259.9390],
        [359.2419, 213.2635, 455.9015, 265.8720],
        [551.9543, 205.6557, 575.0989, 259.3765]], device='cuda:0')"
1f5f99be-654a-dc56-b919-d438b5fa6970.jpg,3,true,"tensor([[278.9297, 205.1878, 520.6479, 346.7707],
        [109.1414, 215.8041, 261.7104, 353.7619],
        [264.4233, 196.4126, 285.9580, 204.6423]], device='cuda:0')"
ada68de3-8369-2589-6e14-06a47b8b8042.jpg,2,true,"tensor([[397.6591, 235.3113, 566.8356, 334.8338],
        [148.6313, 232.9606, 306.6095, 340.1418]], device='cuda:0')"
4e90d1a4-35e9-7d09-edd1-b83afaeed03a.jpg,2,true,"tensor([[ 90.5508, 212.7945, 234.7252, 386.2833],
        [143.5505, 184.1424, 331.9683, 380.6775]], device='cuda:0')"
f74c65c5-73d9-91be-bf24-210b8a7e1350.jpg,1,true,"tensor([[140.9897, 102.9778, 374.3091, 316.6054]], device='cuda:0')"
bb9264f6-7fd0-7a6a-a2ff-4677afd0a1b0.jpg,1,true,"tensor([[174.6764, 128.4945, 514.4819, 306.7215]], device='cuda:0')"
0ae99b8b-71c3-82e5-4a6f-90c68afca27e.jpg,1,true,"tensor([[308.2103, 279.7401, 363.5293, 320.0461]], device='cuda:0')"
a9f1bb8d-bc73-d8b5-7d54-e20c4f8b1f9e.jpg,2,true,"tensor([[216.0860, 113.1645, 402.8787, 226.4295],
        [231.4749, 120.7996, 396.8317, 230.8979]], device='cuda:0')"
145b8cad-9aab-1a29-b519-6fac64b8ca3d.jpg,3,true,"tensor([[562.7412, 184.2052, 575.0905, 263.2590],
        [ 81.8306, 115.0944, 124.0796, 238.0652],
        [191.7630, 140.3888, 517.3444, 340.8434]], device='cuda:0')"
58bda987-005c-1791-09db-1d0e5e715be8.jpg,7,true,"tensor([[548.1473,  75.1768, 574.7050,  87.3469],
        [ 94.4104,  92.5140, 127.1479, 109.5538],
        [433.5656,  76.4098, 449.3923,  84.9217],
        [206.1074,  88.0486, 227.3433, 106.9909],
        [136.0299,  83.3772, 182.2935, 114.7539],
        [180.3560, 123.8739, 471.7786, 349.4580],
        [361.3533,  72.8995, 377.8702,  88.3860]], device='cuda:0')"
eec5c547-af1c-9389-e29e-0cd935088f4c.jpg,1,true,"tensor([[244.9326,  88.5094, 434.3134, 341.4779]], device='cuda:0')"
eb6f8b9f-747f-0c13-f66f-43915c6fa9e2.jpg,1,true,"tensor([[276.8196, 116.1298, 447.6685, 409.7209]], device='cuda:0')"
16eb6ca7-094e-9cee-847f-feca98cb41b1.jpg,1,true,"tensor([[336.5369, 167.6591, 461.2940, 305.9988]], device='cuda:0')"
2b8957fd-3855-369b-3271-e3e4e3cea671.jpg,7,true,"tensor([[369.9959, 142.6556, 534.1866, 359.9300],
        [ 82.0458, 145.2365, 182.9197, 387.5952],
        [435.5258, 190.1281, 491.0922, 357.7073],
        [360.8298, 119.8235, 466.8166, 364.1816],
        [252.2294, 128.1919, 284.6296, 145.7950],
        [519.9838, 141.6831, 574.9029, 250.6354],
        [131.3668, 125.2626, 449.8665, 401.3907]], device='cuda:0')"
c96a5830-da05-25b9-a662-214a9ed0c1a0.jpg,2,true,"tensor([[289.1479, 176.0889, 574.6228, 353.3825],
        [ 81.8501, 206.5735, 302.3063, 375.1001]], device='cuda:0')"
e370c8d6-1572-a678-665e-f28b1f7e6137.jpg,1,true,"tensor([[185.4554, 189.3053, 447.7303, 326.6104]], device='cuda:0')"
c8582dea-b141-6b62-0103-d2c8eb92de50.jpg,1,true,"tensor([[189.1679,  58.1393, 325.8640, 341.1219]], device='cuda:0')"
ab64b0ed-89bd-d326-abe8-2d6edd5b1a11.jpg,6,true,"tensor([[173.8206, 144.3074, 187.5327, 154.6989],
        [ 92.9643, 141.6203, 107.6442, 155.7499],
        [187.6436, 106.1852, 455.8777, 319.6068],
        [343.2593, 147.4250, 456.4531, 294.6768],
        [194.6157, 144.7543, 215.2223, 160.9791],
        [143.1361, 145.5487, 162.9297, 156.0050]], device='cuda:0')"
925f14d8-fed1-fa38-52d7-e361679c2a2d.jpg,1,true,"tensor([[217.4577,  80.1962, 411.2940, 416.9538]], device='cuda:0')"
5555953f-ee1a-937f-91ec-4775f84590fa.jpg,1,true,"tensor([[152.5014, 134.8673, 428.8008, 426.6401]], device='cuda:0')"
74cb221e-f599-f098-f4dd-b1f0243a4cdb.jpg,1,true,"tensor([[267.6644, 185.6117, 480.5127, 322.3898]], device='cuda:0')"
52ac2d98-c121-713f-60b0-c8f2b087fe7a.jpg,7,true,"tensor([[446.1806, 292.4507, 493.1189, 313.4898],
        [511.7742, 287.7822, 542.5737, 308.0570],
        [341.3410, 298.2124, 368.8532, 319.5004],
        [154.6590, 304.2647, 195.9878, 331.1056],
        [208.7992, 299.8691, 223.9326, 328.2379],
        [280.4226, 298.8257, 320.8245, 322.4644],
        [368.9720, 298.4934, 383.6424, 318.0706]], device='cuda:0')"
3a5887be-c087-a02f-fb62-d9ff415bfc3a.jpg,1,true,"tensor([[116.0075, 172.0009, 388.3251, 338.9716]], device='cuda:0')"
60676b0a-beb2-d754-cbf1-81f7bd7b317d.jpg,1,true,"tensor([[125.8008, 173.7561, 508.3728, 409.7012]], device='cuda:0')"
0b7e8a4d-22cf-e3c4-8713-095e36c32011.jpg,2,true,"tensor([[115.5536, 274.8961, 244.7178, 388.8906],
        [198.7743, 277.0613, 293.3522, 387.4832]], device='cuda:0')"
5725166a-3f6a-47b4-8c6d-135a932c3f24.jpg,4,true,"tensor([[179.7713, 153.8577, 190.5057, 166.0749],
        [141.0843, 130.5264, 495.4495, 410.4430],
        [197.3083, 141.3061, 219.3630, 150.2952],
        [564.9312, 149.4363, 575.1766, 159.6684]], device='cuda:0')"
545ef7f0-eabf-cae7-dcf5-d24ff7899a16.jpg,1,true,"tensor([[218.2548, 134.4858, 510.5956, 351.5042]], device='cuda:0')"
b69f8a7c-1152-738b-f13b-366d0cfe03dd.jpg,1,true,"tensor([[186.5228, 214.0957, 436.8918, 415.7197]], device='cuda:0')"
c3147a19-4c74-bda4-102e-77ec02837cf1.jpg,1,true,"tensor([[ 82.1977, 177.7182, 440.2363, 416.6811]], device='cuda:0')"
a6e61097-17e2-4204-df40-66644cabc01d.jpg,1,true,"tensor([[295.6763, 192.1389, 404.2124, 286.6224]], device='cuda:0')"
4bac6ec9-470b-593e-4cbc-7361b98b5bab.jpg,1,true,"tensor([[143.2265, 137.2943, 499.9686, 340.3961]], device='cuda:0')"
da6d19c0-dc0f-9af2-530b-574acf907252.jpg,2,true,"tensor([[ 82.1715, 239.5835, 126.4908, 414.9916],
        [165.1228, 138.5903, 468.7363, 381.1595]], device='cuda:0')"
1ceace28-32e3-788c-dfea-1d9e448af1f3.jpg,6,true,"tensor([[429.2657, 152.0218, 574.5248, 345.3117],
        [207.7717, 183.8851, 420.0516, 362.6709],
        [ 82.2066,  82.7819,  89.5192, 101.8623],
        [ 82.6302, 152.0176, 215.4139, 348.0739],
        [497.4670,  87.4314, 535.3953, 125.1625],
        [ 82.1415,  57.8896, 449.7061, 380.8621]], device='cuda:0')"
15e7d2f2-710e-0fb1-9089-c02f6a43d182.jpg,1,true,"tensor([[158.1387,  57.9241, 488.1125, 341.0451]], device='cuda:0')"
3384ae51-522b-064b-79e9-607bbae0c919.jpg,2,true,"tensor([[216.8122, 360.1137, 227.8958, 374.7160],
        [306.7044, 229.8687, 366.1017, 262.4898]], device='cuda:0')"
bf3bb533-ae22-662e-c841-58efc3c478dc.jpg,1,true,"tensor([[200.0298, 138.1856, 536.3458, 363.8334]], device='cuda:0')"
c7baa3fe-9892-6947-f509-14ff1ff5b44e.jpg,3,true,"tensor([[187.0252, 215.9272, 251.2862, 313.0139],
        [ 82.6568,  93.9900, 191.4294, 296.0643],
        [166.4436, 128.6294, 484.8536, 334.9165]], device='cuda:0')"
54a762f1-adb4-0437-9a49-6b7393b19de3.jpg,1,true,"tensor([[178.1663, 139.4685, 397.4771, 325.0475]], device='cuda:0')"
cfebfc05-36bf-14bc-3866-55231a5301ea.jpg,1,true,"tensor([[175.8598, 147.3263, 371.0386, 345.9756]], device='cuda:0')"
93e8b39c-804f-7b57-139c-0fe24a4b7a6a.jpg,9,true,"tensor([[296.5192, 267.2633, 306.4611, 273.9088],
        [ 86.7212, 261.9531,  95.7089, 267.8680],
        [228.0905, 263.7478, 250.1158, 272.4899],
        [262.8450, 264.8892, 276.7580, 273.8000],
        [110.5784, 263.4228, 120.5037, 268.4445],
        [147.5076, 264.3098, 156.5351, 269.8275],
        [307.6602, 266.2652, 322.1567, 274.6299],
        [339.5952, 270.7328, 351.2562, 276.6987],
        [170.1559, 261.4788, 184.3093, 270.1524]], device='cuda:0')"
5940bfc1-04f9-1df4-bfab-c16f0bf6b634.jpg,1,true,"tensor([[237.0089, 157.8826, 380.7821, 304.8146]], device='cuda:0')"
c2b214af-b4c7-fbcb-0c8c-8629286e9cfd.jpg,1,true,"tensor([[108.0019, 205.8432, 264.8435, 366.7379]], device='cuda:0')"
a5fbb8d6-e98c-1a09-f397-5a438add4b3a.jpg,0,false,"tensor([], device='cuda:0', size=(0, 4))"
2cd1a649-7926-e6e8-a5ee-5e78f8ef062f.jpg,1,true,"tensor([[ 82.2066, 146.3911, 452.0457, 373.7116]], device='cuda:0')"
e9c0b669-cec9-5d00-7867-2cc6168ac01e.jpg,1,true,"tensor([[113.8268, 157.6314, 515.7128, 346.1049]], device='cuda:0')"
a534c7cf-8616-a61e-deef-7b5db53f532d.jpg,1,true,"tensor([[171.7772, 147.3670, 488.2024, 334.7582]], device='cuda:0')"
12e9c5f3-bdcd-f435-3877-e8c064d2c07e.jpg,1,true,"tensor([[188.9125, 121.8785, 350.0692, 376.2892]], device='cuda:0')"
16480653-23af-ab13-b1dd-0d01ed916a5b.jpg,2,true,"tensor([[358.9448, 110.4660, 574.1494, 331.3274],
        [ 97.9537, 103.1597, 520.2272, 340.4547]], device='cuda:0')"
b8c42508-c423-2df0-7ba2-1ba1f766e776.jpg,1,true,"tensor([[224.0632,  78.8545, 447.7765, 426.1129]], device='cuda:0')"
4d93447d-d234-8894-c492-aa4e15171051.jpg,1,true,"tensor([[114.3376, 110.0298, 531.3223, 356.0315]], device='cuda:0')"
30ef4f14-5122-1092-ef58-c26ea84ef63a.jpg,2,true,"tensor([[ 82.7837,  58.5529, 455.9270, 425.4324],
        [503.7548,  58.3497, 575.0485, 424.9188]], device='cuda:0')"
74946301-a29f-02ab-68b3-38646ac93657.jpg,2,true,"tensor([[452.4324, 107.3743, 575.0963, 387.7084],
        [106.6093, 122.1887, 468.1512, 389.2975]], device='cuda:0')"
b2d4fee4-ee93-9db1-847f-7be7d01e8f01.jpg,1,true,"tensor([[127.4963,  85.1473, 429.6628, 303.5521]], device='cuda:0')"
a247168b-9e3b-cfb9-0ecb-0c80012b155e.jpg,2,true,"tensor([[482.2511, 136.5356, 574.8099, 347.8585],
        [137.9737, 126.7348, 439.2371, 355.2128]], device='cuda:0')"
e2b66671-903f-28ef-f298-64f4146f9c18.jpg,1,true,"tensor([[133.0089, 171.1323, 427.7667, 298.9880]], device='cuda:0')"
29ac99fe-57be-5924-8d71-43d07083984c.jpg,3,true,"tensor([[ 82.7421, 126.8722, 161.8630, 173.3283],
        [130.6663, 136.3570, 487.2904, 358.7306],
        [307.2411, 191.9295, 316.7939, 202.8471]], device='cuda:0')"
8067f145-363f-2daf-1d38-a9d4c71ed595.jpg,2,true,"tensor([[292.1365, 122.6327, 573.8966, 352.2788],
        [ 82.3967, 153.8153, 229.7336, 261.4008]], device='cuda:0')"
772b5ea2-ef3f-17cb-88ec-92859aef5470.jpg,3,true,"tensor([[391.7139, 186.6963, 458.4448, 226.4003],
        [177.8600, 174.4218, 321.0239, 261.7574],
        [254.3001, 174.4175, 366.0260, 255.6983]], device='cuda:0')"
5760f9bc-e67e-7d2b-5303-ffde3d928d6d.jpg,1,true,"tensor([[195.1179, 141.7771, 324.6228, 344.1190]], device='cuda:0')"
dcf63877-758f-4af0-9142-049712c3bbfe.jpg,1,true,"tensor([[ 90.5625,  94.5377, 554.1736, 394.4926]], device='cuda:0')"
59d92e74-097b-7179-2935-cb5dedd8daa4.jpg,1,true,"tensor([[179.5434,  62.6706, 499.7766, 426.2455]], device='cuda:0')"
d8d7f6d1-86a4-69c9-6536-9d6fa4cf14c3.jpg,0,false,"tensor([], device='cuda:0', size=(0, 4))"
24982ce7-63f1-9845-f7bf-f4aa67071758.jpg,3,true,"tensor([[257.7771, 202.3289, 507.2452, 398.4119],
        [ 82.1256, 209.6936, 267.1442, 397.1749],
        [391.6954, 106.9142, 406.2636, 129.8744]], device='cuda:0')"
340e0a51-7f7d-e276-ad50-d5755b1f22ae.jpg,1,true,"tensor([[263.9031,  93.4299, 451.5424, 401.1624]], device='cuda:0')"
83c48118-5e52-1960-4db2-0e2944afecfb.jpg,1,true,"tensor([[146.2548, 101.8530, 459.1631, 226.9712]], device='cuda:0')"
e899f2c9-c428-4c86-bcfa-c8cd7ea8884f.jpg,6,true,"tensor([[416.0040, 208.2301, 440.6881, 228.6885],
        [434.3524, 192.8181, 502.0776, 273.8190],
        [567.3667, 239.0194, 574.7789, 276.3302],
        [190.9223, 225.2948, 212.0521, 284.4201],
        [415.8865, 201.8677, 459.1765, 229.0372],
        [241.8766, 210.0760, 340.4797, 279.7000]], device='cuda:0')"
d98be239-2581-3160-1da4-e052f4db7ad9.jpg,3,true,"tensor([[ 82.5132, 143.2714,  99.6245, 153.6572],
        [ 82.3408, 201.5901, 101.9219, 297.2156],
        [129.9158, 119.1696, 494.1564, 307.4298]], device='cuda:0')"
ec9a0f67-d8d0-a99c-96d7-f3720a505b5b.jpg,1,true,"tensor([[189.2811, 168.7218, 413.2490, 299.8369]], device='cuda:0')"
b0af8971-44ba-0f36-b46e-b89bbc0f07cb.jpg,1,true,"tensor([[107.1682,  76.2534, 427.0349, 426.3615]], device='cuda:0')"
044821d5-ea0a-4a76-e1f3-abf3883ace43.jpg,3,true,"tensor([[289.7548, 237.4812, 297.5566, 257.2890],
        [257.4769, 234.9450, 287.8778, 254.8760],
        [302.2566, 233.4762, 391.1076, 287.5065]], device='cuda:0')"
c23d49a1-b70a-e9d1-fb6d-3415e4caa1ab.jpg,2,true,"tensor([[163.8750, 131.5597, 522.9662, 375.6988],
        [ 82.2873, 132.0549, 523.6306, 426.4954]], device='cuda:0')"
c975a53d-ffeb-0f39-55c6-1b92a5332138.jpg,2,true,"tensor([[ 83.2701, 111.1141, 572.3734, 349.9922],
        [ 81.9102,  58.1962, 474.4649, 331.8394]], device='cuda:0')"
2cb73d0c-f879-7153-8fa7-4418b9388f1c.jpg,7,true,"tensor([[ 80.1406, 256.4770,  99.8805, 274.8308],
        [311.1188, 265.0357, 368.4998, 302.6925],
        [159.1902, 259.6448, 197.8033, 293.8973],
        [196.1801, 263.0215, 242.2313, 291.7030],
        [ 86.3758, 259.8380, 134.3666, 302.0849],
        [105.1599, 254.1825, 136.4759, 295.0938],
        [256.0681, 262.2277, 321.0669, 297.4755]], device='cuda:0')"
d43e080d-114a-74ff-3d8f-49a13c8d634f.jpg,2,true,"tensor([[466.4343, 117.0064, 504.5658, 166.3985],
        [160.3160, 139.3699, 402.5813, 336.2558]], device='cuda:0')"
fa1c4a42-901e-0d07-ade6-bf700aae2689.jpg,5,true,"tensor([[551.3799, 144.1321, 574.8501, 264.9172],
        [ 82.7171, 135.3512, 188.3481, 273.3660],
        [520.4872,  97.1428, 574.7164, 266.8945],
        [ 82.1250, 120.8210, 128.6163, 170.9093],
        [177.8479, 108.6104, 462.1505, 276.7207]], device='cuda:0')"
52f804c3-87ed-80e4-264d-1f9144497457.jpg,1,true,"tensor([[387.1273, 135.4665, 540.4538, 307.4540]], device='cuda:0')"
ad3b5028-4025-3358-4b1d-024ddfdc44ae.jpg,1,true,"tensor([[293.4771,  98.5523, 390.1740, 297.5883]], device='cuda:0')"
50fb7ff2-4ed4-f94b-1bbf-a195dd425281.jpg,2,true,"tensor([[169.8838, 139.5915, 454.1371, 314.5873],
        [297.9710, 118.7078, 323.5509, 154.8335]], device='cuda:0')"
652bc6db-448c-3549-c4b1-dcae055865b6.jpg,2,true,"tensor([[549.5441, 276.5887, 575.2393, 410.2035],
        [222.7693, 208.3817, 386.8205, 336.3277]], device='cuda:0')"
414747ac-5d79-f91c-b907-0f403ae4bc15.jpg,3,true,"tensor([[403.3724, 183.6657, 438.1112, 206.3571],
        [350.5650, 164.7270, 401.0069, 396.9507],
        [242.9423, 211.0984, 405.0458, 410.4075]], device='cuda:0')"
3b6b86b6-10cc-5b91-1167-4eebc5f93b3f.jpg,1,true,"tensor([[205.2048, 148.0389, 464.3820, 354.8579]], device='cuda:0')"
5bfd218e-bf38-ea0a-b138-ae73809b7937.jpg,1,true,"tensor([[153.1360, 159.5357, 537.1131, 367.1385]], device='cuda:0')"
2cb7201e-2265-d865-1af1-1c2a238a81de.jpg,3,true,"tensor([[492.2309, 249.9055, 575.0062, 307.2268],
        [384.6209, 261.9550, 436.9562, 305.6934],
        [288.0979, 256.5909, 340.8715, 301.3936]], device='cuda:0')"
e4ed96e5-f6f7-985d-1f85-d84d3fd62f28.jpg,9,true,"tensor([[323.2163, 195.1844, 415.5065, 253.1431],
        [495.4047, 183.0997, 540.6967, 241.8015],
        [116.1910, 288.2943, 199.2087, 384.0796],
        [261.5054, 188.9787, 331.7002, 269.2481],
        [326.4435, 229.3326, 380.6913, 295.8033],
        [260.5201, 281.2774, 376.6581, 359.2919],
        [322.2635, 377.9134, 342.3453, 426.8744],
        [207.1163, 183.8123, 291.9886, 267.4949],
        [426.5975, 191.6989, 504.4301, 233.6907]], device='cuda:0')"
30ad1447-f5cb-c5e3-fa0b-869f16bf1b1c.jpg,1,true,"tensor([[118.3864,  58.1380, 455.5338, 425.4862]], device='cuda:0')"
8c8dc122-9cbc-7645-e5c8-be5dcb84d63a.jpg,2,true,"tensor([[ 82.2732, 111.7256, 178.8527, 320.4673],
        [ 84.6358, 106.1217, 368.0519, 320.9332]], device='cuda:0')"
acba884f-2afd-5dc2-3b8c-367d6f6b05b4.jpg,1,true,"tensor([[172.1362, 149.6808, 468.1239, 303.0204]], device='cuda:0')"
7fc457b6-985e-03eb-c062-83225f50ddac.jpg,1,true,"tensor([[216.6095, 176.7144, 470.2007, 279.4935]], device='cuda:0')"
c64052a1-7ab9-af12-2708-d84e8b1ddc31.jpg,1,true,"tensor([[208.1799,  98.6536, 447.3722, 425.0507]], device='cuda:0')"
74bb1865-b173-f276-87e7-c2ab7dec25f4.jpg,1,true,"tensor([[225.7317,  58.5102, 483.1931, 303.0061]], device='cuda:0')"
16af76b7-ba65-5ace-efcd-501225f98c07.jpg,2,true,"tensor([[180.3046,  81.8831, 416.3467, 347.1372],
        [520.0950, 222.9678, 574.9698, 328.4900]], device='cuda:0')"
a6e6e11d-2b44-1a38-f4f7-3ebd06388a64.jpg,1,true,"tensor([[ 82.0794, 158.7817, 445.4845, 414.8432]], device='cuda:0')"
82c8a72b-3e21-a15b-acb4-a60702b118f8.jpg,3,true,"tensor([[535.1274, 130.8031, 574.9885, 343.8912],
        [ 81.7840, 123.2598, 112.7047, 292.0365],
        [ 99.5486, 117.1225, 507.8680, 325.6727]], device='cuda:0')"
5f72fdfa-9947-70d8-fccc-8cea350c7bb6.jpg,3,true,"tensor([[343.9513, 118.4455, 492.3204, 319.5418],
        [ 82.1078, 235.0726, 124.5499, 369.1354],
        [127.6708, 122.4405, 400.9473, 315.4129]], device='cuda:0')"
85b6831e-98d8-9529-eb7b-0faeb112c62c.jpg,2,true,"tensor([[118.5202, 109.2098, 184.0215, 202.4315],
        [170.0973,  86.7449, 563.9081, 297.7537]], device='cuda:0')"
faea10bf-7b6e-e1da-d3fe-a1c12e8e26a2.jpg,1,true,"tensor([[ 99.0406, 167.9911, 570.6389, 407.9282]], device='cuda:0')"
74afaaf3-a398-7913-91a2-484edafb7863.jpg,1,true,"tensor([[130.0994,  85.7135, 450.9602, 412.9044]], device='cuda:0')"
d376665e-84bd-5db3-cce2-2833fa131787.jpg,4,true,"tensor([[262.8905, 181.6136, 474.6658, 332.4573],
        [132.8431, 145.3095, 233.2192, 295.4590],
        [223.4457, 200.3798, 375.7491, 313.6324],
        [ 82.0715, 162.3905, 140.5707, 284.9091]], device='cuda:0')"
b9ccaa61-0c79-fe3f-7970-db42dc50ddbc.jpg,2,true,"tensor([[415.9907, 116.4370, 574.9136, 376.6784],
        [156.2264, 103.3046, 539.0670, 392.4814]], device='cuda:0')"
9d633a41-e19a-f06f-837b-a0976de3c578.jpg,1,true,"tensor([[105.3272, 175.9096, 463.1293, 337.7408]], device='cuda:0')"
0895f52a-19c7-5bcb-f1b6-b99ad838c3d8.jpg,0,false,"tensor([], device='cuda:0', size=(0, 4))"
d9030998-87b4-e31a-9183-4e3b48c44b40.jpg,1,true,"tensor([[225.8258, 175.1993, 425.8781, 318.4324]], device='cuda:0')"
415fe780-b3d2-e6f6-78da-9be17811c41d.jpg,1,true,"tensor([[207.9188, 110.6070, 521.0825, 259.8258]], device='cuda:0')"
631c9232-4eda-7ccc-c104-9bc64a69d3bf.jpg,1,true,"tensor([[128.6308, 128.6722, 306.8196, 355.0832]], device='cuda:0')"
610b3057-87c4-4e51-939a-af0e04efcffa.jpg,1,true,"tensor([[108.4804, 111.8688, 475.7042, 313.0392]], device='cuda:0')"
7d35a960-cc80-b9a3-2104-e800e7451d3f.jpg,1,true,"tensor([[263.8587, 188.6960, 444.5189, 290.2018]], device='cuda:0')"
f2a4d90f-6387-f355-4f2b-2130b9563962.jpg,1,true,"tensor([[216.8890,  95.3426, 554.2195, 426.1085]], device='cuda:0')"
90b9b64b-0b42-78b4-51ed-c606b8f750ca.jpg,1,true,"tensor([[163.3624, 181.9666, 343.8860, 422.9466]], device='cuda:0')"
db79df02-8521-19a8-c642-8e753e5ba327.jpg,2,true,"tensor([[189.2366, 138.9756, 461.5947, 311.8128],
        [ 82.2270, 132.8941, 125.8249, 229.3009]], device='cuda:0')"
767db229-a516-589a-1ee9-719014f81db6.jpg,3,true,"tensor([[146.3387, 173.9523, 384.6578, 307.2932],
        [347.6240, 149.9588, 455.0232, 248.4454],
        [145.2141, 155.3371, 332.1440, 297.4409]], device='cuda:0')"
9aec5cd7-e8f7-940c-83c1-fb3e40b5228e.jpg,6,true,"tensor([[491.0106, 132.1350, 515.3563, 146.6685],
        [472.9152, 131.7079, 490.2245, 148.2216],
        [146.7948, 145.6143, 171.9916, 166.8978],
        [227.1462, 144.9716, 529.1450, 310.0524],
        [298.3515, 146.7342, 310.8175, 153.1991],
        [470.8662, 160.2099, 480.0170, 169.6692]], device='cuda:0')"
cc90200c-5f43-2420-29ff-b52b6329c0eb.jpg,2,true,"tensor([[269.1133, 212.8680, 358.1026, 381.6592],
        [211.7525, 199.4938, 420.7557, 405.6521]], device='cuda:0')"
827aecdd-fd20-241d-de31-d7b6b3501522.jpg,2,true,"tensor([[468.9460, 125.3954, 574.7303, 339.8225],
        [183.1730, 136.1774, 511.9851, 378.4203]], device='cuda:0')"
de25f230-bc52-923d-58b0-cb17a54b0cbb.jpg,0,false,"tensor([], device='cuda:0', size=(0, 4))"
a8ce8239-a2e3-719c-5dd6-9834716332ce.jpg,3,true,"tensor([[226.1678, 276.5338, 347.0710, 332.4714],
        [490.2841, 253.1629, 574.7991, 316.4587],
        [393.6358, 260.5815, 509.3775, 323.8536]], device='cuda:0')"
d97cb530-f47d-dce7-c5a8-3853c1181e54.jpg,1,true,"tensor([[163.7532,  95.6404, 479.1454, 347.7636]], device='cuda:0')"
058eff86-b169-42a5-ba10-20c4435e3eff.jpg,1,true,"tensor([[207.0087, 185.2123, 444.3510, 425.8689]], device='cuda:0')"
520bf181-ae2d-6587-76d5-14e4d775cc00.jpg,1,true,"tensor([[ 82.2788, 104.1996, 403.6227, 357.6225]], device='cuda:0')"
28fcb6db-176a-1549-ccde-251661345939.jpg,1,true,"tensor([[307.6045, 119.8357, 432.0039, 420.8974]], device='cuda:0')"
fad11b5d-213b-384e-e0c8-68f361c919b1.jpg,2,true,"tensor([[ 82.1058, 157.1346, 194.5671, 271.5896],
        [237.2971, 182.5093, 469.4635, 326.4904]], device='cuda:0')"
27f4c75f-ab88-76db-fbbe-84c86fed71a1.jpg,3,true,"tensor([[454.3245, 194.9121, 574.0261, 278.8701],
        [281.8860, 196.8938, 311.8768, 297.4872],
        [152.4115, 178.7720, 293.7868, 301.0772]], device='cuda:0')"
df2d7240-bd58-a59c-a10c-61106e29944d.jpg,5,true,"tensor([[392.3044, 233.0061, 507.6315, 309.3741],
        [362.9218, 257.5964, 392.7756, 276.1846],
        [480.2571, 257.7326, 574.6765, 301.4491],
        [112.6241, 256.0000, 245.8751, 329.5182],
        [248.5051, 259.0873, 388.3464, 328.2360]], device='cuda:0')"
f6368ce1-e7b9-5a10-9248-1812a69c3b19.jpg,1,true,"tensor([[279.8025, 204.2682, 423.9891, 318.3141]], device='cuda:0')"
b253cf4f-3cde-8625-1e31-765197ad726e.jpg,2,true,"tensor([[ 82.2410,  63.9524, 219.3002, 303.4597],
        [ 82.0613, 202.0894, 433.6631, 425.7462]], device='cuda:0')"
f159c594-9045-267c-ade1-69d7550f620c.jpg,2,true,"tensor([[ 81.9971, 154.9759, 238.4837, 342.8001],
        [137.5130, 179.6003, 430.1261, 342.7975]], device='cuda:0')"
be90ccf2-60e6-42a8-9170-41fbe5249300.jpg,1,true,"tensor([[313.2822, 121.0849, 509.6768, 359.8512]], device='cuda:0')"
33ab5ae9-94f5-c831-ac4a-327c6aaae0ca.jpg,1,true,"tensor([[205.1196, 136.1345, 480.9580, 264.8767]], device='cuda:0')"
b954c119-f717-4ebe-42f7-3cb032fcc45e.jpg,1,true,"tensor([[149.4047,  58.6262, 449.1729, 347.5350]], device='cuda:0')"
7a0d4227-dcb6-b94d-77a6-ff7bc28ab5fd.jpg,1,true,"tensor([[251.7079, 135.8136, 418.4872, 235.6663]], device='cuda:0')"
1b91b74d-15c5-09e5-5984-10d3c945b4ee.jpg,10,true,"tensor([[ 87.8568, 192.3548, 100.6223, 205.5917],
        [406.6024, 228.9487, 444.2222, 259.0487],
        [172.6884, 199.7860, 186.3326, 207.9944],
        [141.5793, 237.4937, 181.0784, 266.7454],
        [173.2472, 233.5116, 227.6161, 264.0218],
        [233.3256, 201.5525, 249.4923, 209.9153],
        [322.5571, 229.9099, 367.3093, 259.6494],
        [263.3590, 229.9364, 299.1902, 262.0083],
        [289.6949, 225.9973, 326.5479, 259.6982],
        [397.8653, 226.6905, 433.7993, 257.5793]], device='cuda:0')"
9008cb47-57ae-b062-c12f-57f9aa38b0cc.jpg,2,true,"tensor([[492.6897, 162.9237, 574.3790, 267.4725],
        [ 82.2560, 105.3028, 570.6842, 381.8871]], device='cuda:0')"
220902c6-8a9a-610c-072c-204ab8d85809.jpg,1,true,"tensor([[ 82.1827,  93.3284, 482.3599, 425.8118]], device='cuda:0')"
8dda256b-d7a3-b3c2-c8a3-38b7329540cb.jpg,4,true,"tensor([[332.4154, 182.7241, 348.6725, 188.4318],
        [188.9910, 123.9564, 200.8482, 137.0566],
        [386.2570, 313.8967, 431.2771, 360.4914],
        [276.7317, 219.8350, 466.2318, 356.6672]], device='cuda:0')"
caf2d0ad-54b3-2961-6a14-5640464b5d75.jpg,1,true,"tensor([[175.7454,  91.5412, 511.9286, 377.5046]], device='cuda:0')"
422e8d6a-128e-4604-07a3-2a10492a4453.jpg,5,true,"tensor([[551.0203, 170.3492, 574.9040, 215.8173],
        [514.0620, 219.9113, 575.0590, 315.3468],
        [ 94.1930, 210.7312, 287.8908, 326.6850],
        [300.8111, 208.5688, 482.8582, 325.8084],
        [482.2797, 213.8708, 574.4712, 317.9714]], device='cuda:0')"
5ff4f03b-20e6-5eaf-3cb7-8b539043129f.jpg,1,true,"tensor([[ 82.9743, 108.6809, 555.2819, 348.9928]], device='cuda:0')"
6a9a9865-eae4-37be-8816-ebd031080ae7.jpg,1,true,"tensor([[160.2028,  90.7598, 471.4877, 388.1695]], device='cuda:0')"
a3b5362a-3d8e-31fc-5dd0-0c0be4b36cc4.jpg,1,true,"tensor([[201.0086, 160.4864, 492.2896, 347.0724]], device='cuda:0')"
af9ecd36-8c57-1b95-f2c6-55d5f297ee02.jpg,1,true,"tensor([[101.6471, 113.7232, 447.7178, 284.9072]], device='cuda:0')"
d30a7002-50d0-0468-68b9-6434e794b5ff.jpg,1,true,"tensor([[115.2197, 183.8064, 475.1241, 358.5093]], device='cuda:0')"
9ad14445-c5c4-20e7-03e6-cca44a3540c7.jpg,1,true,"tensor([[189.9131,  65.0702, 421.1550, 425.1339]], device='cuda:0')"
6293c874-6e4b-f55d-bc34-4029885d612f.jpg,2,true,"tensor([[277.9537, 203.2374, 444.0167, 319.0999],
        [107.5841, 202.6344, 250.7087, 321.0256]], device='cuda:0')"
543eb6d0-4437-80d5-f076-cf3d35b82db0.jpg,3,true,"tensor([[142.1488, 269.7677, 305.8887, 392.7712],
        [ 82.0486, 248.0440, 189.4839, 412.6664],
        [198.4473, 256.0292, 492.9148, 408.3060]], device='cuda:0')"
0bb8a093-e10f-1ce1-2436-10574fdef8cd.jpg,4,true,"tensor([[427.3960, 213.7637, 459.7844, 234.4882],
        [104.8157, 164.3224, 329.9835, 315.5608],
        [ 82.2709, 205.0390, 106.8141, 303.6451],
        [338.6895, 201.4183, 347.0159, 212.1138]], device='cuda:0')"
ef382f23-0b5d-c13a-12b4-8279f7dc37aa.jpg,3,true,"tensor([[303.9271, 163.2767, 479.0556, 244.1064],
        [129.6054, 133.1789, 309.8468, 260.6616],
        [176.5633, 168.0042, 316.8675, 258.0809]], device='cuda:0')"
e821de0a-5f3c-156f-52c8-5f5689a27471.jpg,5,true,"tensor([[547.6628, 114.9589, 574.7738, 148.6254],
        [ 82.0798, 115.2262, 108.3300, 128.7594],
        [ 82.5730, 125.6405, 246.4967, 289.1171],
        [205.9497, 122.9244, 463.9337, 287.2564],
        [236.5096, 113.1027, 267.9942, 135.5524]], device='cuda:0')"
f7e45ac2-1c52-061c-06b2-a4cc03ebae90.jpg,1,true,"tensor([[137.1898, 145.2733, 458.8799, 284.1965]], device='cuda:0')"
d63f7ef5-3150-19d1-21e7-78650edb44e2.jpg,1,true,"tensor([[148.0748,  58.4214, 574.0833, 308.3458]], device='cuda:0')"
bf63e11d-6d1d-6ac4-95ff-463ee43ddd59.jpg,3,true,"tensor([[373.1750, 174.9856, 527.4272, 281.3427],
        [ 90.0410, 173.2557, 245.2361, 243.9620],
        [242.3612, 173.8623, 350.9588, 258.9141]], device='cuda:0')"
7868a338-b652-9903-6bbb-0c6b2d8d22ff.jpg,3,true,"tensor([[393.4231,  59.5924, 574.6630, 304.2820],
        [171.1057, 114.3307, 396.2995, 388.6501],
        [ 82.1860,  58.0881, 111.5188, 170.1142]], device='cuda:0')"
493e970f-f05f-db34-1e64-80d567a5a3c2.jpg,1,true,"tensor([[222.9314,  59.2094, 574.2577, 228.8298]], device='cuda:0')"
fa3a8e60-7358-b269-dc96-5d430a3c80c0.jpg,1,true,"tensor([[267.0752, 239.5948, 414.3436, 324.9410]], device='cuda:0')"
db3e5f5b-21fd-8329-af09-c54ee3fc4324.jpg,1,true,"tensor([[215.0694, 205.2451, 428.9862, 280.0030]], device='cuda:0')"
948e1fcd-03f2-0448-7469-c4c61ca181a0.jpg,3,true,"tensor([[403.4245, 303.4274, 469.7314, 370.1338],
        [241.2592, 212.1649, 379.2934, 310.4457],
        [239.2586, 199.9554, 399.5293, 303.5952]], device='cuda:0')"
6a425dd7-0ad2-4635-d926-3a9b93498d99.jpg,1,true,"tensor([[ 82.2190, 147.5961, 240.5511, 320.2582]], device='cuda:0')"
dd731abb-8b29-c852-f7d4-600961c0ce0a.jpg,1,true,"tensor([[250.6000, 215.4018, 424.7659, 281.6677]], device='cuda:0')"
25a5b156-688d-ace8-6bd5-5021ab21fa59.jpg,6,true,"tensor([[417.3973,  66.6788, 433.6476,  86.1902],
        [541.9268,  77.3007, 573.9250,  96.3283],
        [351.7052,  68.3287, 374.6437,  86.3337],
        [176.2739, 147.9114, 493.7071, 388.5058],
        [381.9081,  73.5472, 401.5083,  88.2427],
        [542.0644,  80.2458, 557.8505,  96.2099]], device='cuda:0')"
d51a4cb4-e293-e625-ccc9-53ed1d1bc196.jpg,1,true,"tensor([[189.3175, 154.1651, 493.7539, 275.5988]], device='cuda:0')"
4326f52c-a3d7-9ec3-7d80-aacba30aa92d.jpg,4,true,"tensor([[233.2005,  76.6926, 273.1126,  91.7972],
        [194.3517,  61.9858, 231.6148, 101.8030],
        [377.7862,  71.4381, 396.5520,  90.7752],
        [102.7713, 155.2694, 459.3177, 348.7196]], device='cuda:0')"
c28e1f29-b834-f604-59f2-fbafe8bf918e.jpg,2,true,"tensor([[133.3228, 108.0443, 400.0184, 289.7927],
        [164.5607,  81.8590, 244.6273, 125.8133]], device='cuda:0')"
f05d1940-b637-4844-43f7-087da5b8298f.jpg,3,true,"tensor([[495.4896, 176.7396, 529.6777, 226.5612],
        [168.3481, 191.7758, 241.2562, 233.3881],
        [402.9790, 180.8523, 475.5018, 224.3050]], device='cuda:0')"
845383d8-a386-4e02-5c72-0205cfb3aca6.jpg,1,true,"tensor([[115.5123, 167.6968, 466.5907, 409.7194]], device='cuda:0')"
6b7ec724-d3fb-0411-bc65-0f95b3f4525b.jpg,3,true,"tensor([[458.4742, 278.6472, 546.3522, 327.0118],
        [197.2997, 264.7968, 279.6921, 321.3543],
        [319.1354, 267.4490, 414.7183, 323.6515]], device='cuda:0')"
cefa6e1a-bbe1-5a46-60a4-d9fc7abb896f.jpg,1,true,"tensor([[150.7607, 106.4545, 420.2792, 299.4118]], device='cuda:0')"
7587e04d-3aa6-9acb-7b66-b918b09eed92.jpg,6,true,"tensor([[528.9366, 173.8626, 574.9073, 294.4466],
        [ 82.2095, 174.4408, 117.8424, 211.2309],
        [ 82.0843, 196.9076, 235.2749, 342.4682],
        [411.0033, 232.5269, 468.1945, 413.8721],
        [319.6003, 244.7923, 453.7278, 420.7798],
        [233.4951, 163.6004, 478.9813, 298.2509]], device='cuda:0')"
54511c8c-5b72-7ae2-945c-89d0d77c4fcb.jpg,1,true,"tensor([[238.7672, 138.0043, 493.3886, 323.3121]], device='cuda:0')"
f68d6c21-c52d-ea5d-26ca-52662ebd31a8.jpg,2,true,"tensor([[329.4649, 193.8116, 511.9098, 293.7166],
        [ 94.2784, 191.4508, 287.8484, 303.6152]], device='cuda:0')"
da435aff-7544-37c1-1c8c-2d84ad7e1e3e.jpg,1,true,"tensor([[154.0579, 166.5942, 485.9213, 363.9214]], device='cuda:0')"
448bf86e-0187-8139-427e-2d20b07381a9.jpg,2,true,"tensor([[457.3798, 127.1258, 574.7968, 378.6002],
        [135.6979,  59.7803, 377.3783, 395.8687]], device='cuda:0')"
da2a12cf-332a-a6bd-2357-a907a5f1ea58.jpg,2,true,"tensor([[284.0276, 246.1577, 471.3786, 421.1075],
        [ 95.1930, 243.5185, 453.1818, 426.3220]], device='cuda:0')"
7251fba3-26ba-5349-5feb-5217a2dc7447.jpg,1,true,"tensor([[306.6208, 181.7633, 478.0381, 306.3345]], device='cuda:0')"
a89a7fde-1e36-152a-9bb2-c3425ca0bd50.jpg,2,true,"tensor([[189.9419, 206.6141, 362.0986, 312.4555],
        [325.6955, 207.2933, 370.3908, 240.1252]], device='cuda:0')"
ae866980-d1ff-3b92-3b70-3dd14c23eab9.jpg,1,true,"tensor([[315.9388, 191.3546, 346.9286, 272.4677]], device='cuda:0')"
0dcd8d64-056a-32ef-b0a9-2fd68d7552b6.jpg,3,true,"tensor([[523.2522,  63.6096, 574.8810, 104.4123],
        [446.8618,  73.0138, 575.0429, 278.7318],
        [155.9987,  76.2473, 330.5151, 380.3117]], device='cuda:0')"
8061b138-8470-86fe-b58c-aef2e7048f80.jpg,1,true,"tensor([[180.8646, 101.9587, 483.8498, 286.2708]], device='cuda:0')"
49b2601d-db56-d13d-5a5a-9ebeba710adf.jpg,9,true,"tensor([[495.4196, 103.4623, 543.0691, 189.3397],
        [352.1497, 101.2790, 431.3884, 166.1949],
        [534.8484,  87.6079, 558.5203,  99.2796],
        [126.9374,  71.8327, 144.0083,  82.5229],
        [285.7511, 104.2316, 352.7411, 155.3699],
        [225.9844, 103.1913, 351.6437, 157.5394],
        [536.1129, 105.1323, 557.4254, 116.0191],
        [164.5289, 143.0324, 424.1023, 275.8644],
        [427.3058, 107.4416, 457.0379, 182.1462]], device='cuda:0')"
3f6ba10f-6a66-fb7a-bfe1-85b03a428374.jpg,1,true,"tensor([[140.8647, 132.0627, 535.0854, 339.0935]], device='cuda:0')"
379a127d-9f48-5ee7-9a25-ec5f23e28ef0.jpg,1,true,"tensor([[130.4470,  76.2692, 550.3596, 372.4517]], device='cuda:0')"
185dac09-489b-14cf-a657-374717971f25.jpg,1,true,"tensor([[190.9760,  68.7288, 477.3763, 421.7050]], device='cuda:0')"
10e66764-c19b-7d18-e3b5-052047404e60.jpg,0,false,"tensor([], device='cuda:0', size=(0, 4))"
b56e28bb-7237-02d7-9135-7475a0e4c326.jpg,4,true,"tensor([[304.9890, 119.6122, 415.6622, 283.7599],
        [457.0938, 180.1410, 574.8433, 313.7647],
        [251.2772, 144.8271, 534.6183, 310.7979],
        [ 83.7432, 113.0210, 341.7111, 279.4973]], device='cuda:0')"
ebcc2f18-bbf9-690a-5ea9-cb0dd4a0474e.jpg,2,true,"tensor([[153.8117, 135.6682, 489.5992, 326.6671],
        [ 82.3407, 113.6636, 257.3970, 284.1635]], device='cuda:0')"
8d7b1f22-4f3c-ed83-bbe6-7d8d4b13179f.jpg,1,true,"tensor([[289.3275, 209.3843, 355.3229, 389.7414]], device='cuda:0')"
31bb8aad-df83-3074-1be5-c409f1e9bc29.jpg,5,true,"tensor([[476.8329, 140.3697, 572.9139, 202.2102],
        [106.6303, 126.8360, 536.9882, 354.9388],
        [319.2867, 123.3253, 462.5179, 152.8744],
        [243.5921, 126.4683, 300.4206, 144.3739],
        [413.2773, 123.2526, 462.5637, 152.6650]], device='cuda:0')"
90811933-d2ec-8c99-3d2d-8df86ad57f97.jpg,1,true,"tensor([[176.9312, 137.6725, 457.3153, 291.7231]], device='cuda:0')"
4f86a464-1362-4ca6-d4e0-5bd70adb7d59.jpg,1,true,"tensor([[264.7412, 225.4484, 383.8547, 331.2993]], device='cuda:0')"
340952de-fcb9-c892-c1f8-11895a7f1d74.jpg,1,true,"tensor([[251.2540,  58.1537, 380.8259, 413.6985]], device='cuda:0')"
28695f05-6e5a-15f9-d720-1f5b5ebc2756.jpg,1,true,"tensor([[121.2975,  96.7487, 465.5598, 304.9191]], device='cuda:0')"
8dd98960-57e2-1199-1cb3-d140581efcee.jpg,1,true,"tensor([[128.0215, 139.8838, 468.5886, 365.1066]], device='cuda:0')"
eb3232aa-ebc0-8f4c-7e83-bdb97f3aed9b.jpg,2,true,"tensor([[441.2249,  83.3521, 574.6406, 287.4514],
        [106.9246, 101.6932, 488.2826, 338.8335]], device='cuda:0')"
adea6b0c-3521-f54a-0478-11a7fe7266ef.jpg,1,true,"tensor([[226.5835, 143.7100, 419.9819, 422.0928]], device='cuda:0')"
54823099-073d-be79-4c5d-751033b60dd5.jpg,1,true,"tensor([[164.2517, 154.6795, 505.8138, 328.4314]], device='cuda:0')"
435c4606-6473-ecc4-d8ab-303ef9c3ebaa.jpg,1,true,"tensor([[209.0472,  58.3117, 384.2418, 417.6684]], device='cuda:0')"
72495302-0658-2d4a-131c-94a879529628.jpg,3,true,"tensor([[378.4375, 200.1379, 432.6895, 296.1506],
        [212.9132, 225.3151, 256.1914, 301.0711],
        [261.7498, 184.3431, 324.8243, 303.3431]], device='cuda:0')"
4e91066f-fced-cba4-53c7-e936ed3ba707.jpg,6,true,"tensor([[461.6011, 245.6498, 574.5237, 315.6360],
        [ 82.1318, 254.5532, 136.1385, 326.0241],
        [ 81.9382, 243.7517, 173.3895, 329.8807],
        [176.0304, 233.1132, 374.7379, 326.9648],
        [ 89.7755, 259.5464, 137.0280, 332.1155],
        [120.0749, 244.2107, 173.7637, 315.7104]], device='cuda:0')"
bcd56419-8a2c-ab35-1bd6-81658c16e435.jpg,1,true,"tensor([[389.7742,  75.7906, 527.6301, 358.0684]], device='cuda:0')"
591ef1af-f6e6-91bb-8724-21b1e1ce852b.jpg,1,true,"tensor([[117.9320, 120.6643, 462.5034, 253.4345]], device='cuda:0')"
e11fff86-fc3e-c3e8-2379-80a7c0beed77.jpg,4,true,"tensor([[391.6658, 149.6761, 571.0653, 297.2375],
        [ 81.8684, 150.9316, 280.2501, 314.2113],
        [380.4207, 167.6571, 478.7500, 279.2661],
        [213.5053, 162.3505, 354.5029, 309.7757]], device='cuda:0')"
752ba806-9910-021c-9ec1-14dc8268bd19.jpg,3,true,"tensor([[185.4310, 132.2749, 530.6273, 382.3556],
        [504.7385, 160.0338, 534.4258, 200.1300],
        [316.8878, 151.3257, 382.9419, 188.5337]], device='cuda:0')"
27d82638-d853-89d2-269a-b948cc7a92ca.jpg,3,true,"tensor([[489.0464, 186.2504, 574.3569, 425.9369],
        [ 81.7325,  58.3013, 213.3282, 426.2388],
        [ 82.0420,  58.5099, 574.9186, 426.2534]], device='cuda:0')"
620f7890-0fbc-cc93-2cdd-530dd062e53c.jpg,1,true,"tensor([[193.6722, 112.8596, 495.9629, 282.6677]], device='cuda:0')"
402bb456-2f88-fe67-9564-940dea263c9f.jpg,1,true,"tensor([[ 81.9263, 128.8513, 574.3060, 426.2230]], device='cuda:0')"
98c16dd3-bdef-52ed-73f3-b93092a95ccd.jpg,1,true,"tensor([[303.6286, 171.2756, 451.5094, 425.6150]], device='cuda:0')"
fa11918e-d6e7-e37e-7b8c-2148e9210632.jpg,1,true,"tensor([[215.3057, 236.2115, 297.2843, 314.5786]], device='cuda:0')"
56634fe8-d325-c69c-177c-bf3b7466fe4e.jpg,1,true,"tensor([[ 91.5554,  59.1735, 551.2618, 406.1571]], device='cuda:0')"
17c1af3b-1d2d-5765-3e69-f9a40a74fadf.jpg,8,true,"tensor([[437.6371, 255.9590, 502.5233, 300.0781],
        [505.4682, 256.3905, 540.3154, 314.6703],
        [292.4908, 261.2696, 315.4537, 286.1459],
        [162.3423, 242.4112, 223.7697, 278.3602],
        [184.2769, 249.2277, 279.8586, 312.3561],
        [425.3716, 255.7803, 444.9094, 286.3330],
        [400.5207, 254.8022, 426.9605, 283.7480],
        [309.0818, 247.2168, 386.6348, 298.3783]], device='cuda:0')"
e19102b5-d861-e9c2-7f43-58bee6ee22ba.jpg,1,true,"tensor([[ 97.2964,  75.2356, 518.5170, 385.0885]], device='cuda:0')"
0e753afe-4532-5cb4-0db6-abecef1696c4.jpg,1,true,"tensor([[194.9887,  62.1124, 555.3199, 272.3098]], device='cuda:0')"
29915cbf-5dd0-867c-b455-cd1150a9a161.jpg,3,true,"tensor([[ 82.0643,  58.0505, 131.8648, 219.4086],
        [204.7444,  58.2659, 441.3254, 216.1558],
        [126.5326,  58.1798, 260.0585, 223.4902]], device='cuda:0')"
60476998-c451-8d87-81c0-a2789cd1b2f9.jpg,2,true,"tensor([[343.1544, 250.5845, 454.1772, 323.8983],
        [268.6155, 236.3207, 331.0059, 321.2820]], device='cuda:0')"
a004e3c5-1774-b856-87f9-1c8b99c35baa.jpg,3,true,"tensor([[ 82.0285,  58.1912, 243.6773, 326.6104],
        [339.1861,  57.9834, 575.6147, 148.7080],
        [128.9296,  58.6381, 573.2459, 322.4362]], device='cuda:0')"
ec37925a-7aa7-8409-c9cf-5ec7343afa1a.jpg,1,true,"tensor([[230.5617, 111.2463, 492.0679, 416.5771]], device='cuda:0')"
011d35dd-a40d-7f2b-98fd-053bfa9407c7.jpg,1,true,"tensor([[ 95.9723,  97.2935, 415.0978, 368.2528]], device='cuda:0')"
2c1c6f34-3028-06dd-22ec-c77b4a542a97.jpg,4,true,"tensor([[238.5657, 135.8238, 566.8583, 325.9369],
        [122.6876, 146.0885, 419.9354, 306.8005],
        [ 82.1210, 163.9218, 133.6678, 284.4804],
        [466.1056, 166.5535, 574.1302, 282.2930]], device='cuda:0')"
9d4cc35e-12ec-656f-55ec-c29c728f1f07.jpg,0,false,"tensor([], device='cuda:0', size=(0, 4))"
dcfed235-df36-4937-2b81-3d3982ef9dfc.jpg,1,true,"tensor([[148.1527, 112.8481, 490.1620, 316.2547]], device='cuda:0')"
8c2c1b2b-4643-8060-eabe-9399adf9fca0.jpg,2,true,"tensor([[338.4555, 113.6368, 546.0937, 271.3633],
        [ 82.1440,  77.5100, 293.0648, 250.3684]], device='cuda:0')"
17cea2c7-b20e-b4c8-8cec-73fd194f8a6b.jpg,1,true,"tensor([[169.7163, 118.9789, 437.2947, 294.3316]], device='cuda:0')"
03480e70-b78f-1715-a5b5-ffc08de964c0.jpg,1,true,"tensor([[106.3608,  58.2226, 520.4247, 391.0470]], device='cuda:0')"
666f1e97-459a-5228-6ae4-a4c6c7e785f6.jpg,1,true,"tensor([[ 92.8434,  79.0289, 516.1219, 298.3212]], device='cuda:0')"
e242805a-566e-89ca-e1f9-1928406a5ec6.jpg,1,true,"tensor([[ 83.6209, 135.5633, 449.4687, 381.7317]], device='cuda:0')"
9ed4bc93-1d54-4c08-3184-6a4e99aa7461.jpg,1,true,"tensor([[232.9552,  98.5535, 459.2734, 417.2463]], device='cuda:0')"
81510c1e-bdf1-891c-0f1d-464fc659a219.jpg,3,true,"tensor([[227.9509, 138.5613, 473.0836, 293.6981],
        [ 82.0964, 151.4747, 162.9238, 284.6844],
        [ 81.6357, 128.7327, 226.8629, 272.1179]], device='cuda:0')"
8409d498-cdaa-f6ea-8894-2bf3c7492e9e.jpg,2,true,"tensor([[413.0099, 170.8695, 521.4992, 250.9032],
        [166.4248, 216.4046, 247.7043, 272.8576]], device='cuda:0')"
a725b9b3-f2f3-1c9a-f91b-fc78c9529655.jpg,1,true,"tensor([[ 92.3263,  78.0468, 537.6638, 355.1234]], device='cuda:0')"
7b07cdb7-dc0e-7970-2156-f1240940e1fa.jpg,3,true,"tensor([[304.9728,  58.3239, 422.3517, 389.3647],
        [300.2844, 276.0435, 320.4259, 323.8072],
        [223.7506, 171.1055, 287.1196, 341.8059]], device='cuda:0')"
f04d81c4-761c-381d-6b2e-88b297f039de.jpg,3,true,"tensor([[484.8564, 162.4921, 574.7048, 359.6784],
        [ 82.3958, 192.5025, 238.8297, 417.3987],
        [261.2574, 162.5108, 527.9380, 424.6648]], device='cuda:0')"
95f7e7f2-db0b-c3ab-1179-687600d42015.jpg,1,true,"tensor([[188.5846, 133.2975, 432.5305, 331.7269]], device='cuda:0')"
f77b57b1-1026-8b41-3edb-efd777d1f8a1.jpg,1,true,"tensor([[ 82.2934,  91.5144, 573.5339, 410.8152]], device='cuda:0')"
8c6c771a-358a-f5e2-68d0-be158a4e4e6f.jpg,1,true,"tensor([[ 99.4691, 144.2570, 435.4663, 320.5981]], device='cuda:0')"
254230a0-5ed8-bd9a-a327-f564c05e9c24.jpg,1,true,"tensor([[246.5275,  98.3762, 402.5970, 370.3832]], device='cuda:0')"
85ebf8d3-5e4e-4524-bcee-a7ccc385f147.jpg,2,true,"tensor([[ 92.1579, 145.0825, 179.7751, 305.1851],
        [184.7037, 155.5941, 546.7449, 328.5202]], device='cuda:0')"
ada868cc-6f33-efd2-39c8-9b9cbb204587.jpg,4,true,"tensor([[ 81.9517,  57.9567,  99.5096, 210.9272],
        [ 85.1787,  69.4697, 559.0631, 392.0231],
        [162.1947,  82.4698, 210.9288, 108.3529],
        [566.6290, 100.5216, 574.8707, 133.6968]], device='cuda:0')"
fdb84fa7-86f8-b8ff-38f1-d68e5e3a0dc1.jpg,1,true,"tensor([[284.9304, 218.0127, 336.7714, 306.4738]], device='cuda:0')"
bc8690ac-5246-f5fb-9088-88f625ac29c4.jpg,5,true,"tensor([[524.3845, 133.5175, 575.3153, 302.1019],
        [139.4761, 115.6661, 343.4811, 284.0480],
        [ 82.0267, 127.1522, 136.1062, 221.0587],
        [274.6263, 201.2456, 423.0568, 286.8212],
        [205.6886, 103.3406, 433.6130, 316.7900]], device='cuda:0')"
357761aa-e98d-6f78-711a-c47065a47d8b.jpg,1,true,"tensor([[304.5040, 259.0553, 332.2903, 277.2382]], device='cuda:0')"
8c8aa85d-f343-f602-0411-b0264ca4cd23.jpg,2,true,"tensor([[339.8809, 154.7131, 546.7671, 326.9945],
        [127.5816, 120.8689, 455.9348, 322.6508]], device='cuda:0')"
6c5713a1-d942-8a04-ac2a-29e9c8c8ec8c.jpg,6,true,"tensor([[436.4047, 210.4906, 574.6736, 320.2747],
        [550.9017, 241.5018, 575.1081, 295.9856],
        [109.4148, 238.9568, 227.8552, 317.6680],
        [ 82.2591, 234.1014, 101.8332, 278.8937],
        [272.7664, 234.8555, 403.4497, 304.3134],
        [371.7326, 216.1520, 500.5115, 292.5702]], device='cuda:0')"
ce974ef7-a78b-bf2f-0a4f-ea77efa8b7b5.jpg,1,true,"tensor([[ 89.1344, 165.2885, 368.5331, 384.7276]], device='cuda:0')"
9386a29e-5d58-0ce3-71e0-0d6de5ea793b.jpg,1,true,"tensor([[206.0385,  93.5404, 467.1484, 362.2964]], device='cuda:0')"
72b914cf-7f60-23fc-6dde-163400bb0b7c.jpg,1,true,"tensor([[194.5669, 221.2175, 346.4158, 348.7112]], device='cuda:0')"
f1561756-9fc0-4b60-86b5-b64045c0d880.jpg,1,true,"tensor([[273.8346, 253.7401, 318.1526, 280.3595]], device='cuda:0')"
1207079a-e46a-b0da-d1eb-889edaf9ef37.jpg,1,true,"tensor([[168.1691,  58.2594, 434.4771, 426.1824]], device='cuda:0')"
0a797c73-9a8c-a2e8-bfaa-60edd31fb9ea.jpg,3,true,"tensor([[486.8740,  58.0350, 574.8116, 340.5163],
        [ 82.4371,  57.9910, 277.4702, 325.4941],
        [148.6150,  58.8997, 539.5365, 349.1411]], device='cuda:0')"
d61427ee-d627-e58d-4399-997d6afc5773.jpg,5,true,"tensor([[301.7613, 154.8369, 334.2215, 174.7059],
        [470.7833, 193.9420, 574.5383, 302.9738],
        [473.4118, 176.0986, 489.4244, 200.1770],
        [ 85.3016, 161.2923,  98.1232, 169.2596],
        [224.9003, 162.8788, 434.1462, 297.7094]], device='cuda:0')"
3642b5b9-69d7-95d2-355f-f15c40f16d38.jpg,2,true,"tensor([[ 81.8380, 153.4744, 201.8677, 335.3681],
        [ 82.1877, 125.1226, 394.2716, 362.4089]], device='cuda:0')"
b37c37bd-3c6a-00b7-0474-1a7fa1bd87f1.jpg,1,true,"tensor([[192.4639, 152.9248, 406.3050, 397.7739]], device='cuda:0')"
8c5f11f7-5336-2cdf-ca7c-8f6f62e865f6.jpg,3,true,"tensor([[ 83.2859, 110.7410, 325.4291, 381.2256],
        [ 81.9482, 191.6295, 156.5480, 413.5930],
        [ 99.4243, 111.7257, 486.8765, 379.4278]], device='cuda:0')"
e39ecac9-7d8d-efc7-c73f-dbec5d6d5021.jpg,3,true,"tensor([[207.8498, 159.3870, 510.7448, 312.9142],
        [ 81.9963, 151.9760, 211.5590, 296.7160],
        [144.8591, 153.2487, 367.8719, 297.6049]], device='cuda:0')"
a9dc4817-4660-c999-fb1d-d23128695ac0.jpg,1,true,"tensor([[135.6533,  62.1296, 398.8548, 380.4155]], device='cuda:0')"
0b263d51-c2d5-49cc-bca4-dc9011ad2ddb.jpg,3,true,"tensor([[498.8535, 171.5565, 574.3727, 246.8641],
        [ 82.2717, 113.7345, 136.0462, 274.1781],
        [198.5464, 137.8528, 557.5291, 340.5923]], device='cuda:0')"
64f55bd1-7e99-3019-12d3-ed755b23b009.jpg,1,true,"tensor([[ 94.9552, 129.5503, 540.6449, 385.3997]], device='cuda:0')"
3fb1bb93-4065-3b50-fa6b-32fbc9434c2c.jpg,2,true,"tensor([[ 82.0536, 109.3296, 411.4166, 345.4745],
        [143.7588, 118.5206, 493.6478, 371.8529]], device='cuda:0')"
6b080404-ed81-dd2a-d449-36330d4754e3.jpg,3,true,"tensor([[ 82.3028, 286.3584, 109.5108, 328.3981],
        [312.9880, 290.6738, 366.0913, 326.9810],
        [228.6949, 288.6042, 326.2559, 325.5541]], device='cuda:0')"
88094156-6e11-dbcb-72c0-524b356f131a.jpg,1,true,"tensor([[237.0553, 129.7531, 416.2845, 425.6268]], device='cuda:0')"
9a5e9ffd-42cd-16dd-ce1c-2a6f539fa16c.jpg,1,true,"tensor([[149.3591,  93.4814, 532.4536, 382.2484]], device='cuda:0')"
2bce3296-a27a-d01f-fdc7-6896d80e1213.jpg,1,true,"tensor([[ 87.0126,  71.8668, 545.9247, 377.1136]], device='cuda:0')"
722daddb-b38d-8f81-f04a-7e2321076d3e.jpg,1,true,"tensor([[107.3419, 165.4853, 399.8959, 320.6768]], device='cuda:0')"
d068e84d-15cd-f9b3-e513-45b73805b685.jpg,1,true,"tensor([[192.6472, 197.1483, 324.6586, 252.5811]], device='cuda:0')"
3abf585a-977a-de6a-025b-e38dde7b764e.jpg,2,true,"tensor([[205.6416, 120.9584, 550.6301, 378.7737],
        [101.1098, 143.0775, 218.3445, 367.8183]], device='cuda:0')"
dbb06087-abe2-d567-3c15-b7d5e2377033.jpg,2,true,"tensor([[238.5083, 204.8550, 255.2818, 221.4628],
        [566.6028, 197.7316, 574.8438, 210.9723]], device='cuda:0')"
3488d590-19a9-e7b6-c4e7-dd50089fd580.jpg,4,true,"tensor([[196.0842,  67.7971, 238.3886, 135.9003],
        [ 82.0373,  58.2580, 204.2240, 328.9958],
        [ 94.1312, 124.9142, 512.1581, 373.5545],
        [224.2602,  86.6831, 357.3003, 143.7880]], device='cuda:0')"
29c492df-e299-0967-3352-4bab2fdcc992.jpg,2,true,"tensor([[330.0010,  96.4065, 434.1236, 358.3526],
        [202.0962, 100.2689, 339.7102, 370.1236]], device='cuda:0')"
ac808742-e062-8ee9-e28d-a4c7c1b4d96b.jpg,1,true,"tensor([[240.1179, 145.7377, 447.6932, 347.5972]], device='cuda:0')"
9db70aa2-1a3b-a2a6-a2e7-a1300eff1d33.jpg,3,true,"tensor([[381.6785, 143.6319, 574.2642, 326.8094],
        [ 81.9291, 155.9576, 191.4986, 310.9308],
        [170.6936, 161.3226, 552.7146, 340.2896]], device='cuda:0')"
573193d6-7663-e048-916e-af061eef68d8.jpg,3,true,"tensor([[298.8620, 155.7490, 501.3563, 363.0104],
        [140.4418, 260.6747, 189.7938, 403.5840],
        [151.1673,  97.4204, 235.9720, 313.0298]], device='cuda:0')"
3a98188d-d437-ab95-63f2-18ffeb04a5c0.jpg,2,true,"tensor([[431.6564, 124.0296, 574.8939, 416.0148],
        [ 82.2283,  95.6059, 547.8235, 406.6914]], device='cuda:0')"
630bebd4-1eb2-92f5-522c-f3dd7dda8c1f.jpg,2,true,"tensor([[ 88.1985, 124.1154, 468.1105, 300.9169],
        [259.1800,  92.6504, 574.7283, 290.2487]], device='cuda:0')"
2e2fb1aa-7d38-ad69-724f-e863dd6c9f98.jpg,1,true,"tensor([[126.4749, 130.0471, 541.9758, 398.9881]], device='cuda:0')"
4c0a5627-8854-38a3-ecd1-5189e3df41a5.jpg,1,true,"tensor([[360.9219, 270.4937, 467.9697, 334.2281]], device='cuda:0')"
4847d0ad-0cfa-ade5-be8c-6825efae3a0e.jpg,3,true,"tensor([[424.5991, 277.4554, 500.1140, 299.7238],
        [336.4255, 230.9567, 371.8136, 262.4219],
        [109.2377, 226.0814, 227.7225, 322.0352]], device='cuda:0')"
4f707fd2-2457-daaf-6d8a-fe1854acf6ea.jpg,2,true,"tensor([[543.3948, 191.1817, 575.3535, 364.3342],
        [ 82.3057, 143.3845, 508.4314, 349.0612]], device='cuda:0')"
76b94f09-21a2-fe53-9793-b3682fee186f.jpg,9,true,"tensor([[498.3435, 203.7200, 531.5637, 228.9764],
        [530.5886, 204.1774, 554.3373, 222.2653],
        [211.9070, 208.9452, 267.8708, 230.1984],
        [194.6738, 220.0622, 214.0107, 251.4017],
        [125.0567, 204.5007, 173.2895, 226.7093],
        [213.6808, 190.7445, 254.0598, 213.8530],
        [ 82.4402, 205.4806, 126.3694, 226.2195],
        [560.8431, 202.8662, 574.7966, 223.0306],
        [286.2397, 225.3349, 355.3076, 254.0104]], device='cuda:0')"
9014de88-04af-83b5-8645-17677458e6b5.jpg,4,true,"tensor([[486.9512, 314.9397, 575.0787, 426.5095],
        [ 81.9104, 315.8414, 150.8050, 400.8139],
        [ 82.1515, 315.5058, 231.7254, 402.0294],
        [144.4041, 169.1630, 548.0056, 327.9183]], device='cuda:0')"
191053c6-5883-e646-80b3-3294dc99e1c1.jpg,1,true,"tensor([[163.4473, 190.7498, 469.4363, 365.9601]], device='cuda:0')"
c13ce7d1-49f2-2094-0d4d-3cb580561431.jpg,2,true,"tensor([[376.3922,  59.3100, 574.3032, 424.7228],
        [275.5164,  89.3564, 418.0577, 372.4532]], device='cuda:0')"
cc7843ac-9664-d868-7104-ab7575644b2b.jpg,2,true,"tensor([[ 82.0903, 115.9442, 127.3685, 302.6427],
        [100.3162, 110.7847, 487.8840, 373.2482]], device='cuda:0')"
5121e7fe-9a3e-6a13-c576-d7a4eec4d664.jpg,2,true,"tensor([[283.5262, 254.0026, 373.0181, 400.8302],
        [219.2776,  73.9329, 373.0638, 399.0777]], device='cuda:0')"
1c1d9dce-364b-6570-3daa-faa421cae6fa.jpg,1,true,"tensor([[195.4086, 168.2650, 569.2323, 372.8620]], device='cuda:0')"
a35321de-b859-a2f1-eb2d-54984dd550f6.jpg,3,true,"tensor([[199.5338, 129.5798, 226.2710, 176.3149],
        [143.6064, 161.0571, 482.0267, 360.4231],
        [267.0938, 250.4455, 418.5452, 323.0959]], device='cuda:0')"
5b244b8f-100a-80d8-e242-ce1dfec0e010.jpg,2,true,"tensor([[446.4847, 251.4406, 479.7022, 271.6647],
        [299.5220, 243.4554, 345.2017, 272.7292]], device='cuda:0')"
e6aaef23-eae5-423c-b6cc-1c6dc125a52e.jpg,3,true,"tensor([[485.0869, 232.3911, 574.8723, 329.4514],
        [174.4782, 193.9485, 285.4872, 319.0656],
        [221.9883, 192.1350, 313.0948, 319.4698]], device='cuda:0')"
f7ddb530-ace9-0c00-83f0-d372691bfd9e.jpg,1,true,"tensor([[ 86.0661,  96.9548, 570.1204, 316.9877]], device='cuda:0')"
b6a43487-a86f-6ce8-5565-837f75ee1583.jpg,3,true,"tensor([[518.8068,  97.8414, 575.0056, 275.7607],
        [112.7369,  58.3155, 497.0138, 388.2400],
        [452.1366, 100.3159, 536.4338, 277.0612]], device='cuda:0')"
bfd64743-a2cc-65d3-e8bd-58814379d496.jpg,1,true,"tensor([[150.4249,  82.5810, 574.5160, 329.7395]], device='cuda:0')"
20e7ba4d-2e5b-adc6-9107-ce5a87a34e0f.jpg,1,true,"tensor([[113.0686,  81.2030, 509.6648, 329.1227]], device='cuda:0')"
ce37aa04-4c74-d945-3f25-418a24cba7e2.jpg,2,true,"tensor([[300.9878, 207.4236, 496.0991, 385.9912],
        [ 82.8856, 132.6051, 302.6415, 367.5162]], device='cuda:0')"
7591fc5e-f1d4-f1f0-f43e-76fcf1d6b7ee.jpg,1,true,"tensor([[101.6242, 100.0177, 492.4064, 310.2349]], device='cuda:0')"
1dcf9c7c-466d-ea30-4081-a1bc15e470f9.jpg,1,true,"tensor([[186.1726,  59.9421, 456.8172, 314.2955]], device='cuda:0')"
750c6ace-3c98-bd11-389f-a04e5f8fb2de.jpg,2,true,"tensor([[ 82.0073, 172.5570, 167.3182, 335.8844],
        [227.1221, 169.1592, 534.5153, 371.0949]], device='cuda:0')"
ecb4007c-700b-3a7d-ef0a-32852952fdb4.jpg,1,true,"tensor([[230.4126,  90.8627, 386.6602, 327.3017]], device='cuda:0')"
0ba9a570-3d80-d982-7750-584512270db6.jpg,1,true,"tensor([[154.1109, 139.6287, 512.6041, 426.1113]], device='cuda:0')"
c6f67b98-11c0-2ddf-aeeb-81f0745310fa.jpg,2,true,"tensor([[379.5916, 116.2548, 574.9747, 241.3624],
        [229.7973, 168.1008, 452.6114, 280.5705]], device='cuda:0')"
0b3d9f39-20d3-c492-4f3b-373534ff3b98.jpg,2,true,"tensor([[473.6591, 251.1016, 575.1588, 425.9099],
        [182.7140, 184.5130, 517.6375, 426.3672]], device='cuda:0')"
9f520a09-6ad4-b6af-8d32-ab56167871ef.jpg,1,true,"tensor([[199.1335, 120.7107, 430.0550, 322.6774]], device='cuda:0')"
b10c73c4-99a4-6e6a-3fc2-2eed12582922.jpg,3,true,"tensor([[253.5244, 159.5020, 267.9166, 176.2295],
        [179.9481, 155.1495, 488.3815, 381.9562],
        [261.9557, 153.6106, 314.1553, 190.4733]], device='cuda:0')"
a56efd65-c168-efc3-d3cb-9ef2c3dac8f8.jpg,7,true,"tensor([[526.8594, 248.6820, 560.7098, 268.8826],
        [ 80.3583, 256.6545, 133.8485, 312.9255],
        [155.4367, 254.5252, 232.5336, 314.3468],
        [562.5544, 245.8578, 575.9509, 264.0733],
        [357.8614, 254.7728, 459.1223, 306.1426],
        [282.5451, 251.9223, 360.7065, 312.2528],
        [434.3094, 255.1934, 498.9055, 298.7121]], device='cuda:0')"
28e21591-1a25-180b-8a91-73115fc96ebe.jpg,2,true,"tensor([[ 82.4763, 121.6682, 107.8033, 199.3868],
        [181.1721,  59.0891, 574.1219, 338.5308]], device='cuda:0')"
ccbacaf9-66fb-67f2-8cf0-2fc9f1a1d15e.jpg,1,true,"tensor([[249.3313, 224.3786, 313.7585, 316.0306]], device='cuda:0')"
47dd493f-1a81-befb-b537-4c1f46675ade.jpg,4,true,"tensor([[ 93.5388,  67.7292, 263.7829, 172.7234],
        [ 82.1339, 132.8187, 102.7347, 172.7257],
        [ 87.4142, 179.7487, 473.0278, 371.5272],
        [240.8233,  91.2757, 382.3778, 173.4202]], device='cuda:0')"
e45aa449-d88f-8ef9-91d4-efbac670787c.jpg,1,true,"tensor([[226.6373, 105.0109, 439.7520, 349.9990]], device='cuda:0')"
127faf7e-1a94-fba3-b386-b7237f3018d8.jpg,0,false,"tensor([], device='cuda:0', size=(0, 4))"
d5a2a641-b1b4-28cf-8a47-06288abd9a8a.jpg,1,true,"tensor([[174.9036,  84.1941, 445.8578, 314.2917]], device='cuda:0')"
e0562275-5aca-32cc-e9e5-a5ee6d6a99a8.jpg,1,true,"tensor([[228.5171, 163.0423, 417.2205, 378.7287]], device='cuda:0')"
5202e106-45f4-9bba-7bb7-b3b1ae1f9cf9.jpg,2,true,"tensor([[ 82.4448, 164.7644, 351.7001, 362.8397],
        [131.9438, 121.5335, 504.2049, 365.4656]], device='cuda:0')"
7aed84a7-8958-94b8-a274-f02689a7b663.jpg,10,true,"tensor([[165.8849, 228.2360, 278.7490, 287.5086],
        [493.3948, 221.2005, 559.6955, 277.4030],
        [283.2602, 216.2103, 332.8173, 279.3548],
        [107.0008, 229.8703, 174.3359, 286.7202],
        [103.7084, 159.1571, 130.4056, 176.2997],
        [457.7684, 217.0521, 532.5817, 269.7930],
        [217.4346, 164.0525, 233.3051, 181.7346],
        [330.2206, 219.2275, 384.7478, 268.2377],
        [224.1747, 215.7610, 304.7306, 274.9962],
        [342.2928, 217.2367, 379.3254, 263.4337]], device='cuda:0')"
fe7917c8-b291-d6d1-b437-87012d58ab76.jpg,3,true,"tensor([[203.8798, 147.2494, 512.1461, 311.0962],
        [ 82.2987, 132.5915, 299.2621, 299.3087],
        [181.7260, 143.0857, 570.7549, 353.7129]], device='cuda:0')"
789c42b7-f7db-a3d6-393e-cb341d13000a.jpg,1,true,"tensor([[224.9132, 132.2076, 389.2819, 268.3259]], device='cuda:0')"
f96a7485-26d7-b700-ca59-e0e8ad2ded26.jpg,2,true,"tensor([[ 82.1670, 111.8905, 203.1560, 233.8648],
        [206.0128, 133.3380, 509.7778, 379.2479]], device='cuda:0')"
2e8d4ddf-78bd-8a7f-b6e5-3d1515d2c1d8.jpg,1,true,"tensor([[227.7818,  77.2705, 402.8799, 352.7109]], device='cuda:0')"
044ec869-8473-a070-d76d-de07b5c1e5ff.jpg,3,true,"tensor([[314.9703,  99.0913, 575.2491, 385.7132],
        [ 81.9265,  94.8182, 180.8885, 413.1699],
        [124.6640,  98.9020, 495.9269, 396.0316]], device='cuda:0')"
744d8bb5-6290-795c-5dcc-74cd99965883.jpg,0,false,"tensor([], device='cuda:0', size=(0, 4))"
0d75c7e1-9de2-1d9a-fec2-43e0f3228d5d.jpg,1,true,"tensor([[188.9531,  99.2440, 419.8527, 301.9086]], device='cuda:0')"
042418a2-5d45-c7ff-28bc-0b897b9c2a7e.jpg,2,true,"tensor([[224.1087, 129.5024, 369.4612, 279.1661],
        [237.4410,  81.4962, 375.7014, 288.5996]], device='cuda:0')"
75c56b0b-c4a8-b760-bea4-d1dd055aef88.jpg,1,true,"tensor([[170.9125, 175.9214, 462.5983, 331.2518]], device='cuda:0')"
8723fd22-ca92-7aee-18bd-786c4f87c313.jpg,2,true,"tensor([[495.7493, 130.7521, 575.0503, 381.5243],
        [ 82.4827,  76.7884, 524.7123, 425.7621]], device='cuda:0')"
06ddedd8-9417-61c9-27a8-9e93ca1e2ddc.jpg,2,true,"tensor([[ 81.8525, 104.5057, 422.8952, 317.9299],
        [137.1733, 129.3544, 453.5327, 318.8074]], device='cuda:0')"
198e9109-71d8-d7ee-f092-7dbbef93abe0.jpg,1,true,"tensor([[181.8203,  58.6598, 574.8953, 361.4922]], device='cuda:0')"
f13d5677-314a-e9de-745b-d8d36577f1b1.jpg,3,true,"tensor([[478.1758, 238.0447, 574.6937, 369.7835],
        [ 82.3605, 214.3113, 222.7732, 378.1182],
        [207.7725, 215.2313, 486.1975, 378.7725]], device='cuda:0')"
2b8ca426-4155-ff97-529f-88e753c282ef.jpg,1,true,"tensor([[114.3324, 189.1393, 399.8198, 340.7635]], device='cuda:0')"
79c94479-fefd-9f90-a6ac-c7e730bed8b0.jpg,6,true,"tensor([[446.8362,  64.8909, 574.6845, 204.5462],
        [ 82.2441,  58.8044, 266.0961, 343.8121],
        [ 81.9425,  58.3880, 165.1077, 113.4038],
        [ 81.5019, 105.3066, 151.9192, 128.2095],
        [216.1281,  73.0802, 426.2331, 347.7670],
        [398.7151,  83.0632, 526.8207, 233.7804]], device='cuda:0')"
9da90a17-c5b2-7d69-25d5-084f739b6ba1.jpg,17,true,"tensor([[482.5052,  91.0570, 503.3099, 103.4458],
        [ 82.2559, 105.7674, 114.1745, 183.5434],
        [329.8819, 112.5450, 365.8820, 171.1434],
        [522.1807, 121.2071, 574.3291, 196.6581],
        [104.7222, 149.2554, 132.9176, 191.1052],
        [471.7001, 184.2949, 575.0128, 302.8029],
        [124.6854, 116.4406, 191.0542, 194.0684],
        [267.8853, 119.7724, 296.3349, 163.7888],
        [464.6784, 117.4093, 501.8901, 201.2965],
        [491.7218, 104.3675, 516.5754, 114.1100],
        [560.3935, 122.4146, 574.8400, 165.6489],
        [483.9723, 227.4875, 538.1950, 281.7226],
        [465.4733, 248.8164, 511.8625, 305.5556],
        [191.9787, 119.5099, 270.6261, 190.8247],
        [197.8156, 152.3143, 459.7497, 292.9547],
        [370.1840, 112.8622, 394.8047, 127.4302],
        [499.9042, 120.7327, 541.8339, 204.6092]], device='cuda:0')"
b2407f43-748e-b9aa-7dd9-3e916b7d39be.jpg,4,true,"tensor([[290.6548, 176.1525, 574.5953, 370.5815],
        [ 82.2056, 180.3942, 168.2952, 369.2368],
        [ 81.7090, 179.9640, 239.6440, 369.8609],
        [174.1083, 197.1160, 499.4288, 378.6636]], device='cuda:0')"
053a8404-517a-a3f6-cf77-2617a4fa53c5.jpg,2,true,"tensor([[181.4472,  91.3071, 469.1175, 401.5594],
        [ 82.3325,  83.1685, 264.8371, 323.9261]], device='cuda:0')"
01e6f9f8-2a52-7cae-3c2e-8c6bcd74849f.jpg,3,true,"tensor([[237.0247, 133.1416, 250.5939, 145.3497],
        [109.4144, 128.2966, 471.3408, 298.5147],
        [265.6526, 134.4388, 279.6013, 147.4674]], device='cuda:0')"
de337bda-acaf-ea34-2088-1771db28dbc0.jpg,2,true,"tensor([[ 82.1397, 222.4626, 108.0703, 340.6251],
        [ 81.9691, 129.5140, 521.2319, 383.4916]], device='cuda:0')"
1e8ecf71-3274-da1e-9f1b-ef7e94286953.jpg,1,true,"tensor([[296.8015, 162.6590, 466.8323, 425.8294]], device='cuda:0')"
be45bf79-c05d-efdb-8b59-f00e58e2be5c.jpg,1,true,"tensor([[312.2136, 215.3909, 352.6880, 342.2265]], device='cuda:0')"
758704ff-a957-2ec8-a390-740faffdf93f.jpg,3,true,"tensor([[ 87.7818, 138.5968, 321.6024, 257.7512],
        [537.5568, 180.0745, 574.9763, 295.9585],
        [ 82.2590, 134.3417, 189.8978, 253.3810]], device='cuda:0')"
464b167a-b135-1584-8755-14b1b50fe972.jpg,2,true,"tensor([[ 81.8113, 214.1898, 198.7909, 334.7900],
        [247.2373, 210.6677, 406.0283, 336.4524]], device='cuda:0')"
61f3b3ff-7004-1ef6-12b4-c4daa7b7f60b.jpg,1,true,"tensor([[ 98.6959, 311.2451, 345.3267, 425.1360]], device='cuda:0')"
b7127311-0218-5403-788a-19e4763bb32e.jpg,1,true,"tensor([[217.1659, 111.8721, 483.5385, 394.7068]], device='cuda:0')"
8a9da090-1a65-6c54-9bd7-8506ad586ac9.jpg,2,true,"tensor([[ 82.3179, 177.7207, 109.8566, 208.6323],
        [ 82.0753, 141.2351, 483.8269, 408.8091]], device='cuda:0')"
80654acd-b4ad-cbe6-6bfd-38ce3dd96d46.jpg,2,true,"tensor([[292.0497, 140.4074, 419.0291, 333.6310],
        [232.2573, 165.1756, 323.1535, 325.3214]], device='cuda:0')"
7b8d4962-1182-b812-2389-9fc3406e6cf2.jpg,3,true,"tensor([[537.5729, 184.5303, 574.8850, 319.4987],
        [ 82.5404, 166.5075, 128.7947, 260.1460],
        [185.6815, 152.6679, 448.0340, 324.5185]], device='cuda:0')"
351a2ef3-6f37-e42c-592c-e648d0533128.jpg,4,true,"tensor([[450.5754, 208.0657, 547.8071, 269.9389],
        [198.2427, 185.4069, 229.2544, 258.1635],
        [ 82.1499, 177.3998, 220.3320, 278.1958],
        [261.0315, 187.0271, 353.9651, 264.2925]], device='cuda:0')"
234f4454-8589-7f46-c066-123567a42b0d.jpg,3,true,"tensor([[340.1379, 154.6512, 536.9195, 348.2809],
        [154.9016, 160.2379, 236.1072, 323.9646],
        [ 81.9656, 138.4985, 199.8986, 349.7684]], device='cuda:0')"
8b261776-f8fd-2729-f7c8-c31556d1e3ad.jpg,1,true,"tensor([[303.6256, 148.7830, 334.7999, 197.0678]], device='cuda:0')"
a5330f91-a271-6a55-64a2-4d3603bef061.jpg,1,true,"tensor([[260.8903,  59.5477, 566.8405, 366.8781]], device='cuda:0')"
a8699eda-8154-0aad-ffda-cbf4cb35d5fb.jpg,1,true,"tensor([[252.5221, 133.8299, 318.7657, 351.2294]], device='cuda:0')"
648b2095-ec9e-2f67-2d63-dbd7cee8d7f8.jpg,3,true,"tensor([[370.2401, 114.0650, 575.2885, 252.8226],
        [315.0671, 126.6280, 552.7538, 264.3365],
        [ 95.7250, 141.7603, 341.7709, 267.9200]], device='cuda:0')"
89c31ad6-4ed3-db5f-7e0f-74102d48116b.jpg,3,true,"tensor([[206.1025, 188.9951, 489.3439, 341.3298],
        [322.9200, 200.8697, 334.1173, 212.2171],
        [298.9443, 202.1692, 310.0422, 212.7568]], device='cuda:0')"
79166f4c-8728-9e09-5a08-02cfd9aff148.jpg,2,true,"tensor([[419.6162,  92.3209, 572.3606, 371.6082],
        [153.3921,  85.8648, 495.8910, 376.1881]], device='cuda:0')"
2294aae2-4207-bdae-c15d-34c4c81ea885.jpg,1,true,"tensor([[128.4877, 123.3286, 479.4427, 332.2735]], device='cuda:0')"
580b83e8-3a2c-9f9a-96e3-82d35c831bb0.jpg,2,true,"tensor([[492.2192, 207.7133, 574.9012, 379.4667],
        [141.0681, 166.4775, 479.3491, 396.6793]], device='cuda:0')"
bb7b7180-65b3-deff-cd4a-4622be6afbf0.jpg,5,true,"tensor([[158.5624, 178.4206, 365.3476, 350.8597],
        [445.3859, 178.5382, 574.6090, 426.1473],
        [ 82.0869,  82.7601, 129.7528, 126.8830],
        [176.2292, 121.2792, 533.8964, 365.0872],
        [254.0605,  91.9969, 309.0255, 137.2099]], device='cuda:0')"
30615f31-e0b3-fb5c-02db-96bfab8a71d1.jpg,2,true,"tensor([[524.4105,  58.6365, 575.4455, 351.2025],
        [129.1855, 106.9350, 521.2943, 349.9563]], device='cuda:0')"
fadca150-329f-6017-7593-ff2380cace25.jpg,2,true,"tensor([[ 82.0986, 139.7197, 178.3720, 242.8593],
        [259.2437, 130.3513, 429.8411, 250.4221]], device='cuda:0')"
9a8e46c1-1ca9-e450-51e2-f7448592c2cd.jpg,1,true,"tensor([[124.5160,  68.9630, 574.8080, 426.1961]], device='cuda:0')"
c7ce5aaf-1b0a-c4f2-9684-739f26cd83f1.jpg,1,true,"tensor([[146.7766, 139.9500, 574.3417, 426.3772]], device='cuda:0')"
b83b1c87-c34b-cc30-2c23-d7ba8b3ea1d7.jpg,1,true,"tensor([[228.0303, 153.4736, 500.1227, 311.5693]], device='cuda:0')"
b5db54db-34c0-3e7e-df71-9e941a95ec8b.jpg,7,true,"tensor([[541.6517, 210.2233, 574.8253, 265.6892],
        [482.4897, 176.5051, 537.0576, 216.8598],
        [523.3394, 182.9561, 574.7242, 219.7432],
        [192.5636, 176.6599, 262.7542, 226.2038],
        [ 82.2728, 135.5601, 235.6226, 304.5849],
        [231.9071, 162.1503, 497.5899, 302.4613],
        [311.3370, 175.6356, 385.8658, 188.5739]], device='cuda:0')"
e59d4d09-7dce-f0e0-20f7-8eb5d4164cd0.jpg,1,true,"tensor([[198.3415, 113.2697, 552.9175, 352.8874]], device='cuda:0')"
060ef6e3-966d-52b4-69fb-82f26e8c6b9d.jpg,2,true,"tensor([[283.6108, 135.4722, 461.6265, 414.8900],
        [238.3231, 206.6198, 422.2315, 425.9622]], device='cuda:0')"
a96b6a8e-4a3b-78d4-3466-6617adc18f74.jpg,3,true,"tensor([[ 81.9315, 123.6519, 125.6960, 183.1637],
        [465.3070, 108.7795, 511.1038, 161.4341],
        [164.9580, 131.4283, 512.1565, 327.9242]], device='cuda:0')"
477ccb75-bbf6-5d02-0665-df309066c481.jpg,2,true,"tensor([[175.8084, 164.6940, 428.3495, 330.6208],
        [206.8881, 176.5642, 445.9267, 312.3033]], device='cuda:0')"
65c75586-96a7-cb41-acbe-e95fbcf13531.jpg,5,true,"tensor([[531.4005, 118.9688, 574.8182, 169.4781],
        [484.4622, 148.2419, 574.5620, 229.4625],
        [ 82.1872, 131.6381, 170.0945, 306.9993],
        [208.6543, 158.3236, 482.1193, 334.0032],
        [296.3433, 114.2010, 393.1118, 158.4450]], device='cuda:0')"
bca8c166-494c-6987-8715-f7cbddd0f655.jpg,6,true,"tensor([[491.6780, 150.6272, 574.7725, 396.4835],
        [ 82.1944, 298.5914, 125.8524, 425.8875],
        [ 82.7974,  83.1036, 164.7751, 113.5401],
        [444.2438,  75.8658, 530.1666, 107.6162],
        [149.6377, 130.8415, 473.0052, 398.2853],
        [280.6210,  86.2082, 361.2472, 109.9673]], device='cuda:0')"
f1d62349-1fe3-2491-86c5-ffdb2344d382.jpg,4,true,"tensor([[462.3195, 143.7958, 572.4229, 260.8925],
        [191.4533, 144.9093, 281.4652, 296.9727],
        [320.8923, 146.6988, 428.4022, 278.2759],
        [237.7313, 135.4300, 334.1568, 288.3518]], device='cuda:0')"
e6baa9a9-7586-f156-4421-5ad9a7f77a58.jpg,1,true,"tensor([[ 82.1270, 119.1261, 484.5976, 390.2459]], device='cuda:0')"
4d4aed7d-1944-55f5-a90d-5993b5aabc99.jpg,4,true,"tensor([[562.9499, 136.4616, 574.7485, 215.1946],
        [384.6136, 160.2738, 488.1306, 352.6025],
        [129.6095,  76.1589, 458.9251, 354.0849],
        [ 82.5743, 100.6612, 315.5067, 307.6995]], device='cuda:0')"
b29e7385-5e9d-0765-6a16-99eba314dd49.jpg,2,true,"tensor([[455.1948,  61.4479, 540.3364, 199.3413],
        [ 82.0336, 123.0701, 492.0710, 401.8068]], device='cuda:0')"
3412324c-1e22-3351-4d24-28bf8f45705b.jpg,2,true,"tensor([[348.8074, 243.1578, 407.2266, 294.9688],
        [202.4953, 259.4222, 241.5176, 299.7268]], device='cuda:0')"
9295d8c1-f105-16fc-5549-bcd8a98fa5d3.jpg,3,true,"tensor([[527.1892, 182.1650, 575.0065, 235.1719],
        [254.0990, 108.9390, 499.7691, 419.8307],
        [422.2766, 186.9244, 483.5605, 221.0566]], device='cuda:0')"
55e2420c-6b25-8379-d5e5-6b04a9d29d89.jpg,1,true,"tensor([[268.9781, 243.5047, 378.1889, 301.0178]], device='cuda:0')"
001de68a-37c7-f6a8-aa30-602f25c179a1.jpg,3,true,"tensor([[120.2630,  82.7963, 156.1600, 119.5582],
        [ 81.8551,  60.6459, 155.6877, 116.9880],
        [140.8156,  87.7517, 520.7823, 392.2752]], device='cuda:0')"
bef25767-2315-9b03-d387-a74c30f32752.jpg,1,true,"tensor([[228.5056, 148.3682, 441.0214, 402.7150]], device='cuda:0')"
3afe08ca-1889-c96c-8cd5-f25ad66f5576.jpg,2,true,"tensor([[436.7964, 204.9654, 574.9105, 342.8584],
        [235.9670, 216.3640, 468.3429, 337.4092]], device='cuda:0')"
41247c3d-26da-3bcf-803b-41f5a3c3f12d.jpg,1,true,"tensor([[179.0175, 160.3851, 499.2979, 374.4069]], device='cuda:0')"
0a6dd7d1-ff7e-0bb0-3656-1ec8d739694e.jpg,2,true,"tensor([[458.7699, 192.2005, 574.8331, 327.7862],
        [209.4637, 181.9174, 433.9514, 313.4105]], device='cuda:0')"
b48f208e-201a-4fe4-b9da-8fe9e97fc8e2.jpg,1,true,"tensor([[166.8543,  74.6013, 539.1572, 375.8998]], device='cuda:0')"
641b95f4-7ef1-e359-96ef-176e85d32f51.jpg,4,true,"tensor([[196.6481, 152.8069, 570.9148, 296.5530],
        [380.9897, 152.8291, 571.6956, 296.4224],
        [ 82.4401, 122.8545, 356.5779, 288.2679],
        [168.6878, 114.5057, 482.6920, 292.9803]], device='cuda:0')"
d164c1c9-931f-e20a-b3b8-883469693050.jpg,1,true,"tensor([[239.1181,  70.1421, 451.1985, 420.5679]], device='cuda:0')"
3bc3d8e9-f7c8-5c58-2ecb-6a304ee33f8b.jpg,1,true,"tensor([[141.2505,  58.8767, 393.2588, 168.9740]], device='cuda:0')"
729d924a-0e03-d139-1065-d9c378da079f.jpg,3,true,"tensor([[219.7751,  57.3688, 574.0768, 381.4242],
        [107.7749,  58.5935, 536.2266, 405.0243],
        [ 81.8909,  58.1252, 273.9916, 362.9253]], device='cuda:0')"
59b2c518-4d58-f7ad-bab9-201194ec3d8f.jpg,1,true,"tensor([[188.7401, 185.5172, 351.0902, 398.0921]], device='cuda:0')"
38f1b0b8-f73d-546f-4f43-74f377f4dd90.jpg,2,true,"tensor([[223.7969,  92.5195, 498.0939, 426.2012],
        [ 82.7655, 145.7197, 387.2924, 418.2979]], device='cuda:0')"
b80389dc-0f33-89e2-9cbc-a395a5809bc6.jpg,2,true,"tensor([[193.6118, 166.0672, 408.5207, 392.9787],
        [219.0437, 112.8105, 277.3119, 124.5258]], device='cuda:0')"
6d08e9f6-7fab-0814-44c5-ba37ad251b1e.jpg,1,true,"tensor([[139.4997, 130.5110, 464.2536, 334.6180]], device='cuda:0')"
4607e6bb-f472-2c8e-b1fe-35f8c55d5fee.jpg,1,true,"tensor([[308.2515, 182.2619, 359.2111, 336.6056]], device='cuda:0')"
02a41f5f-d5ba-e44c-4f6b-2ce9f5f6cb6b.jpg,2,true,"tensor([[ 82.3264, 104.7421, 211.3971, 308.1926],
        [174.4350,  95.6177, 496.2968, 357.5231]], device='cuda:0')"
dce58ea9-c3d6-898b-487f-def36468e07f.jpg,3,true,"tensor([[534.8013, 103.3667, 575.0577, 182.3967],
        [410.3396, 107.5571, 490.3508, 166.2492],
        [133.4675,  58.1979, 502.5702, 426.6917]], device='cuda:0')"
e5cd4838-387d-6347-77de-9426cd54a8b6.jpg,5,true,"tensor([[369.5627, 127.1904, 498.6537, 272.5431],
        [393.3785, 125.0951, 469.9304, 255.2738],
        [209.6055, 129.4660, 291.0793, 270.5268],
        [114.0303, 128.6742, 212.1888, 256.1511],
        [269.3310, 119.5169, 365.2075, 259.6237]], device='cuda:0')"
74628b1f-13ba-8fd4-65db-ab2d60584cb0.jpg,5,true,"tensor([[323.5062, 230.0672, 443.3156, 355.1289],
        [245.0315, 209.2474, 313.2132, 275.7771],
        [313.1682, 206.3028, 371.4926, 299.2837],
        [ 82.2113, 218.8834, 124.4463, 293.3425],
        [312.8602, 206.4297, 371.1420, 257.4315]], device='cuda:0')"
3a389c03-2c5e-f0e8-2903-4de6239a1a27.jpg,1,true,"tensor([[244.9765, 206.9930, 437.6288, 383.9822]], device='cuda:0')"
7dcb6ddd-6ed8-3cb6-d7de-4e42840c2279.jpg,3,true,"tensor([[278.5577, 333.5103, 299.3272, 342.4402],
        [458.1009, 211.9410, 495.3692, 242.9817],
        [124.6388, 187.8154, 164.2730, 241.4301]], device='cuda:0')"
196bdf5a-012a-3a23-78d2-469dc0312f1d.jpg,2,true,"tensor([[ 82.1473, 105.4346,  99.9904, 258.5982],
        [ 96.2682,  71.6310, 509.6764, 380.8368]], device='cuda:0')"
deb324c6-2659-ba3d-0105-59b4555abbf6.jpg,1,true,"tensor([[ 82.4812, 145.7371, 483.7578, 425.6292]], device='cuda:0')"
f07aab5f-34be-073d-5a18-f335409cb57a.jpg,1,true,"tensor([[216.2117, 102.4125, 488.3466, 426.3696]], device='cuda:0')"
1df85ef6-461c-fc0e-2bb0-d656339f0074.jpg,1,true,"tensor([[293.6893,  98.5819, 407.8723, 362.0157]], device='cuda:0')"
f6ad6349-beff-f3db-2053-ca84aeffc999.jpg,2,true,"tensor([[400.4415, 210.9700, 562.2106, 357.1497],
        [200.0248, 210.7777, 434.6273, 372.0363]], device='cuda:0')"
fd407131-65b6-db52-2d74-8423640ca8b0.jpg,6,true,"tensor([[217.3046, 196.2529, 256.5797, 250.8235],
        [424.3318, 193.6242, 476.9881, 247.9977],
        [121.2083, 183.5594, 183.4152, 254.6313],
        [264.8253, 200.0990, 317.8144, 247.4604],
        [312.4054, 204.7905, 379.4794, 246.5072],
        [364.4386, 203.1302, 410.5279, 250.2340]], device='cuda:0')"
9965403d-ac52-5423-8183-14581d39cf88.jpg,16,true,"tensor([[246.7154, 245.4635, 294.3314, 273.7204],
        [425.2286, 232.4282, 438.1070, 240.6613],
        [479.5530, 260.5594, 498.6725, 277.8645],
        [235.7604, 236.3072, 262.2296, 250.5721],
        [388.3467, 233.3805, 398.0954, 241.1616],
        [524.0664, 232.2003, 530.6566, 239.9208],
        [158.1118, 237.4348, 190.2134, 257.7153],
        [331.6948, 233.4030, 343.4485, 241.4686],
        [493.9884, 232.0349, 505.7633, 238.7868],
        [375.5878, 232.9092, 388.2394, 240.9711],
        [268.4562, 235.1339, 293.1265, 247.4855],
        [ 91.7155, 235.6384, 117.2345, 253.0938],
        [339.3251, 244.7405, 389.4597, 273.0878],
        [147.3521, 269.9641, 159.4805, 280.4850],
        [482.5981, 231.0445, 493.8588, 240.0648],
        [403.6844, 232.8416, 416.8347, 241.9530]], device='cuda:0')"
8f002b14-7bf0-9eca-0d35-2d623e01de93.jpg,1,true,"tensor([[172.2001, 109.0998, 505.0952, 283.0658]], device='cuda:0')"
64e7ecba-1012-d37a-81cb-aee9a1016504.jpg,1,true,"tensor([[156.6109, 174.4797, 515.4639, 359.6908]], device='cuda:0')"
432e6cea-7570-cb84-5336-79467ea8d16a.jpg,1,true,"tensor([[139.5213,  96.6859, 498.0464, 350.5751]], device='cuda:0')"
58a0573b-cbed-be55-27cc-a41a8fc2a2d7.jpg,2,true,"tensor([[459.5306, 129.1527, 574.8754, 352.1620],
        [178.7287, 107.3157, 556.8561, 348.7866]], device='cuda:0')"
33cf8c30-cbe3-c572-5952-af89972b8a95.jpg,7,true,"tensor([[278.8063,  58.2949, 320.2405,  71.2011],
        [541.7505, 191.2912, 575.2072, 325.0670],
        [193.6681,  58.2306, 239.0050,  67.6023],
        [104.8378, 150.4340, 261.2866, 300.8649],
        [437.2177, 145.0497, 512.9500, 260.4310],
        [187.8681, 174.5495, 505.2921, 344.3513],
        [354.1911,  58.2874, 386.0591,  71.4239]], device='cuda:0')"
c5fde5e9-1877-e1b1-d4af-ae68c8014948.jpg,1,true,"tensor([[146.6048,  58.5902, 448.9103, 426.3132]], device='cuda:0')"
2ce34fdc-d508-56ee-97f7-fe9902314779.jpg,1,true,"tensor([[188.9164, 150.3755, 426.2046, 382.0240]], device='cuda:0')"
f382825f-49d6-8db9-9484-64273910d8d8.jpg,1,true,"tensor([[189.7287,  84.2070, 574.9767, 402.9633]], device='cuda:0')"
0468675f-e2b3-510a-66e6-5c774024dcce.jpg,2,true,"tensor([[349.3972, 126.3470, 574.4620, 336.9404],
        [331.0282,  92.3562, 358.0770, 113.1871]], device='cuda:0')"
f7435441-c17f-f67b-936a-6fe6c4a5a0fb.jpg,1,true,"tensor([[127.7734,  99.6433, 485.4430, 394.9505]], device='cuda:0')"
8162f453-6026-ee1e-6d82-c823bf814b7c.jpg,3,true,"tensor([[ 82.5422, 136.5181, 200.1720, 287.1407],
        [480.2802, 121.8745, 574.9410, 214.1315],
        [115.4562, 142.0775, 396.9904, 305.8125]], device='cuda:0')"
8e2db7a7-eaee-fec7-7ecd-23fcf75f3221.jpg,1,true,"tensor([[167.0719, 157.4827, 528.0228, 366.0624]], device='cuda:0')"
eec2c3b6-bee1-9dc7-18de-886c53576541.jpg,2,true,"tensor([[296.6203, 147.7826, 431.9652, 321.8083],
        [189.2282, 177.3825, 297.6266, 320.7039]], device='cuda:0')"
3913cc2c-5a61-fb24-6eb3-15e108abf17f.jpg,4,true,"tensor([[ 82.1603, 125.8255, 105.2573, 160.1647],
        [548.1674, 156.7957, 574.8258, 209.0452],
        [242.8121, 143.6173, 323.6320, 199.1217],
        [147.2537, 139.3740, 212.1118, 195.4945]], device='cuda:0')"
490f4c41-0a28-c016-cbb0-0cd8832106db.jpg,4,true,"tensor([[402.8278, 317.5742, 417.1858, 327.3149],
        [176.3546, 327.5334, 197.2249, 340.1289],
        [411.0009, 303.6383, 423.7233, 314.1821],
        [301.6203, 248.1923, 311.9080, 255.8783]], device='cuda:0')"
1e5ae79f-a7e3-2cd6-7c03-286fff9fd808.jpg,2,true,"tensor([[ 82.2982, 110.8775, 232.6203, 327.1190],
        [148.7447, 107.1110, 492.5746, 323.9911]], device='cuda:0')"
b68479e2-5c07-55f4-999f-a43045cc7bf7.jpg,5,true,"tensor([[516.8412, 131.5684, 575.0483, 294.9409],
        [190.4400, 139.0330, 204.1911, 146.0584],
        [ 82.1307, 218.9235, 128.7250, 384.6224],
        [103.2548, 142.0300, 118.4193, 148.8826],
        [221.2968, 146.3614, 509.5792, 375.7517]], device='cuda:0')"
c8a1d517-e9f5-278e-a350-de9947661e89.jpg,1,true,"tensor([[111.0303, 180.7432, 452.6055, 357.6790]], device='cuda:0')"
5cd1bce4-3412-0a07-cb4e-6c2105fce4a8.jpg,2,true,"tensor([[321.5172, 196.6004, 524.1357, 324.9269],
        [129.7510, 190.7241, 351.9333, 314.9352]], device='cuda:0')"
bfa2f39f-3a9f-37b6-5576-652b5e4ab610.jpg,1,true,"tensor([[123.8431,  78.3184, 462.1406, 294.6437]], device='cuda:0')"
bad63a48-7f91-5888-e8eb-e465ba70e053.jpg,10,true,"tensor([[318.8918, 129.0775, 339.6115, 140.2317],
        [188.3456, 176.6828, 320.4675, 369.2764],
        [439.3984, 173.3635, 570.1373, 341.0058],
        [264.7091, 130.5730, 283.5951, 141.5615],
        [ 82.1161, 181.8718, 125.5041, 294.7959],
        [114.6717, 132.7445, 131.3004, 144.7695],
        [102.4614, 185.6844, 211.6516, 267.3211],
        [210.5609, 129.5618, 229.7579, 142.2044],
        [254.4991, 182.7565, 481.8876, 356.5016],
        [ 82.4066, 217.7414, 126.1237, 295.0717]], device='cuda:0')"
5ec2f9d4-0246-4dc1-85c0-c43e461c1f97.jpg,1,true,"tensor([[ 81.8992, 122.3248, 458.3385, 340.8246]], device='cuda:0')"
c064a90f-4210-3def-a074-e588dbeec486.jpg,1,true,"tensor([[121.2486, 129.9072, 536.5856, 395.7346]], device='cuda:0')"
1dc774ff-464f-0247-49e5-3a3cce1fc694.jpg,3,true,"tensor([[497.9277, 148.3316, 574.9471, 381.6977],
        [ 82.7039, 157.0854, 391.4764, 410.9323],
        [ 99.5747, 125.7623, 460.9975, 402.9886]], device='cuda:0')"
e606edd9-3f76-7439-d754-76c619af87fe.jpg,1,true,"tensor([[127.6346, 165.0524, 477.7135, 323.9931]], device='cuda:0')"
fbac4e63-1d42-8452-9373-ba85c04f7efd.jpg,2,true,"tensor([[417.4221, 146.2692, 574.4357, 274.4626],
        [ 82.4984, 128.2056, 440.7191, 258.2110]], device='cuda:0')"
dd387501-3d75-4923-ddb1-ba413b658ef3.jpg,1,true,"tensor([[135.4599, 101.7804, 462.0185, 300.6921]], device='cuda:0')"
2c305077-719c-a778-b1a8-32dad659ef25.jpg,6,true,"tensor([[426.4072, 223.4650, 553.3935, 317.0345],
        [512.9786, 234.0488, 574.8641, 329.3972],
        [100.7087, 218.3410, 280.1839, 303.2613],
        [386.6837,  90.6480, 404.4881, 100.0049],
        [276.9284,  84.7089, 297.2111,  96.4276],
        [295.5641, 224.0051, 424.8198, 309.3834]], device='cuda:0')"
0429b80d-196d-2506-eb4e-ba0d56accfde.jpg,1,true,"tensor([[ 81.8714, 127.4836, 574.5717, 425.8849]], device='cuda:0')"
af53bfb7-9ec1-3565-e425-d788ff20c0ff.jpg,2,true,"tensor([[351.4453, 216.8515, 370.4430, 239.0362],
        [186.0946, 230.7622, 421.0272, 399.0801]], device='cuda:0')"
1eeebdac-afb7-9c7b-614d-7e1100da65cb.jpg,1,true,"tensor([[ 82.5026, 119.2753, 412.5384, 402.8694]], device='cuda:0')"
5052222d-1eaf-bdd1-ecfd-7e90b7b3b76f.jpg,1,true,"tensor([[311.4108, 183.3059, 392.7064, 263.0069]], device='cuda:0')"
88484541-0d8f-1cab-032d-31a0b55bbde2.jpg,1,true,"tensor([[302.2756, 202.3363, 384.7314, 307.8368]], device='cuda:0')"
dede8719-3ac8-40e0-8339-6b49f3f1a643.jpg,1,true,"tensor([[160.8610,  96.5024, 331.2980, 367.5850]], device='cuda:0')"
28a02c5e-9bee-3ba7-f7db-892a6867162c.jpg,4,true,"tensor([[472.0576, 225.8388, 574.5865, 394.4335],
        [447.8357, 179.2481, 512.3005, 219.4761],
        [ 89.6664, 189.2268, 474.7590, 386.6952],
        [ 82.2227, 191.6023, 153.4178, 258.2259]], device='cuda:0')"
5a5647f3-1d50-1bdf-005f-d192b900a888.jpg,1,true,"tensor([[328.1231,  58.3403, 466.8787, 307.4706]], device='cuda:0')"
c8a2febf-22fa-b2ec-d711-2ebe630b57cb.jpg,1,true,"tensor([[189.3338,  87.0853, 435.6699, 405.1601]], device='cuda:0')"
f06e388f-4dd3-2f98-84f8-bdc379f75e82.jpg,1,true,"tensor([[142.3905, 115.0357, 421.8289, 296.9631]], device='cuda:0')"
cf9fcbe1-77c9-3727-d21d-d8d132ba52ac.jpg,4,true,"tensor([[480.0475, 134.9464, 574.7076, 243.9342],
        [ 82.5589, 120.8130, 138.4560, 257.2373],
        [485.2421,  58.6775, 571.0772, 129.7259],
        [133.4526, 142.9939, 508.6668, 378.6066]], device='cuda:0')"
da938519-2c5d-b5bf-1513-96f66279957a.jpg,1,true,"tensor([[159.1295,  98.1747, 489.8690, 369.6697]], device='cuda:0')"
1880de9f-5273-236a-51ef-7e5cd81b11c6.jpg,4,true,"tensor([[326.2613, 203.3286, 431.0849, 272.4119],
        [285.2718, 188.5077, 363.8997, 263.3469],
        [176.2918, 182.7088, 300.6367, 262.7676],
        [ 82.2163, 201.1097, 110.6826, 286.7363]], device='cuda:0')"
0c7eb8da-579d-6098-f3c9-572cc1736b8f.jpg,2,true,"tensor([[ 82.1289, 133.8421, 239.0940, 350.6751],
        [171.8459, 126.5338, 574.2247, 324.1654]], device='cuda:0')"
5355b870-b645-07ef-d50a-1242006b0954.jpg,1,true,"tensor([[ 99.2281, 169.4974, 417.7177, 376.5973]], device='cuda:0')"
6106b64b-45c7-f208-b57b-e0c09437ac79.jpg,3,true,"tensor([[170.2859, 178.1313, 390.1129, 399.1552],
        [508.4564, 153.6255, 575.1779, 383.2151],
        [220.3981, 124.4425, 531.8510, 378.5225]], device='cuda:0')"
a6fc4159-2f34-7f91-ef74-5a1575bc68f8.jpg,3,true,"tensor([[384.8859, 111.0614, 573.8474, 338.1700],
        [ 82.2453, 120.9839, 306.4908, 319.8434],
        [305.6573,  89.3812, 391.8315, 323.4907]], device='cuda:0')"
0ed9cf28-86b5-4bf5-f335-ad0e35c5ad37.jpg,1,true,"tensor([[189.0955, 268.9230, 377.2473, 355.7650]], device='cuda:0')"
613abb0f-04c6-95bf-6632-cfdc6e217880.jpg,1,true,"tensor([[289.4207, 201.7797, 422.7446, 304.5572]], device='cuda:0')"
c9049a89-f64d-2d4b-38e0-574ccbaa2905.jpg,4,true,"tensor([[ 88.0681, 170.0755, 109.9010, 184.7215],
        [ 82.2958, 264.6272, 156.1895, 388.8645],
        [167.9582, 162.1221, 180.0076, 177.5124],
        [151.0019, 226.0485, 481.1557, 377.3279]], device='cuda:0')"
6346d799-0d69-43b7-317f-cb4b98c55aec.jpg,1,true,"tensor([[184.0089, 153.3624, 402.4474, 315.0365]], device='cuda:0')"
b1ad3cdc-0537-ded6-a7be-0722eca55761.jpg,8,true,"tensor([[477.0179, 199.4799, 523.7537, 223.4766],
        [ 82.4175, 196.1331, 101.9112, 214.3631],
        [551.6878, 190.6425, 574.6019, 207.0235],
        [126.3594, 194.8345, 179.4767, 217.2043],
        [513.0595, 188.9509, 549.3049, 214.9654],
        [316.6986, 215.4790, 379.3250, 240.5934],
        [231.6580, 179.5552, 266.4869, 205.8177],
        [151.7795, 214.1092, 171.7075, 247.6963]], device='cuda:0')"
ed74f1cf-a9f7-729d-a825-ee162a4be60e.jpg,1,true,"tensor([[215.2541, 164.6084, 430.6918, 274.6284]], device='cuda:0')"
8db509c2-e867-2c45-b7c3-2e4c6cb633e7.jpg,1,true,"tensor([[148.5277, 202.9166, 376.0092, 339.4120]], device='cuda:0')"
79852f45-1c09-6d7e-7cca-febb1cf91768.jpg,1,true,"tensor([[214.1352,  74.0639, 466.1639, 426.1476]], device='cuda:0')"
a9041e47-6a24-32a5-86fe-9c1f99d56185.jpg,1,true,"tensor([[126.0716, 121.6401, 517.9198, 414.3025]], device='cuda:0')"
615f9b1a-8ed7-8e35-2a63-c6103522c314.jpg,3,true,"tensor([[203.1190, 118.4572, 542.7516, 386.9441],
        [ 82.1691, 186.1102, 214.7311, 425.8564],
        [118.0210, 146.6263, 391.6206, 217.4229]], device='cuda:0')"
285d78b3-99c0-da6e-dd1c-507b00a976a0.jpg,2,true,"tensor([[494.2476, 256.4716, 574.4579, 323.2445],
        [124.3431, 131.4333, 518.3783, 385.1359]], device='cuda:0')"
f672626c-71dc-5898-24fc-0c29fa9d1e1e.jpg,1,true,"tensor([[164.5407, 153.4366, 492.7957, 322.0764]], device='cuda:0')"
a090711e-6313-11a5-82f8-62cf3682ad56.jpg,1,true,"tensor([[ 96.6922, 112.1622, 458.1354, 316.5079]], device='cuda:0')"
bd4cca9c-389e-972b-971f-174982106c5f.jpg,1,true,"tensor([[112.8776, 189.1169, 369.0471, 330.5572]], device='cuda:0')"
eda83268-567c-be0e-d8e5-8fa4a74adf21.jpg,2,true,"tensor([[471.1635,  85.8413, 496.2816,  94.7748],
        [122.2829, 139.7930, 497.9170, 285.0334]], device='cuda:0')"
d0869757-636d-7e83-8ba0-61fb9f107ff9.jpg,5,true,"tensor([[479.3298, 140.0536, 574.6767, 354.1032],
        [ 82.3506, 113.1178, 180.0277, 351.6997],
        [455.6012, 118.0820, 574.6540, 254.4343],
        [263.8681, 152.2674, 440.1036, 338.0066],
        [150.1416, 136.9435, 502.0168, 385.1765]], device='cuda:0')"
4c33d23e-317f-775d-939a-6d414a1f2545.jpg,1,true,"tensor([[139.3240, 136.2089, 416.5115, 277.5631]], device='cuda:0')"
f6e83761-2efa-b75b-bd9f-6ed035ab98c1.jpg,3,true,"tensor([[169.0363, 190.5277, 232.9446, 240.5509],
        [234.5708,  58.3694, 487.9342, 426.0450],
        [266.4560, 156.7092, 294.9839, 208.2148]], device='cuda:0')"
c88b911b-d209-74be-435e-6970c8a023f0.jpg,4,true,"tensor([[471.5181,  61.8010, 574.6063, 426.1683],
        [123.4182,  59.1630, 180.4532,  90.3720],
        [169.4576,  58.4701, 514.3932, 426.2936],
        [181.7768,  61.9814, 253.0495,  92.1800]], device='cuda:0')"
af81c7b3-8317-afbb-56a0-8a7a04368509.jpg,4,true,"tensor([[518.1010, 125.5074, 574.5603, 167.2215],
        [106.9305, 148.4934, 175.1727, 194.2433],
        [115.6890, 103.1416, 519.5332, 366.3787],
        [334.0163, 138.4250, 356.9760, 150.4818]], device='cuda:0')"
801f56f1-3a21-8b44-e319-f9449bb911fa.jpg,2,true,"tensor([[465.4593, 237.1670, 526.5454, 303.5083],
        [107.1421, 145.6648, 206.1107, 296.1905]], device='cuda:0')"
0e257249-2790-c04e-0435-e7f6b91180a6.jpg,1,true,"tensor([[188.9482, 152.1777, 467.2767, 426.2570]], device='cuda:0')"
3356a29b-9a8e-d0ec-2b0f-c9eedee70ed4.jpg,2,true,"tensor([[153.4486, 140.3150, 372.6532, 306.7184],
        [105.6141, 124.9580, 111.9261, 134.3899]], device='cuda:0')"
62f85deb-8275-03a9-e272-40a744c95cd8.jpg,1,true,"tensor([[229.7088, 157.3680, 431.5359, 269.2972]], device='cuda:0')"
202c8e18-48a2-c565-e593-dcf748dc33d5.jpg,1,true,"tensor([[217.4412, 126.4188, 559.0596, 408.1445]], device='cuda:0')"
6e6427e3-7f62-f1dd-86c2-b10b6c64b030.jpg,1,true,"tensor([[159.6896, 118.9188, 434.3872, 280.3296]], device='cuda:0')"
97e794a3-8e42-f60d-e312-f48d3119d61f.jpg,4,true,"tensor([[ 93.0209,  79.5823, 109.9229,  94.0061],
        [ 81.8013, 143.2190, 218.9696, 368.1928],
        [ 82.0047, 142.0584, 124.0227, 263.2928],
        [202.8828, 169.0647, 484.7493, 371.2221]], device='cuda:0')"
c22040e8-1997-6d43-7d04-364e43726795.jpg,2,true,"tensor([[167.1237, 109.9840, 448.3340, 276.9249],
        [215.2625, 105.3124, 301.5614, 138.1319]], device='cuda:0')"
054910ab-4258-fad7-e825-f5da642415c1.jpg,1,true,"tensor([[ 94.3839, 117.3876, 490.5200, 394.4303]], device='cuda:0')"
bccaf7eb-3387-d224-c002-e9cef1f6ce3d.jpg,3,true,"tensor([[518.3160, 220.9130, 569.0510, 250.0263],
        [246.1744, 227.7596, 290.4866, 271.7025],
        [293.8805, 236.5148, 348.8907, 274.5327]], device='cuda:0')"
928a66a5-263d-0551-c039-420f3c012b40.jpg,1,true,"tensor([[182.1607, 110.5755, 456.5176, 364.2730]], device='cuda:0')"
692a3140-4dc0-d149-49fd-13180a706805.jpg,1,true,"tensor([[144.1695, 114.5430, 537.9526, 281.8234]], device='cuda:0')"
0a07d215-d0ce-61f8-65db-c306dde3faeb.jpg,1,true,"tensor([[189.0613, 133.8849, 383.4997, 391.7044]], device='cuda:0')"
a8552e75-9969-914a-75f1-d55c668c8e22.jpg,3,true,"tensor([[378.7047, 118.2895, 574.4901, 281.5785],
        [144.8979, 141.0469, 390.0417, 320.0085],
        [ 82.2271, 181.4744, 101.3069, 295.2104]], device='cuda:0')"
7f26b0b0-2a7a-a362-2b00-873a215735bc.jpg,3,true,"tensor([[261.9417,  80.1350, 547.5042, 291.5362],
        [125.5661,  61.0247, 340.9935, 265.8344],
        [ 82.0303,  62.7214, 165.5684, 260.9632]], device='cuda:0')"
e605b408-208e-7de4-2173-579d55ee2a65.jpg,1,true,"tensor([[252.7177, 108.1092, 437.2883, 304.5551]], device='cuda:0')"
c6ba830c-666d-c771-1586-af8fe609a83e.jpg,4,true,"tensor([[172.4744, 194.8620, 328.0077, 287.8107],
        [385.0421, 195.5714, 543.0077, 301.9063],
        [ 81.9489, 164.1474, 211.5459, 287.3361],
        [285.2892, 181.5249, 458.0679, 289.8798]], device='cuda:0')"
9c9f1104-6376-ce47-1a7c-807943aede7b.jpg,2,true,"tensor([[347.4565, 155.4990, 532.5892, 262.1761],
        [129.5970, 144.9332, 344.9821, 257.3483]], device='cuda:0')"
6650b5a9-62ee-bedf-54ec-0f244d2cdc08.jpg,4,true,"tensor([[ 82.2124, 226.1178, 148.3767, 401.6672],
        [ 82.2610, 108.3714, 247.1229, 221.8629],
        [552.6956, 207.3544, 574.9061, 220.9692],
        [159.1265, 128.2852, 431.4734, 373.6368]], device='cuda:0')"
47929cde-6bd7-40b6-b663-6875d402bf81.jpg,1,true,"tensor([[127.0878,  96.5468, 518.2746, 396.7876]], device='cuda:0')"
766fe22d-3fa5-5250-55e1-1bcf83f33011.jpg,1,true,"tensor([[139.3505, 121.0842, 574.4953, 401.1660]], device='cuda:0')"
97de9a88-44ae-5912-3fcf-5495f1a29752.jpg,0,false,"tensor([], device='cuda:0', size=(0, 4))"
36e74c21-bff5-a8fd-55e9-52f13f042066.jpg,1,true,"tensor([[ 82.1944,  62.9254, 534.4568, 345.8526]], device='cuda:0')"
4d8ace1b-9302-064b-47bb-58726b5ba6d0.jpg,3,true,"tensor([[551.6854,  92.3721, 575.1479, 229.8365],
        [228.0605,  58.3933, 237.4279,  73.7299],
        [160.6009,  76.1885, 444.5249, 342.4410]], device='cuda:0')"
ed7b0787-9baa-d9ee-1142-94013671494e.jpg,3,true,"tensor([[496.0848, 235.2174, 574.4332, 272.1076],
        [ 82.4416, 217.8119, 131.9579, 266.5569],
        [136.3373, 164.2984, 448.9722, 393.3550]], device='cuda:0')"
1de78b95-c82b-9be4-bfe3-fdeee03b3d88.jpg,1,true,"tensor([[253.8568, 123.1232, 556.8534, 312.3504]], device='cuda:0')"
8e6f6c12-33ad-55cc-fe91-c6572b8e46a3.jpg,1,true,"tensor([[148.1955,  69.4394, 534.0238, 379.6305]], device='cuda:0')"
6dd72390-2cf4-e5a5-b960-ea1cad6271fe.jpg,5,true,"tensor([[475.5525, 198.9398, 553.4458, 278.0990],
        [456.9412, 186.0014, 510.6442, 274.7841],
        [368.8324, 183.3388, 459.4699, 272.8649],
        [284.0528, 162.5653, 430.7901, 270.8623],
        [217.6755, 154.6231, 465.7126, 300.5486]], device='cuda:0')"
afeec6df-fd86-f13a-c663-76634dea86b8.jpg,1,true,"tensor([[174.1477,  89.0414, 574.4581, 319.2912]], device='cuda:0')"
f2e9c937-27e4-3a96-97e1-414aa52223c8.jpg,4,true,"tensor([[435.8446, 136.1445, 561.3524, 291.9125],
        [509.6835, 168.5798, 574.6428, 298.1270],
        [146.2606, 148.2828, 358.9397, 311.3560],
        [298.7557, 150.7996, 431.7133, 307.0478]], device='cuda:0')"
6996c12e-88ab-459b-78b3-941e14c5c90c.jpg,2,true,"tensor([[208.1325,  96.5772, 403.1770, 401.3767],
        [208.2188, 147.5189, 407.1847, 401.5474]], device='cuda:0')"
a7ef2e70-0ac9-05eb-181c-e37510a8d71a.jpg,1,true,"tensor([[191.9641, 148.4863, 365.1713, 392.2162]], device='cuda:0')"
01e03041-a23d-414d-a3ef-eef53f6badb9.jpg,1,true,"tensor([[133.3835,  88.7675, 519.7983, 426.3692]], device='cuda:0')"
fb7400a8-9204-f3ce-f656-0b144f9ef4ff.jpg,2,true,"tensor([[ 82.3537,  95.1056, 421.8011, 336.7551],
        [285.6949,  70.1565, 574.9382, 266.1651]], device='cuda:0')"
6f6b5112-dccd-bff9-30e8-515ff131d98e.jpg,3,true,"tensor([[479.6912, 228.4110, 494.7512, 236.9831],
        [175.1157, 223.7457, 198.6725, 236.8041],
        [428.6159, 227.6711, 443.9734, 235.7780]], device='cuda:0')"
50957a82-94b7-1827-ad83-a1c281790c0b.jpg,1,true,"tensor([[188.8730,  58.8098, 353.0895, 426.1455]], device='cuda:0')"
b2cbbc7d-7072-6172-7fec-430095ccabe5.jpg,3,true,"tensor([[479.4293, 244.8716, 565.4568, 298.4984],
        [191.0164, 255.6980, 265.9623, 301.2298],
        [190.4490, 273.0265, 237.4582, 304.7763]], device='cuda:0')"
15dedddd-4428-ced7-1770-bc85b5539ff9.jpg,1,true,"tensor([[225.7388, 162.0448, 420.0602, 418.7215]], device='cuda:0')"
d553f170-8375-d24e-81fe-62d1337ff71c.jpg,1,true,"tensor([[170.3513, 102.5834, 574.7299, 424.2303]], device='cuda:0')"
0e6df104-b78c-0017-15e6-490afa98df33.jpg,1,true,"tensor([[200.7478, 152.1310, 473.2735, 386.3559]], device='cuda:0')"
3515f822-ab23-96d2-82e8-941e0cfc9d26.jpg,1,true,"tensor([[226.3981,  69.8231, 384.2102, 369.9374]], device='cuda:0')"
8d942397-524e-c5ef-8c83-9b4848ae9cb6.jpg,1,true,"tensor([[213.7511, 117.4312, 530.7179, 301.2455]], device='cuda:0')"
9a9c7194-3e07-d6d8-a29d-7a866e0d822a.jpg,1,true,"tensor([[225.5510, 197.2768, 450.9639, 319.5945]], device='cuda:0')"
b0116f35-3b9c-38cb-5f5a-a21d191888e7.jpg,1,true,"tensor([[204.8125, 103.5550, 574.9185, 425.8660]], device='cuda:0')"
4a7337f5-ffc4-0fb3-0f8f-306f25c4c59b.jpg,8,true,"tensor([[480.5770, 239.5670, 564.3608, 293.0038],
        [263.3674, 238.5619, 310.3482, 272.0851],
        [182.2028, 228.6530, 259.4078, 275.7935],
        [344.3730, 231.3998, 406.3353, 280.6810],
        [351.8784, 237.0162, 420.4698, 281.6490],
        [278.4349, 234.9059, 354.8074, 283.2555],
        [309.9967, 223.8499, 337.4894, 237.6676],
        [437.0309, 241.0950, 498.9996, 284.7231]], device='cuda:0')"
f201456d-3d7b-efb9-a43c-3384e862e660.jpg,1,true,"tensor([[129.1261,  58.2188, 574.5956, 394.7636]], device='cuda:0')"
e1db42cf-9f1f-6b18-45e2-0935b993004b.jpg,3,true,"tensor([[426.5586, 203.6170, 486.8157, 325.7296],
        [ 91.9809, 148.0274, 207.5699, 335.3760],
        [310.1582, 200.6944, 415.1128, 305.0381]], device='cuda:0')"
0f8fca55-eff5-3169-11f1-8c8d9e473eda.jpg,12,true,"tensor([[439.7504, 251.6552, 457.3462, 268.8445],
        [387.2451, 258.1030, 393.2174, 268.3820],
        [156.2920, 261.4324, 173.8075, 284.2528],
        [118.2375, 268.7224, 138.0840, 288.0274],
        [365.7049, 253.7410, 375.9749, 268.5034],
        [ 82.5860, 270.0246,  94.7904, 288.8386],
        [485.0109, 251.4465, 505.5993, 269.4991],
        [196.0783, 265.6861, 214.2698, 286.5323],
        [135.0225, 261.4845, 157.8525, 287.3971],
        [355.6041, 258.6675, 364.6602, 268.6949],
        [214.1359, 264.1706, 230.9214, 285.1306],
        [391.0659, 253.1849, 401.1111, 268.2638]], device='cuda:0')"
4872e775-6b65-a8a9-6d50-afe9435b06f9.jpg,1,true,"tensor([[121.0061, 110.7608, 493.1512, 366.4942]], device='cuda:0')"
bd522de2-1d7d-5dd8-ada1-99f55305b0e0.jpg,1,true,"tensor([[189.2852, 134.5585, 538.1609, 328.5596]], device='cuda:0')"
ce7ff37f-605a-eb26-880a-b9347a0d956a.jpg,1,true,"tensor([[197.6007,  99.7983, 475.6291, 340.1209]], device='cuda:0')"
8c5fceed-7a2d-6e92-b1c2-3718ec130f89.jpg,3,true,"tensor([[448.3113, 200.4434, 544.1428, 325.3672],
        [512.8433, 216.6532, 574.9181, 314.9558],
        [254.5211, 220.2345, 461.5144, 321.5404]], device='cuda:0')"
4f01bf2f-6986-bb30-7b40-d2599fbbefe3.jpg,3,true,"tensor([[372.1599, 182.8286, 383.8028, 193.4473],
        [184.2990, 102.9267, 536.0703, 384.6187],
        [278.2466, 153.7195, 290.1705, 170.9299]], device='cuda:0')"
da277661-a128-958d-044f-5c9559f0b74a.jpg,4,true,"tensor([[329.3594, 202.2603, 347.3001, 217.7031],
        [264.2123, 186.1307, 314.8934, 241.1149],
        [429.8362, 201.0762, 451.4554, 216.6022],
        [381.0436, 195.4577, 432.3393, 226.1454]], device='cuda:0')"
6b6616c3-a5c9-9a20-cf2f-8aa3d63fd9cf.jpg,2,true,"tensor([[ 81.4968,  59.8502, 217.1335, 425.3202],
        [153.8162,  70.6153, 474.8975, 424.5292]], device='cuda:0')"
d87b3d2a-293a-96f9-a3ac-b7cb5e1b1b93.jpg,1,true,"tensor([[ 81.9297, 177.6907, 348.7900, 342.3747]], device='cuda:0')"
e41426f4-f212-583b-3fdb-52a3963f9070.jpg,1,true,"tensor([[204.6495,  79.1270, 436.7493, 413.6350]], device='cuda:0')"
47aa38f8-3105-dcc8-1d4e-acdf68065c29.jpg,4,true,"tensor([[192.4478, 144.3475, 295.8150, 271.9339],
        [320.5211, 118.3419, 575.0547, 279.8621],
        [221.9086, 119.3701, 412.8636, 264.0877],
        [148.4371, 133.6498, 224.8830, 265.5152]], device='cuda:0')"
bdc8cb0a-ee5c-aa6d-ed99-07d6c07a3b29.jpg,2,true,"tensor([[ 81.8518,  70.5172, 565.4637, 362.7540],
        [293.0873,  77.7793, 311.3706,  93.5702]], device='cuda:0')"
3886e7aa-39dd-ab67-ad4b-3a6fa20e9487.jpg,2,true,"tensor([[290.1311, 178.8574, 521.8582, 308.0696],
        [173.1301, 182.4032, 429.5168, 320.2311]], device='cuda:0')"
08fa05b7-feb1-435f-4d53-6551554faf43.jpg,1,true,"tensor([[290.2839,  69.1776, 477.1731, 378.2769]], device='cuda:0')"
75d1bd56-905a-02a5-a1c8-2b4d87f3061b.jpg,2,true,"tensor([[ 82.0034,  58.1810, 107.8986, 222.9672],
        [120.0247, 114.3012, 470.6027, 277.9639]], device='cuda:0')"
b87497f6-c3b9-0f38-9fa6-d5f26f774522.jpg,2,true,"tensor([[553.8315, 167.0488, 575.1336, 326.1915],
        [124.1702, 134.8882, 428.7009, 343.4301]], device='cuda:0')"
5601fab9-ddc3-f640-7800-891a8969f97f.jpg,3,true,"tensor([[ 95.0631,  58.6394, 120.8900, 114.7743],
        [148.4952, 147.4306, 451.5465, 326.8215],
        [113.5689,  58.0964, 247.6263, 118.1677]], device='cuda:0')"
3d1f1ac7-aaaf-aa1c-de64-7f309fb1323a.jpg,2,true,"tensor([[494.4083, 156.2519, 574.7952, 284.7867],
        [215.1635, 145.4183, 504.4574, 320.7575]], device='cuda:0')"
c21bc1bb-4da1-236a-b86c-b5567cdffbff.jpg,1,true,"tensor([[290.4659, 146.4091, 380.3122, 290.6229]], device='cuda:0')"
211edfd5-d5c5-c644-6ca4-b16e46bf0d90.jpg,2,true,"tensor([[445.7691, 137.3222, 574.9421, 395.2288],
        [137.8298, 149.8501, 492.7109, 387.8513]], device='cuda:0')"
acfb6bdc-1c4b-80d1-1afe-398aaa650310.jpg,4,true,"tensor([[434.1609,  97.5857, 574.5817, 392.5273],
        [ 82.9881, 120.4254, 466.5569, 398.2465],
        [354.7328,  57.7856, 573.4126, 131.8997],
        [437.4600,  62.3365, 574.6483, 149.5392]], device='cuda:0')"
ffbb3f6d-7c55-c36a-3a54-3e8df8d74ba3.jpg,1,true,"tensor([[278.3714, 120.4266, 446.4833, 413.5828]], device='cuda:0')"
adfcf880-4339-1ea1-d54e-eb45d83f32d6.jpg,1,true,"tensor([[171.0588, 159.8596, 459.5251, 338.2847]], device='cuda:0')"
1eb1f7aa-1ba3-b31c-5c91-6acd8415fffb.jpg,2,true,"tensor([[267.9138, 224.1978, 442.3210, 390.8698],
        [189.4684, 137.3648, 317.2836, 425.9688]], device='cuda:0')"
7d2941b1-f617-9c59-5c2d-84421e8d8bf8.jpg,1,true,"tensor([[135.2655, 133.4800, 490.8359, 305.3878]], device='cuda:0')"
5071a41a-05fd-7816-531d-7ce2e04fd46e.jpg,1,true,"tensor([[234.6874,  58.7375, 461.2204, 308.1633]], device='cuda:0')"
532c1f88-f377-672a-0528-6012974e5685.jpg,1,true,"tensor([[224.5304, 168.2829, 515.9626, 342.0887]], device='cuda:0')"
4e9fd78b-a52c-c728-80b7-4e86c8c2b425.jpg,1,true,"tensor([[419.7030, 145.7352, 514.8223, 321.3225]], device='cuda:0')"
692e8854-515b-6d51-1db6-2255141c2fb8.jpg,3,true,"tensor([[ 81.6795,  58.2606, 266.6104, 245.3262],
        [465.0779,  72.1709, 482.8809,  86.0512],
        [127.3246,  82.2022, 573.5714, 345.2460]], device='cuda:0')"
3a9977cc-c4f2-cab7-8279-e533ff605a75.jpg,3,true,"tensor([[ 81.7197, 231.5071, 247.6186, 403.3311],
        [171.3875, 127.9861, 455.9974, 328.5388],
        [214.9442,  58.2844, 349.4054, 150.4611]], device='cuda:0')"
c19b8ac2-22dd-16c6-5100-0211b3805aab.jpg,1,true,"tensor([[143.5138, 160.2319, 421.9829, 327.4239]], device='cuda:0')"
6103b4b0-b9c1-bfcf-f8f2-834614b4d4c0.jpg,2,true,"tensor([[214.4344, 143.7706, 573.8899, 343.4120],
        [ 82.4033,  94.2735, 237.8646, 359.5756]], device='cuda:0')"
758ba66d-ccc8-f7e1-39c6-8d8a13357e93.jpg,2,true,"tensor([[295.8004, 147.7467, 445.4433, 409.4986],
        [272.4100, 142.5628, 364.8671, 398.8685]], device='cuda:0')"
3681225f-d52d-75ad-f055-5fea01298065.jpg,6,true,"tensor([[425.7319, 207.5026, 556.3908, 292.5713],
        [525.6368, 204.7635, 574.9565, 264.5852],
        [174.7218, 232.3150, 208.5006, 252.0538],
        [ 82.1532, 223.8653, 193.7372, 291.8521],
        [310.3492, 199.8131, 445.7396, 314.8252],
        [220.0037, 202.1581, 422.8812, 336.0949]], device='cuda:0')"
e7c2ddcd-3d75-9fd4-2eea-83576a5b0232.jpg,5,true,"tensor([[102.4262, 197.5367, 112.8293, 207.7778],
        [291.6730, 214.5150, 312.0231, 224.4903],
        [443.5956, 223.1063, 542.3817, 288.7183],
        [114.6107, 214.0898, 201.3495, 301.9819],
        [313.3842, 222.1902, 390.0388, 285.1998]], device='cuda:0')"
a09eef6a-447e-e73b-c007-67a75fb3c9bd.jpg,1,true,"tensor([[274.5970, 125.6045, 466.2093, 368.9518]], device='cuda:0')"
a744fede-a645-234c-7fd1-62d1c902a4cd.jpg,2,true,"tensor([[287.7314, 205.0828, 491.9959, 334.0816],
        [272.9750, 195.7050, 411.0767, 323.5430]], device='cuda:0')"
f8be8ee2-6873-bf59-f259-301801769baf.jpg,3,true,"tensor([[376.8241, 143.5081, 392.0908, 167.7720],
        [337.0234, 153.7682, 351.1764, 181.9663],
        [185.2778,  84.4365, 529.0955, 330.1408]], device='cuda:0')"
fe7913ea-f871-fad3-47e1-fa995a6ff14b.jpg,3,true,"tensor([[321.3687, 245.0780, 367.5173, 305.5947],
        [345.1472, 231.9726, 448.3290, 297.6373],
        [304.9425, 245.1985, 367.7429, 305.2733]], device='cuda:0')"
a526c985-85e8-5e3f-7989-c8ee3cd47bbf.jpg,1,true,"tensor([[ 84.0753, 168.0773, 550.2959, 402.0223]], device='cuda:0')"
6c36ce67-5e8b-e340-ae7c-38809450d42f.jpg,1,true,"tensor([[177.9138, 159.9121, 481.2892, 337.3643]], device='cuda:0')"
277c34ac-9010-771f-9374-4b48fa0cfb6c.jpg,4,true,"tensor([[534.7413,  87.1445, 552.8651, 100.8585],
        [560.0509,  78.3949, 567.5101,  87.8442],
        [333.4480,  76.8365, 348.3570,  83.6321],
        [257.2451, 242.8002, 374.4208, 308.8761]], device='cuda:0')"
c292b324-cee0-6e1d-67e3-df21bc0a3a37.jpg,4,true,"tensor([[473.1517, 116.5167, 570.6900, 327.1612],
        [196.1516,  97.5091, 436.4395, 282.5347],
        [ 82.2077,  99.4484, 332.2402, 301.2371],
        [275.1212, 144.6970, 453.7732, 338.5836]], device='cuda:0')"
fc6de59d-38b7-fc46-70c7-401325471beb.jpg,1,true,"tensor([[174.6537, 154.0426, 466.7090, 340.7939]], device='cuda:0')"
9bf2c325-09ba-627e-305f-327bd00cb24d.jpg,1,true,"tensor([[184.9548,  74.7717, 372.6569, 322.2327]], device='cuda:0')"
303cf23f-436b-b01e-cd31-959dd1f14a54.jpg,5,true,"tensor([[550.9728, 131.6034, 575.1394, 367.2635],
        [ 82.5282, 213.5960, 139.3837, 241.9749],
        [ 82.2107,  59.2548, 118.2666, 220.0367],
        [115.4749,  81.5321, 574.8520, 365.1501],
        [ 82.4467,  59.4603, 133.4653, 242.1073]], device='cuda:0')"
0f94b76d-1e38-313a-ce25-069f250d8202.jpg,1,true,"tensor([[251.1652,  66.1711, 534.2159, 379.6808]], device='cuda:0')"
97d7799e-eb58-2db4-7af9-6b8e8b2ad5e3.jpg,1,true,"tensor([[390.5869, 242.1127, 463.5492, 266.6553]], device='cuda:0')"
3bf83f02-3552-51c1-cec2-043b6d5f56c1.jpg,2,true,"tensor([[ 82.3874, 187.0383, 122.1709, 365.4227],
        [140.2843,  58.4770, 511.5903, 422.4088]], device='cuda:0')"
eb9d3a94-a70f-a48c-b25a-97bed68944b3.jpg,1,true,"tensor([[ 82.0863,  58.5213, 349.4663, 379.8196]], device='cuda:0')"
14421bad-10a5-9b48-0625-4ddf0f9937d4.jpg,1,true,"tensor([[ 97.9845,  61.8017, 574.0634, 357.8371]], device='cuda:0')"
29b35121-ab62-14e6-732e-545f0fd64bb8.jpg,1,true,"tensor([[145.2381,  58.1059, 542.7469, 425.9921]], device='cuda:0')"
f977ecb3-add3-67df-b843-a8c3b19ed27e.jpg,2,true,"tensor([[ 99.3784,  86.1493, 513.9172, 426.3237],
        [333.8516, 251.5980, 415.4709, 426.6092]], device='cuda:0')"
5b90853a-7ab5-70ba-2967-0672293a3438.jpg,1,true,"tensor([[178.1248,  58.2428, 574.1251, 380.6985]], device='cuda:0')"
b4251c9d-174a-c360-cd76-ee58c438b9d9.jpg,1,true,"tensor([[ 82.1240, 123.4401, 543.6094, 321.8850]], device='cuda:0')"
f0af1370-5af4-b1ac-0181-88858e35f809.jpg,1,true,"tensor([[293.4905, 177.7300, 347.4661, 208.6376]], device='cuda:0')"
13a89c0a-d105-8804-0f1a-177d0835c04b.jpg,1,true,"tensor([[205.3270, 139.3026, 430.4603, 349.8650]], device='cuda:0')"
327b24b7-690f-fc2b-e393-c8479a49bff1.jpg,3,true,"tensor([[199.7525, 264.6346, 213.4724, 279.1909],
        [225.2361, 262.6407, 259.2875, 277.3385],
        [256.8238, 196.5634, 339.5234, 340.4144]], device='cuda:0')"
6bcd69aa-a2b3-abe4-3a7c-abc3dd187959.jpg,2,true,"tensor([[269.8079, 263.8627, 374.1745, 331.9924],
        [232.0763, 224.1677, 369.5323, 341.5261]], device='cuda:0')"
91fe06bf-b8d7-f29b-e2e3-32bed37804b5.jpg,1,true,"tensor([[255.8472, 169.6328, 464.3621, 368.2930]], device='cuda:0')"
b184bbe7-0cf2-f315-6531-86a0393558a7.jpg,4,true,"tensor([[507.8654, 166.4717, 575.1029, 359.2632],
        [481.3422, 224.3285, 574.8321, 406.2821],
        [396.6937, 166.4331, 575.4160, 355.5174],
        [264.3778, 166.1177, 540.7584, 381.9948]], device='cuda:0')"
ccec60e4-8f0b-dde6-bb80-9b234d29b233.jpg,1,true,"tensor([[ 91.2234,  92.4947, 264.9888, 271.0249]], device='cuda:0')"
a83563d3-f9d0-ccb9-cde1-f1bc5dbce2d7.jpg,1,true,"tensor([[ 82.5560, 117.5874, 519.3023, 294.2498]], device='cuda:0')"
8e79e5ef-6c7d-2cf8-1561-354f3de8a65e.jpg,1,true,"tensor([[538.4475, 183.3622, 573.8473, 227.3736]], device='cuda:0')"
7436fa10-b350-a1be-40bc-9ccaa9ab9e9d.jpg,1,true,"tensor([[170.9090, 128.1884, 434.0552, 309.3760]], device='cuda:0')"
aea0b66a-0f6c-40c7-b7a7-adaf247ec61d.jpg,9,true,"tensor([[424.2512, 101.3097, 429.7136, 106.7554],
        [350.6248, 280.5455, 375.6769, 304.6169],
        [152.9903,  93.3803, 163.9174, 100.3044],
        [268.2858, 271.9580, 285.1367, 297.5602],
        [329.3654, 275.8129, 351.0760, 303.3706],
        [243.6524, 289.0733, 260.4265, 302.5831],
        [291.4251, 277.3006, 311.9149, 299.2087],
        [319.1103,  95.0862, 325.5988, 101.2119],
        [308.7445, 279.9464, 338.4257, 300.5223]], device='cuda:0')"
91ba7acd-f1b4-aaff-d224-362b42e4788c.jpg,1,true,"tensor([[177.0633, 150.3998, 451.3795, 347.4303]], device='cuda:0')"
0950277b-1137-e80c-01c0-388ef65f68f1.jpg,2,true,"tensor([[ 98.4325, 165.0518, 276.8465, 237.8132],
        [104.8183, 132.6218, 574.1297, 426.2300]], device='cuda:0')"
56602a43-5e1b-c4e6-486e-384b865f97c4.jpg,1,true,"tensor([[144.8639, 137.3316, 493.6115, 354.6352]], device='cuda:0')"
a3be5732-5257-aec4-33cd-534b09dd9567.jpg,1,true,"tensor([[158.5606, 129.1293, 393.3816, 260.0357]], device='cuda:0')"
dbfc5e7a-e991-0cb0-d428-187ce629b140.jpg,1,true,"tensor([[ 82.8841,  58.6703, 574.5782, 426.2834]], device='cuda:0')"
c566e240-aa85-a0ec-ee84-d1cd4060cf67.jpg,1,true,"tensor([[271.5676, 131.2216, 448.3566, 337.9464]], device='cuda:0')"
013b7756-068d-1e53-7a39-6af04bb50ede.jpg,2,true,"tensor([[143.8493, 130.6414, 352.6904, 426.3893],
        [241.6378, 228.2849, 407.3835, 426.6541]], device='cuda:0')"
b2d69477-1752-c1fd-94e5-1c57d581a7b6.jpg,1,true,"tensor([[199.2302,  91.3653, 389.2894, 341.6640]], device='cuda:0')"
698edb88-73a2-0707-f64c-2615191718c1.jpg,1,true,"tensor([[181.5297, 107.5934, 404.4922, 383.4791]], device='cuda:0')"
545a20bd-be28-0fe7-3dc7-78ae7a598095.jpg,2,true,"tensor([[ 87.9908,  77.8245, 572.5396, 328.3879],
        [314.6509,  94.8664, 339.7177, 121.7195]], device='cuda:0')"
f66b4337-87c4-cf78-fb73-97b716415707.jpg,1,true,"tensor([[189.0375, 152.3330, 507.7867, 332.3920]], device='cuda:0')"
42041fd4-2837-8832-2045-3c12749d5aa5.jpg,2,true,"tensor([[ 82.3993, 114.1838, 294.3982, 312.7507],
        [144.7640, 126.3482, 552.3092, 334.9545]], device='cuda:0')"
5e639fce-d880-50b9-604b-ff4045a55902.jpg,1,true,"tensor([[ 82.4696,  86.8031, 533.0764, 426.1593]], device='cuda:0')"
d1b6a5a4-deb3-0fc7-1098-d0295aaee90d.jpg,2,true,"tensor([[539.3578, 195.5596, 574.9825, 314.7191],
        [210.1738, 166.1272, 505.0371, 312.8894]], device='cuda:0')"
252d6f05-485a-7684-3719-4ce59076e616.jpg,2,true,"tensor([[300.0308, 249.2640, 360.4140, 305.2147],
        [329.2570, 270.5151, 368.2253, 311.0469]], device='cuda:0')"
b598f6dd-564e-e623-d5f0-9d0722af5357.jpg,1,true,"tensor([[267.6501, 170.0554, 518.6685, 338.9050]], device='cuda:0')"
1dd3dfdd-dd87-94c0-a740-0f1089ccda91.jpg,1,true,"tensor([[139.5861, 299.0597, 363.5457, 420.4651]], device='cuda:0')"
24699f9e-ab31-cdb8-fe2c-d40c8df8a305.jpg,3,true,"tensor([[178.7850, 117.3775, 532.2103, 373.0404],
        [534.8279, 221.6159, 575.0162, 272.0461],
        [140.5911, 117.9629, 567.7184, 390.0956]], device='cuda:0')"
6a2c25fd-c164-9f9b-79c9-09800e509729.jpg,1,true,"tensor([[191.8181, 153.0881, 510.6642, 387.6390]], device='cuda:0')"
56088eb6-fc1b-2193-a45f-61c6448d6c40.jpg,1,true,"tensor([[ 81.7622,  74.8626, 575.0494, 388.3418]], device='cuda:0')"
62e907b5-2bff-3e95-aabc-555b5f99f24b.jpg,2,true,"tensor([[189.1436, 184.3009, 381.9281, 319.8791],
        [543.3347, 178.0802, 575.0724, 291.4729]], device='cuda:0')"
57b0466e-8c86-2bed-186f-bd4db38d9655.jpg,1,true,"tensor([[182.9937, 156.3285, 462.6068, 384.2477]], device='cuda:0')"
24a55aa2-c9c0-6bdb-8ea7-817d61ce64be.jpg,1,true,"tensor([[218.1413, 186.0302, 407.0443, 275.4257]], device='cuda:0')"
2afcabfd-4826-b744-fe41-df7e600f773f.jpg,1,true,"tensor([[242.7151, 109.9563, 398.3941, 314.4608]], device='cuda:0')"
6e2f13b3-8202-c1b1-54a5-23be48802a3d.jpg,3,true,"tensor([[285.1205, 129.4011, 557.8036, 322.0356],
        [528.8740, 186.6696, 575.0602, 315.5961],
        [ 82.1357, 164.7449, 304.6017, 323.0963]], device='cuda:0')"
1e45d089-26ab-f93e-17d0-99559d17711d.jpg,3,true,"tensor([[237.0343, 146.7738, 539.3711, 373.1702],
        [141.2041, 153.6163, 339.4234, 344.1248],
        [ 82.1840, 161.1354, 134.0898, 273.7134]], device='cuda:0')"
a931d623-6b47-0c89-e0b5-2f9cf363fbde.jpg,3,true,"tensor([[326.0790, 130.0210, 543.3519, 325.0327],
        [550.6226, 290.4456, 574.8303, 358.5965],
        [272.2774, 137.3860, 546.3032, 324.7809]], device='cuda:0')"
a7cd02d8-6977-7aaa-5145-0c0b669670d8.jpg,4,true,"tensor([[447.8712, 110.2176, 574.2856, 277.9273],
        [ 82.1609, 174.4337, 157.0352, 325.1993],
        [ 82.3038,  91.0620, 163.7903, 179.6636],
        [ 86.6757, 108.3874, 564.2130, 320.1201]], device='cuda:0')"
30977df3-8729-fe74-a8a5-ce0be38180bc.jpg,2,true,"tensor([[120.1063, 259.8318, 144.5226, 277.8942],
        [144.0193, 184.8786, 408.1779, 351.8544]], device='cuda:0')"
3a785206-1515-3721-81bf-6f4a7b720b1c.jpg,2,true,"tensor([[454.3187, 198.7556, 574.9688, 331.6703],
        [200.5830, 181.4108, 477.7771, 377.1407]], device='cuda:0')"
0ddd31dd-bee3-1e5d-16a8-1f544516e92c.jpg,1,true,"tensor([[183.7465, 189.1421, 412.4926, 310.0410]], device='cuda:0')"
768dd9a1-c307-5683-6d12-4ae7a22f00ca.jpg,4,true,"tensor([[391.7218, 101.3430, 424.9645, 116.6743],
        [188.2083, 100.0917, 219.1090, 120.9866],
        [162.0931, 101.3558, 189.7384, 114.6575],
        [180.2769, 105.5465, 574.5021, 349.5885]], device='cuda:0')"
86c5d15f-eef5-3575-34d2-b059e2a5c79d.jpg,1,true,"tensor([[274.1936, 194.5847, 423.9848, 334.6248]], device='cuda:0')"
2f577c83-af3e-0a14-fc82-9894a0166625.jpg,1,true,"tensor([[199.7020,  72.7349, 473.9291, 385.2002]], device='cuda:0')"
9c7f3ef3-f754-c20e-f709-6a905dec9514.jpg,3,true,"tensor([[ 81.7394, 191.8532, 133.3678, 318.4001],
        [ 83.2653, 166.3712, 281.5565, 306.3564],
        [104.1519, 168.1366, 347.2302, 317.1955]], device='cuda:0')"
ce48737f-43d9-290d-ae3a-d016a127960d.jpg,4,true,"tensor([[404.4025, 162.2320, 554.1945, 318.9431],
        [512.1010, 157.1569, 574.6028, 309.2891],
        [ 82.0801, 172.5441, 190.1633, 388.6759],
        [132.2563, 128.0708, 482.1213, 385.2145]], device='cuda:0')"
90fd7db1-6b48-60dc-0314-33289cfb3f36.jpg,2,true,"tensor([[ 82.2846, 114.5634, 149.6429, 235.8701],
        [141.2935,  90.9759, 559.4111, 340.1694]], device='cuda:0')"
3f4db0b9-9341-ad2b-e5b7-fc6a55772ebd.jpg,1,true,"tensor([[143.9453, 125.2177, 462.4066, 341.6068]], device='cuda:0')"
c0e12e58-490d-3bc6-753f-f59b3e2b4d7d.jpg,1,true,"tensor([[183.4436, 151.4419, 514.2809, 365.1540]], device='cuda:0')"
a37cb76e-3d5d-75f7-6e3a-e2718a9eefa4.jpg,0,false,"tensor([], device='cuda:0', size=(0, 4))"
10d9b898-63c6-0a20-21a0-ffcbcfca5d65.jpg,1,true,"tensor([[177.7577, 121.2193, 392.4039, 247.1694]], device='cuda:0')"
926bd51c-3504-e98d-3825-1525b3b77fc1.jpg,3,true,"tensor([[347.9881, 128.2883, 456.8606, 344.2923],
        [117.6050, 251.9536, 190.6289, 350.1475],
        [273.0916, 142.1843, 370.1007, 343.7194]], device='cuda:0')"
87a8a6c3-f2ba-522b-33bb-bf141ba20834.jpg,3,true,"tensor([[385.5980, 209.6159, 458.4232, 249.9805],
        [124.6999, 197.3490, 289.7645, 282.3824],
        [252.7441, 196.3667, 358.9053, 276.1707]], device='cuda:0')"
6497331a-cc62-adf5-8e2a-75d8ab3d504d.jpg,1,true,"tensor([[203.8632, 138.8740, 481.7160, 286.5735]], device='cuda:0')"
0c5a3113-c551-fbc7-ec88-fc9680b17335.jpg,1,true,"tensor([[242.8515,  61.4949, 395.8181, 322.5098]], device='cuda:0')"
48bfec5c-bc7a-7b5f-0282-4cd7de03b4ab.jpg,1,true,"tensor([[ 81.8387,  79.5702, 530.3283, 363.6527]], device='cuda:0')"
c042b1cc-2cb5-619a-3305-0e66f74942ce.jpg,2,true,"tensor([[ 82.2695, 139.6750,  95.2844, 161.9590],
        [ 99.1951, 141.8791, 414.7234, 301.0145]], device='cuda:0')"
c76a03ae-9528-d86f-909e-8e06076f9488.jpg,1,true,"tensor([[197.6002, 151.7014, 481.3334, 314.1850]], device='cuda:0')"
1aef3be6-2cb8-90d4-a299-20d81194d9e3.jpg,1,true,"tensor([[105.7083, 128.8125, 418.7198, 336.3932]], device='cuda:0')"
496029ac-6fba-37aa-ac49-0dac0b2b2f66.jpg,0,false,"tensor([], device='cuda:0', size=(0, 4))"
7ae0c9da-3a3b-bfab-895c-b388543dee0f.jpg,2,true,"tensor([[196.8636, 167.0243, 550.7281, 360.8697],
        [ 81.8035, 176.3051, 369.7903, 345.9850]], device='cuda:0')"
7a2116c6-0b7a-c8ab-2e64-100113320e38.jpg,2,true,"tensor([[ 81.9242, 161.5694, 209.2479, 339.3194],
        [174.9229, 140.3614, 522.2889, 363.2314]], device='cuda:0')"
fffeea45-9870-6d3b-d868-a17d15fb6579.jpg,2,true,"tensor([[179.4497,  77.3091, 188.1569,  86.9888],
        [156.3170, 133.1959, 500.4205, 371.3956]], device='cuda:0')"
04493c61-f0aa-2fc3-a20f-0668c9a6c6f6.jpg,2,true,"tensor([[327.8378, 127.4289, 474.5433, 425.4444],
        [247.6846, 127.2952, 375.7389, 424.4992]], device='cuda:0')"
0b4eb90c-2cd7-0bd2-a87b-a600103ff0d8.jpg,5,true,"tensor([[273.6970,  71.9109, 290.0608,  84.4246],
        [255.4908,  71.0733, 270.0599,  82.0220],
        [238.6621,  68.7250, 258.2425,  79.1412],
        [131.7058,  58.9203, 149.3829,  68.8480],
        [ 91.1156,  97.4833, 468.8614, 367.7088]], device='cuda:0')"
5d119981-b1ed-1dca-8c89-3b5ffdac36ac.jpg,1,true,"tensor([[335.9238, 254.6861, 355.4832, 265.6960]], device='cuda:0')"
73fe053b-6244-6cf6-eb2f-76a4ff85e432.jpg,1,true,"tensor([[280.6845, 148.3192, 432.5497, 426.1708]], device='cuda:0')"
366c6cca-2093-fea5-fe64-14715eb148b0.jpg,1,true,"tensor([[167.7368, 142.5216, 491.7915, 367.0658]], device='cuda:0')"
8c094076-4f57-7f37-4816-969987e99a38.jpg,3,true,"tensor([[ 81.8992,  84.9647, 100.4075,  99.0173],
        [265.9115,  77.1097, 276.7199,  87.5951],
        [158.9887, 118.5047, 533.1821, 309.6035]], device='cuda:0')"
240d7530-2ffb-f664-a3e6-6fa77fc10667.jpg,1,true,"tensor([[228.7660, 107.2848, 527.2344, 332.4620]], device='cuda:0')"
6ef11439-0fbf-22aa-a093-8003ef0b2cae.jpg,1,true,"tensor([[225.3114, 173.1154, 413.0912, 330.9772]], device='cuda:0')"
d6210562-ac75-312f-3918-690caba40533.jpg,1,true,"tensor([[160.1283, 130.3822, 427.0340, 399.2766]], device='cuda:0')"
c1ea705a-a6a4-2588-0d6b-9e70fdf962ab.jpg,2,true,"tensor([[357.5618, 192.5791, 522.1360, 361.7758],
        [ 86.2917, 186.6782, 334.4665, 371.7162]], device='cuda:0')"
118b97bf-8dc9-05e1-da5a-cdb296df55f0.jpg,1,true,"tensor([[241.9447, 200.0595, 539.2583, 369.1376]], device='cuda:0')"
30479f1d-86f2-8091-11fc-2fe89618b1f6.jpg,3,true,"tensor([[379.6423, 156.2963, 574.2579, 328.6296],
        [160.7529, 119.9193, 423.5413, 361.3545],
        [ 82.0612,  75.5107,  87.0386,  96.8153]], device='cuda:0')"
bb455e84-38d3-eb5e-a227-a1f0b7a2b34f.jpg,2,true,"tensor([[501.0888, 170.8417, 574.8187, 289.0619],
        [241.4914, 161.8414, 490.8799, 320.5029]], device='cuda:0')"
d21f008c-2eaf-1862-02c4-d70f2706b3c0.jpg,2,true,"tensor([[ 82.5728,  57.7514, 300.5261, 238.0968],
        [120.1950,  58.2602, 496.1071, 345.1822]], device='cuda:0')"
02a54ca9-83d9-7542-3a44-94ee56777e3f.jpg,1,true,"tensor([[148.4623, 175.3910, 465.1537, 347.1432]], device='cuda:0')"
7870b017-bb36-4662-8abe-624a36e9b6a5.jpg,2,true,"tensor([[293.8207, 270.4962, 316.3497, 286.0494],
        [332.9462, 279.6561, 374.0620, 298.4962]], device='cuda:0')"
34adfd3c-fc62-56e4-9c62-4a49ce3efd04.jpg,7,true,"tensor([[164.3148,  81.5592, 234.9851, 236.2057],
        [503.0033, 358.7184, 575.1432, 426.7881],
        [ 82.1648,  99.8161, 124.7866, 250.8404],
        [302.9129,  63.2952, 522.6851, 224.4635],
        [213.7987,  71.3615, 306.6095, 227.5311],
        [316.5121, 309.2825, 459.1663, 426.3705],
        [331.2256,  65.1579, 491.7673, 212.6762]], device='cuda:0')"
959ef0f7-7915-25b2-21a1-9b6ca2f0876c.jpg,1,true,"tensor([[210.9380, 161.7370, 495.2502, 411.1085]], device='cuda:0')"
52763588-9549-8ef7-32b5-1df93ef2b629.jpg,5,true,"tensor([[224.4400, 192.7275, 289.2578, 215.6443],
        [263.4487, 110.6823, 278.7954, 121.3408],
        [ 96.6818, 186.8103, 224.0485, 250.0971],
        [224.7925, 108.1319, 243.8198, 121.9421],
        [165.2776, 209.3272, 377.9783, 351.2809]], device='cuda:0')"
d4aa6043-aa37-f6f8-2f48-6320014d8ca7.jpg,3,true,"tensor([[211.9458,  58.2647, 574.9319, 325.5322],
        [ 82.2683, 210.2316, 137.3863, 388.2734],
        [137.0648,  60.0859, 501.8091, 336.2314]], device='cuda:0')"
db0d57da-4e13-17ce-6348-75b09ab68324.jpg,4,true,"tensor([[466.1189, 281.2518, 536.4975, 376.6459],
        [ 82.1739, 245.5795, 121.9731, 380.2093],
        [327.9296, 179.6720, 401.0706, 378.6690],
        [242.8078, 179.5314, 395.7857, 363.7845]], device='cuda:0')"
d7ef8399-a3d4-a8e1-7362-ca1fc488447f.jpg,2,true,"tensor([[128.2953,  58.2628, 474.0500, 308.1938],
        [ 81.8446,  57.7655, 282.6825, 299.9604]], device='cuda:0')"
bfaf8690-d91b-e912-5804-03943f4ca977.jpg,3,true,"tensor([[ 81.8887,  92.4737, 286.5831, 366.3358],
        [ 82.0916,  91.0372, 286.4594, 263.7911],
        [ 82.9373, 135.0362, 559.3887, 378.7489]], device='cuda:0')"
8b5f1291-6579-794f-d4bd-d0619bcefbde.jpg,1,true,"tensor([[215.6631, 148.5708, 452.1805, 357.1968]], device='cuda:0')"
4a6821ec-1f95-2dbe-4755-3e4420d435f9.jpg,3,true,"tensor([[174.4460, 143.7733, 246.8798, 159.5258],
        [ 95.8114, 144.1626, 493.7645, 332.4965],
        [341.3999,  80.8891, 364.9445,  91.9402]], device='cuda:0')"
9d418dab-bf74-d67a-638c-8876392ef6a1.jpg,3,true,"tensor([[506.6967, 222.7939, 574.7627, 308.0529],
        [193.8575, 207.9350, 264.5946, 316.3133],
        [335.0866, 194.9821, 449.2936, 272.9927]], device='cuda:0')"
cf2bd3dd-4f2a-5772-774d-3e93684ddda8.jpg,1,true,"tensor([[214.8088, 180.7006, 446.2223, 328.9119]], device='cuda:0')"
9e8a2aa4-5f1e-416a-f2d7-33d57c6962e3.jpg,1,true,"tensor([[185.2400, 114.0400, 455.4993, 386.7296]], device='cuda:0')"
341132ac-1d71-55a3-aa83-ea98728ad72a.jpg,1,true,"tensor([[121.1897,  78.1210, 561.7421, 335.9680]], device='cuda:0')"
44c6e4af-0167-0915-18cf-0a4ad25eeb5e.jpg,3,true,"tensor([[ 82.3586, 143.5866, 113.9948, 257.0960],
        [423.1768, 115.2600, 574.6760, 426.1731],
        [136.8861,  77.5346, 524.8423, 361.8552]], device='cuda:0')"
df367d28-9795-32a5-299a-95003dc63fe2.jpg,3,true,"tensor([[421.9921, 175.1280, 574.5861, 426.0576],
        [179.6822, 177.6205, 304.4995, 319.8295],
        [303.2662, 181.4111, 474.3164, 317.6461]], device='cuda:0')"
78a1c9ec-2f4a-dd2e-6e7d-344454970de8.jpg,2,true,"tensor([[288.9523, 204.8610, 562.4982, 349.1210],
        [149.2105, 187.5479, 294.1206, 335.4526]], device='cuda:0')"
5621d6a8-5a06-b736-38cf-59dad4795e32.jpg,2,true,"tensor([[320.0347, 332.2616, 352.4744, 350.4119],
        [179.3932,  81.2310, 462.1825, 426.4312]], device='cuda:0')"
a890bd62-8c0f-18e9-edef-e61ef5361d6e.jpg,1,true,"tensor([[111.5965, 164.8130, 526.3922, 357.1210]], device='cuda:0')"
a2a861c5-ce68-a6a1-1ab2-9aebecbc5e0d.jpg,1,true,"tensor([[ 82.2292,  75.4885, 548.3501, 348.8478]], device='cuda:0')"
ab40b2d2-e53e-efd5-a2b6-224f8cb91c74.jpg,1,true,"tensor([[189.2929, 130.1075, 457.9352, 283.5688]], device='cuda:0')"
1d73a278-3960-b550-f945-5f9590475cb9.jpg,4,true,"tensor([[292.1794, 213.1745, 460.8553, 313.6142],
        [219.4123, 229.3855, 356.3661, 329.1562],
        [476.0327, 106.4400, 525.9156, 133.2943],
        [296.3498, 104.5120, 334.4949, 139.3667]], device='cuda:0')"
bb9a16dc-a1e2-9078-fecb-efc3957801e6.jpg,2,true,"tensor([[160.7283, 121.4515, 521.6985, 381.6931],
        [349.9935, 288.3227, 430.1065, 331.5644]], device='cuda:0')"
3f75d2ce-d3e2-ef99-d9b0-34ea451cbac1.jpg,1,true,"tensor([[205.9462, 198.6902, 493.9298, 323.3964]], device='cuda:0')"
f870485a-4367-91e0-0944-383cd4248760.jpg,1,true,"tensor([[123.5790,  96.2509, 477.6068, 367.7658]], device='cuda:0')"
a0af869a-0c8d-b510-011e-54df55aea1b3.jpg,1,true,"tensor([[264.3075, 233.0491, 334.3401, 338.5362]], device='cuda:0')"
fb15965c-cc35-7670-193d-4239bbab6053.jpg,1,true,"tensor([[267.2079, 127.7290, 455.4047, 426.3887]], device='cuda:0')"
5c366bb0-ae9e-38e9-45de-4fa7aaee84d1.jpg,1,true,"tensor([[244.3812, 112.4259, 407.9113, 378.1100]], device='cuda:0')"
9bb58ba7-aa0a-d830-c029-a7bbee1db4e4.jpg,1,true,"tensor([[199.2491, 163.6247, 399.3357, 343.0934]], device='cuda:0')"
4f01c584-1655-7d70-0b7b-d5a43d628a43.jpg,3,true,"tensor([[316.9104, 151.6306, 556.5777, 299.7327],
        [378.9906, 152.4650, 574.9556, 283.1069],
        [112.2841, 174.3176, 350.7666, 306.1796]], device='cuda:0')"
10abec0f-1f97-6c7b-f14b-788b99dd0c19.jpg,5,true,"tensor([[487.5794, 248.1155, 564.4684, 359.9497],
        [ 84.1493, 225.0074, 149.5959, 348.6598],
        [380.6636, 279.9681, 494.6762, 346.3451],
        [194.4298, 202.8274, 441.1939, 316.0420],
        [384.4620, 303.8660, 512.9684, 387.6956]], device='cuda:0')"
395da938-87ee-7f7e-b810-3dc67ec8aeba.jpg,4,true,"tensor([[404.8522, 164.3674, 574.3855, 306.0557],
        [ 81.8883, 111.3153, 264.1952, 279.8653],
        [286.5836, 111.4380, 559.0079, 308.8824],
        [174.5477, 142.8438, 434.7977, 318.6101]], device='cuda:0')"
1fcc0b32-330b-8281-2ab2-7b70d9970a74.jpg,2,true,"tensor([[370.5398, 138.2100, 564.9801, 293.9336],
        [169.0585, 139.8936, 415.9775, 296.9726]], device='cuda:0')"
9da10911-5f93-dd1e-97dd-15900e62aa14.jpg,3,true,"tensor([[495.5629, 106.8581, 553.7025, 149.7880],
        [ 82.0730, 113.9125, 126.6053, 179.8266],
        [164.9858,  97.6514, 521.2207, 342.9181]], device='cuda:0')"
8dfb0694-cc46-84f1-d9c6-5b9ffa085135.jpg,1,true,"tensor([[319.2516, 252.6211, 361.8622, 300.1339]], device='cuda:0')"
0ac9501c-02aa-f0bd-f9f3-1d51a278a87d.jpg,1,true,"tensor([[252.4762, 132.2086, 402.9312, 350.9095]], device='cuda:0')"
f8002f0f-1331-2205-19e4-ce9beb433ab9.jpg,7,true,"tensor([[537.7180, 138.9315, 574.6538, 181.7413],
        [406.8776, 157.5212, 506.9716, 248.4916],
        [159.0501, 130.9018, 407.7639, 273.7934],
        [247.4272, 216.7685, 337.2335, 245.5022],
        [239.4193, 135.2393, 388.3101, 246.0340],
        [400.9404, 182.6984, 438.9478, 247.1693],
        [562.2070, 139.7411, 574.8114, 181.4924]], device='cuda:0')"
178d7083-3265-a12e-4fd7-50e016b8be6f.jpg,2,true,"tensor([[ 81.7403, 244.6751, 283.4260, 376.7081],
        [239.6865, 189.7313, 437.8902, 353.3857]], device='cuda:0')"
f274ae47-ccb5-c528-318e-008b686d76a4.jpg,1,true,"tensor([[200.2548, 109.3833, 493.5731, 367.7477]], device='cuda:0')"
ac40f4e9-9572-051c-e988-386fc6038568.jpg,3,true,"tensor([[369.7063, 239.7245, 574.8284, 426.3735],
        [477.4935, 167.8202, 574.4521, 265.8819],
        [275.9459, 174.7649, 489.3608, 385.3694]], device='cuda:0')"
e09bb6c1-76f2-0db2-23d1-7f50374f53a8.jpg,9,true,"tensor([[510.8578, 188.7084, 544.7143, 215.2714],
        [311.4966, 196.1145, 362.4092, 217.9375],
        [ 82.4352, 196.2233, 106.6364, 213.2554],
        [229.7911, 197.9917, 276.6967, 216.9214],
        [173.5922, 192.8213, 225.7832, 215.0950],
        [228.8535, 177.2380, 266.3438, 209.9112],
        [543.2164, 190.1683, 565.7911, 207.4272],
        [298.1249, 212.8086, 358.8622, 240.0675],
        [256.6459, 202.1257, 271.3954, 232.2707]], device='cuda:0')"
c85a3f3b-b4a2-4792-1463-61437ea8f80b.jpg,1,true,"tensor([[ 82.5214,  79.8455, 504.8328, 386.9724]], device='cuda:0')"
2b4d445b-cbc6-bc13-b2ca-e945a117b3f8.jpg,11,true,"tensor([[359.0253, 224.9340, 376.0943, 239.0983],
        [484.6015, 223.8671, 493.2465, 235.6864],
        [503.9067, 223.5832, 513.8889, 234.1048],
        [279.7510, 224.5919, 301.9147, 240.8038],
        [414.1820, 224.7463, 423.6609, 239.6394],
        [231.8765, 225.5643, 249.3260, 242.0582],
        [439.3655, 224.8374, 449.1564, 236.5243],
        [129.7744, 221.7018, 156.9846, 243.8739],
        [392.4246, 224.1444, 413.6255, 238.7857],
        [335.3393, 223.9702, 355.4840, 240.2194],
        [451.4476, 223.3853, 459.1284, 237.0930]], device='cuda:0')"
22b70cc6-a480-373f-fabe-abdae32c0cb0.jpg,2,true,"tensor([[ 81.9073,  89.3618,  94.2141, 182.5222],
        [159.0364, 119.5516, 467.1589, 356.6983]], device='cuda:0')"
0f245a26-658b-3972-df8a-a6fae2a931af.jpg,2,true,"tensor([[159.2195,  91.8430, 403.4122, 372.2370],
        [ 81.8817,  59.2989, 405.4039, 395.0875]], device='cuda:0')"
ed5828a5-b575-cca6-6d44-19b80955ee66.jpg,1,true,"tensor([[166.9468,  58.7440, 464.4044, 303.9279]], device='cuda:0')"
bb9156b6-10c6-efed-20ac-6807faa95e9a.jpg,5,true,"tensor([[ 82.0897,  91.5079, 169.6949, 292.4166],
        [402.2202, 143.6805, 575.1748, 339.7649],
        [112.9155, 111.6644, 242.2668, 272.5691],
        [162.5293,  76.3644, 502.5008, 353.5075],
        [ 82.3018,  58.3911, 247.8847, 292.8576]], device='cuda:0')"
b37222b6-924d-600f-9e91-7c9294668759.jpg,2,true,"tensor([[ 85.9790, 295.0862, 113.2130, 363.1537],
        [189.0601, 105.9429, 411.5290, 351.3228]], device='cuda:0')"
e26f7262-db44-94ac-877a-7d3a4361407c.jpg,1,true,"tensor([[ 96.1288, 127.1501, 452.9120, 307.9267]], device='cuda:0')"
7d99d2f7-24d0-8ae7-696c-6a909c07aeb8.jpg,8,true,"tensor([[391.7125, 169.5567, 403.9879, 183.7455],
        [478.5194, 197.1005, 573.8740, 290.8489],
        [ 82.2427, 207.6340, 107.3082, 276.6056],
        [ 94.9081, 199.9723, 246.9730, 270.8828],
        [346.1010, 180.0713, 483.1505, 267.1792],
        [171.5992, 181.3357, 272.4321, 234.8320],
        [282.5702, 192.7042, 419.1603, 306.2437],
        [246.8987, 187.1308, 351.3802, 278.4512]], device='cuda:0')"
79d1f893-f677-53f2-c0b2-018ad6ed6134.jpg,1,true,"tensor([[234.1365, 208.7790, 375.7193, 295.8868]], device='cuda:0')"
a9071cb6-9196-5743-3b3c-547cf15e2546.jpg,2,true,"tensor([[395.2162, 252.9061, 454.4736, 308.0743],
        [ 82.2177, 195.0041, 376.4258, 358.3107]], device='cuda:0')"
ab62d979-3d23-48e4-7676-90945e675ce5.jpg,1,true,"tensor([[177.7623, 120.8590, 424.6928, 425.9840]], device='cuda:0')"
08f3d4d5-eeae-a9ab-e628-c45ba7571adb.jpg,1,true,"tensor([[239.0518, 129.2388, 470.2506, 352.0658]], device='cuda:0')"
92b18765-9d90-2210-2bbf-dada37e1dbe4.jpg,1,true,"tensor([[186.2629,  75.1412, 496.1017, 387.6908]], device='cuda:0')"
03ca4ef4-8cc0-8334-7bf0-d38318a997a7.jpg,3,true,"tensor([[161.2160, 178.0103, 356.5175, 302.3475],
        [ 82.1838, 154.0458, 155.7223, 255.8533],
        [181.5996, 133.7664, 571.0413, 311.6625]], device='cuda:0')"
592ae54d-c376-1ebe-c9c0-181fccc7b13c.jpg,1,true,"tensor([[126.3327,  88.9451, 547.5916, 422.8930]], device='cuda:0')"
10025cc4-b86c-f026-1ef7-d440cf045f53.jpg,1,true,"tensor([[238.7971,  91.8463, 539.4491, 280.3228]], device='cuda:0')"
29c13995-d7d4-9b47-aa7b-89f4265c15bc.jpg,2,true,"tensor([[ 82.5261,  58.5008, 294.9343, 426.1763],
        [151.9702,  58.0426, 572.8115, 426.2840]], device='cuda:0')"
4c40e7d9-849c-f035-eccc-171edb720190.jpg,1,true,"tensor([[244.0080,  89.1929, 403.5323, 421.3853]], device='cuda:0')"
fa9fff4f-31b4-5870-7a3c-ac4dbc9757f4.jpg,3,true,"tensor([[304.0359, 127.6516, 569.6931, 256.2294],
        [ 82.0766, 104.0687, 203.2912, 213.8299],
        [165.7074, 124.9714, 463.7866, 264.5024]], device='cuda:0')"
ddbed085-69c4-68ef-6073-b164d5484527.jpg,1,true,"tensor([[249.2932, 188.3576, 512.1924, 383.1696]], device='cuda:0')"
3a905b1c-1e86-f2de-2fe4-bd6eb510a0dc.jpg,2,true,"tensor([[535.7629,  79.1045, 575.0054, 253.8763],
        [ 89.8886, 137.9253, 532.2924, 403.9817]], device='cuda:0')"
8871de4f-9862-fa8a-5256-061936e39ec7.jpg,2,true,"tensor([[354.3304, 235.6515, 390.8806, 274.0551],
        [287.2610, 223.1769, 322.3032, 261.0466]], device='cuda:0')"
4bab119d-b733-fce8-54ca-b7dcce85c234.jpg,1,true,"tensor([[105.1041,  79.4323, 501.5179, 363.5740]], device='cuda:0')"
77e55a74-e9a7-a6bf-c905-6c123b1ea86e.jpg,2,true,"tensor([[185.1934, 190.3338, 293.0240, 314.6550],
        [277.3046, 176.0086, 383.0002, 282.7614]], device='cuda:0')"
a026f602-f31d-ffa5-1185-bed0d0d00076.jpg,1,true,"tensor([[171.6566, 173.5582, 337.1580, 248.2236]], device='cuda:0')"
a36aa9ab-9b74-7c25-4f32-4ee7af6a01f5.jpg,4,true,"tensor([[284.0930, 251.6527, 313.6882, 289.4578],
        [353.4754, 261.3646, 378.8404, 291.9798],
        [317.3701, 245.7029, 364.1181, 290.0158],
        [302.3475, 258.0508, 317.2460, 292.6745]], device='cuda:0')"
5d650528-ba2f-3bad-a72b-8d561d2ce8f2.jpg,4,true,"tensor([[408.5451,  99.2874, 574.5692, 396.1639],
        [ 82.8225, 106.0780, 212.2464, 382.7391],
        [425.2506,  57.6075, 575.3419, 349.6170],
        [ 82.9108,  77.1449, 523.8976, 384.4787]], device='cuda:0')"
53d194d1-0caa-92f8-a2cc-01f74e60bb32.jpg,4,true,"tensor([[ 82.1878, 218.3349, 114.0266, 293.5764],
        [ 82.2062, 230.1126,  91.6014, 293.1837],
        [ 82.0343,  58.3487, 137.6101, 255.8159],
        [208.7733,  93.7718, 388.4604, 308.4377]], device='cuda:0')"
d11cd4da-0372-c95d-65eb-4a858ec6b68d.jpg,1,true,"tensor([[205.0743, 109.6441, 425.7559, 412.6067]], device='cuda:0')"
9a25e76c-aeb5-c79d-c585-c9a913fd7dee.jpg,1,true,"tensor([[159.0744, 144.0390, 432.5582, 269.0933]], device='cuda:0')"
d8f58510-f156-26bf-4866-590b9ecf0a4d.jpg,4,true,"tensor([[395.8059, 206.0853, 574.4564, 346.8355],
        [464.5368, 222.2209, 574.8681, 352.8904],
        [128.5463, 189.4885, 304.3518, 349.0423],
        [277.7776, 206.1621, 446.0381, 340.5154]], device='cuda:0')"
da1a6670-496d-111f-f226-304976ce6f80.jpg,1,true,"tensor([[255.2297, 202.2691, 304.7269, 316.9663]], device='cuda:0')"
f702efe2-0944-ffcd-c6b6-06a2d0a0ce53.jpg,1,true,"tensor([[201.7268, 171.4738, 457.9371, 320.4696]], device='cuda:0')"
95236d69-39b5-3804-c31c-2361b283a311.jpg,1,true,"tensor([[ 82.3212,  60.4367, 483.6133, 398.0144]], device='cuda:0')"
8448b711-90b9-b2a5-eaf4-6f944c02bd70.jpg,6,true,"tensor([[322.9288, 153.0674, 441.5755, 249.9383],
        [413.0013, 164.7415, 461.6132, 246.6269],
        [169.3771, 174.4197, 241.9163, 239.0705],
        [237.1741, 166.5491, 281.2964, 228.0062],
        [184.3443, 157.6789, 247.7651, 226.4870],
        [267.9771, 160.0547, 325.7801, 246.1694]], device='cuda:0')"
587556d0-35c7-3789-2a16-3868e6a28242.jpg,2,true,"tensor([[235.0874, 189.7828, 574.6435, 425.9654],
        [ 82.9316, 193.6048, 338.1598, 425.3083]], device='cuda:0')"
79890d27-31e1-e252-9a51-00d3065510a7.jpg,6,true,"tensor([[460.9689, 237.0468, 530.7517, 309.9937],
        [116.8002, 225.8896, 227.0375, 299.6711],
        [ 82.2230, 229.2622, 117.4613, 282.8555],
        [419.7486, 241.3509, 483.7603, 309.6935],
        [327.3932, 235.3294, 437.3774, 311.1118],
        [220.1252, 234.8248, 359.9405, 308.7629]], device='cuda:0')"
e6c4d889-72fd-9297-fdf8-35398788b765.jpg,1,true,"tensor([[185.2139, 148.9363, 484.1151, 258.2366]], device='cuda:0')"
9a06559c-c841-e852-08ba-f67b34ca8c55.jpg,2,true,"tensor([[252.1200, 233.5147, 424.1434, 357.9220],
        [113.1207, 228.5572, 418.6448, 386.7917]], device='cuda:0')"
8d69d9db-564f-0de4-21bf-1cc5905b0ad4.jpg,3,true,"tensor([[472.6018, 100.7483, 574.8784, 244.8443],
        [300.3272, 112.4028, 402.0023, 246.9272],
        [288.3060,  90.4411, 474.1132, 233.3707]], device='cuda:0')"
4e2927e0-50b2-0e34-b0cc-7a4251d74246.jpg,1,true,"tensor([[123.0318, 104.2686, 465.9641, 377.0419]], device='cuda:0')"
5451bc19-058f-8e5d-c7bd-fa6dbd08240c.jpg,8,true,"tensor([[268.4598, 248.7739, 307.6320, 284.5852],
        [463.3353, 255.5026, 497.1933, 287.8312],
        [169.5504, 275.3967, 205.9667, 320.9274],
        [196.3609, 267.6891, 229.2939, 307.6385],
        [347.8816, 250.8555, 389.8668, 278.2928],
        [283.3204, 262.2851, 317.1731, 300.0648],
        [243.8124, 248.9618, 276.3366, 284.9554],
        [431.3510, 254.4920, 469.1646, 286.2645]], device='cuda:0')"
1a37782b-d4f4-fca8-6b3a-9fe24a86d752.jpg,5,true,"tensor([[487.7275, 117.8735, 575.0006, 271.3233],
        [ 81.5654, 137.6925, 163.7118, 336.5197],
        [194.6076, 153.0485, 296.7594, 341.8621],
        [111.3234,  84.0811, 469.9801, 355.1169],
        [383.3807, 121.5201, 512.6586, 283.5421]], device='cuda:0')"
0cd2d853-fbe6-dd99-e46e-e98a11a4ac3f.jpg,2,true,"tensor([[ 81.9562, 102.3344, 114.5395, 162.1392],
        [250.9349, 138.3633, 429.0225, 310.9952]], device='cuda:0')"
85ee042a-822e-0c0f-104c-dfb36045daad.jpg,2,true,"tensor([[334.8709, 129.5573, 407.9112, 323.5590],
        [242.1449, 123.3387, 343.9430, 332.5763]], device='cuda:0')"
53f5f429-9c0d-a111-08c8-a69243c3ec09.jpg,5,true,"tensor([[ 81.7792, 154.3667, 122.0862, 219.1828],
        [414.2355, 197.7538, 575.0064, 318.4286],
        [ 82.4555, 154.8784, 194.2632, 269.5640],
        [ 94.3117, 186.9861, 195.1512, 269.5603],
        [151.0470, 162.1283, 467.7411, 279.5739]], device='cuda:0')"
c1908de3-6a32-9636-5798-a76433d7f089.jpg,2,true,"tensor([[497.3736, 140.4344, 574.9110, 331.7452],
        [ 83.0505, 142.8575, 512.7029, 348.6861]], device='cuda:0')"
b8a0af28-1cf9-1b63-2b12-a3c6b298a267.jpg,2,true,"tensor([[427.5083, 163.6215, 574.4216, 408.3969],
        [150.9556, 156.5754, 565.5793, 424.6338]], device='cuda:0')"
dceb9e70-698c-9e31-f289-2477af13728a.jpg,1,true,"tensor([[ 83.3786,  98.1799, 439.7683, 372.6878]], device='cuda:0')"
f53091e2-e05c-ce05-d86b-ece61b0891e1.jpg,1,true,"tensor([[ 82.2709, 106.5473, 471.5683, 403.2599]], device='cuda:0')"
0ad3767c-f88a-8cad-0e0e-7d864301d1a3.jpg,1,true,"tensor([[318.7169, 205.9670, 348.1427, 245.5299]], device='cuda:0')"
3b47b827-e581-c336-0d4c-e534ca9b8553.jpg,1,true,"tensor([[ 90.3878, 113.0765, 498.9149, 355.0862]], device='cuda:0')"
7c88ab30-0196-3683-9cae-1260d2ed6166.jpg,5,true,"tensor([[526.6620, 118.6868, 574.7996, 154.3692],
        [173.7140, 135.1569, 252.5813, 148.2478],
        [128.5275, 123.5866, 528.0287, 355.4826],
        [253.5628, 134.3471, 323.7700, 149.2116],
        [453.2268, 125.3796, 513.5379, 144.6605]], device='cuda:0')"
ef457a2e-2567-e099-9617-cc53f87cc7ac.jpg,2,true,"tensor([[508.3082, 153.4517, 574.9161, 311.0740],
        [280.8560, 188.7792, 399.5298, 335.1688]], device='cuda:0')"
ebf4be07-1891-0592-ae6f-b724b048e5b5.jpg,2,true,"tensor([[185.1305, 129.0062, 470.6647, 319.3383],
        [558.9361, 119.6426, 574.5862, 134.5760]], device='cuda:0')"
87ed4112-2429-a0d7-6ff7-15a74aa2764d.jpg,1,true,"tensor([[152.7794,  85.3001, 478.4307, 314.9822]], device='cuda:0')"
0378940c-786c-96c3-b395-d195b39388f0.jpg,1,true,"tensor([[159.5788, 123.0870, 558.2819, 426.2876]], device='cuda:0')"
ab3dce2a-3653-a2f2-678c-ec6c1ad94337.jpg,2,true,"tensor([[463.3680, 194.7975, 574.8469, 379.1131],
        [ 95.3390,  83.7447, 443.8536, 353.9549]], device='cuda:0')"
cdeb43dc-5d68-2b5b-4f81-3abb8dc71430.jpg,2,true,"tensor([[ 81.9419,  58.1929, 124.3027, 150.5067],
        [153.8733,  92.5847, 406.3335, 341.2435]], device='cuda:0')"
138d20d3-6246-32be-6623-fe49997e29aa.jpg,3,true,"tensor([[195.8499, 339.3980, 252.8718, 391.7251],
        [ 82.1996, 276.0624,  97.5442, 300.8065],
        [231.3911,  76.2126, 349.2140, 386.0165]], device='cuda:0')"
20bf52fb-2241-1f52-d6bb-64d26c1d2fe0.jpg,3,true,"tensor([[146.6687, 237.0033, 283.0768, 341.6483],
        [146.0190, 219.5052, 249.8306, 348.8123],
        [227.1919, 234.6814, 394.5952, 331.8279]], device='cuda:0')"
0fab4c8b-dba3-9659-e8fd-e8811d5b97f3.jpg,2,true,"tensor([[530.8351, 230.8773, 575.3167, 333.4344],
        [130.6466, 148.5082, 501.2777, 424.8101]], device='cuda:0')"
af71cd5a-d978-f85c-5a83-4c1f170ec03c.jpg,2,true,"tensor([[ 82.0345, 210.1812, 125.2264, 426.4136],
        [ 94.5540,  76.8409, 568.0659, 425.8232]], device='cuda:0')"
751bb6b1-69f0-a6b2-4379-92156bdd214f.jpg,1,true,"tensor([[274.4652, 223.5192, 328.7689, 254.1153]], device='cuda:0')"
ce7a55fc-4499-6aaf-de29-9dce77d23806.jpg,1,true,"tensor([[243.4207, 175.9361, 436.8004, 358.0567]], device='cuda:0')"
d4bd6c28-f6f7-a81b-a1be-3856e46a2224.jpg,4,true,"tensor([[435.2442, 197.6189, 524.7681, 250.4942],
        [216.5323, 192.0859, 300.0342, 254.8618],
        [117.1105, 213.7293, 173.2937, 258.8156],
        [299.4218, 207.3792, 355.2005, 250.7828]], device='cuda:0')"
1201ea61-3908-60d4-7220-2bc2d6a12751.jpg,1,true,"tensor([[ 88.6568, 114.8719, 425.3067, 407.4081]], device='cuda:0')"
a65b4138-e822-e00b-71c9-01f1d786aa3f.jpg,2,true,"tensor([[189.1897, 276.0041, 209.3523, 297.5917],
        [222.2279, 141.8270, 380.4529, 422.2039]], device='cuda:0')"
d4379fa7-494c-91ab-0cd4-7844c84a6a8d.jpg,6,true,"tensor([[ 82.1203, 161.9360, 103.9837, 204.1745],
        [400.5887, 199.4109, 521.5179, 291.2274],
        [169.3942, 157.1868, 243.0861, 263.3182],
        [ 80.7758, 154.8705, 242.9010, 264.3618],
        [311.5162, 183.5865, 443.7535, 292.9849],
        [277.4264, 187.5543, 336.9946, 305.5440]], device='cuda:0')"
e4a436a9-0cac-0c53-0bab-18288f7f83b2.jpg,1,true,"tensor([[229.1201, 115.7105, 412.1587, 425.9645]], device='cuda:0')"
525c688e-d18b-4652-4d0c-e70a209639f9.jpg,1,true,"tensor([[123.4051,  58.9552, 457.2752, 395.4369]], device='cuda:0')"
93d61978-503a-7986-0162-d26b5c209549.jpg,2,true,"tensor([[430.2688, 123.3818, 574.8622, 393.4152],
        [126.8982, 118.5825, 508.9445, 421.0828]], device='cuda:0')"
077569d9-8ed7-2538-f12a-39fef60b7ab6.jpg,2,true,"tensor([[ 82.3000,  95.9180, 202.5818, 330.6777],
        [134.4803, 134.8488, 494.8905, 332.9118]], device='cuda:0')"
a2a7f92d-ddc8-6d72-b307-85448c744671.jpg,2,true,"tensor([[113.9411, 106.4823, 485.7278, 322.5547],
        [552.2234, 147.9785, 574.8469, 215.7725]], device='cuda:0')"
0d70ee98-7071-6e4d-9b0a-ad11c565b27a.jpg,2,true,"tensor([[188.8136,  59.8222, 200.1945, 103.1951],
        [189.2818, 137.8817, 364.5486, 375.9881]], device='cuda:0')"
0dd77ab5-ae37-fba8-4d59-edccdeb5fcf8.jpg,2,true,"tensor([[538.7393, 187.6681, 575.1323, 387.2078],
        [ 81.9543, 101.2471, 527.8293, 393.6441]], device='cuda:0')"
fac5cb4b-e0f6-86f9-4283-1d4570231aa3.jpg,1,true,"tensor([[247.6709, 112.2081, 498.0023, 303.8379]], device='cuda:0')"
2626a022-78a0-204f-abf7-03a52570a899.jpg,2,true,"tensor([[533.6125, 280.0518, 575.0750, 426.0651],
        [ 97.6653, 130.6009, 511.1747, 334.0388]], device='cuda:0')"
90cec224-fd13-aef7-4716-731c4c29a4af.jpg,12,true,"tensor([[263.8239, 277.5941, 278.0300, 288.6120],
        [296.0873, 276.6974, 308.5880, 287.8623],
        [430.1041, 302.6869, 454.5317, 326.0580],
        [247.3307, 278.5437, 264.0834, 289.8109],
        [447.3856, 269.2531, 462.8156, 277.4806],
        [164.1386, 271.3630, 170.2198, 279.3346],
        [432.5730, 268.4933, 445.6039, 279.7752],
        [381.4227, 272.4182, 409.4913, 287.6101],
        [316.4479, 274.0779, 341.3565, 287.0258],
        [328.7919, 280.2863, 369.5288, 312.6375],
        [228.1310, 280.2976, 238.9941, 290.1119],
        [398.1537, 272.4357, 415.3549, 287.5824]], device='cuda:0')"
ddcba751-ab44-e397-97e7-81936d611f4f.jpg,2,true,"tensor([[295.0959,  83.2037, 497.1339, 396.4677],
        [126.3275, 144.7986, 300.8607, 365.0947]], device='cuda:0')"
8402b122-4821-4ba7-7c1a-841aff33016e.jpg,1,true,"tensor([[209.3759, 149.7118, 514.5576, 307.2895]], device='cuda:0')"
896a23b8-6821-6548-15ce-0f1659fd3282.jpg,2,true,"tensor([[540.5530, 184.2608, 575.2540, 269.6652],
        [245.3651, 125.2133, 493.6725, 293.8366]], device='cuda:0')"
7acd1cd1-b431-5fc5-6e61-d36c4eee7768.jpg,1,true,"tensor([[140.9245,  61.2410, 417.7418, 368.3326]], device='cuda:0')"
42064b9b-228c-bdd9-981e-98edba9e28f7.jpg,3,true,"tensor([[379.2793, 102.8197, 574.8998, 383.7646],
        [ 82.3646,  87.9486, 116.1829, 238.1756],
        [179.1630,  61.8305, 473.4150, 404.3141]], device='cuda:0')"
0eea9b48-5071-68a2-7973-0103704e03c0.jpg,2,true,"tensor([[491.7545, 199.5256, 533.4827, 321.8544],
        [127.6808,  68.9584, 287.8092, 317.9337]], device='cuda:0')"
f28d8391-6c65-9c86-b7ee-566f04213971.jpg,1,true,"tensor([[250.4982, 233.5207, 432.4415, 355.7132]], device='cuda:0')"
6d4dcb46-a456-37ab-2a40-67ad207410e0.jpg,2,true,"tensor([[203.1584, 272.5747, 254.3978, 343.2997],
        [270.4544, 251.4930, 382.6003, 367.4314]], device='cuda:0')"
2d7eb370-a77c-bd7c-02a1-fcd8a91c1233.jpg,1,true,"tensor([[188.8321, 135.3355, 482.3675, 317.6891]], device='cuda:0')"
d7b1da59-431e-7a11-405b-39a4b8594fba.jpg,2,true,"tensor([[516.8503, 164.5016, 575.0513, 276.3236],
        [ 82.4273, 128.6973, 468.3274, 261.4514]], device='cuda:0')"
9ac61e7b-4351-0cc8-a8d9-6f0db5e59ad6.jpg,1,true,"tensor([[115.0147, 118.1350, 502.1998, 395.5442]], device='cuda:0')"
07904bb8-3da6-33ba-20ee-62c39a022028.jpg,6,true,"tensor([[488.5679, 178.7683, 575.0942, 253.1105],
        [121.3791, 172.5172, 379.0560, 309.2785],
        [475.1356, 238.2450, 574.8073, 425.5041],
        [ 81.9626, 237.7520, 158.7440, 324.4163],
        [449.8716, 175.5629, 573.9945, 263.7568],
        [289.9604,  73.7158, 306.0804,  90.4198]], device='cuda:0')"
b0a69bf0-bddd-565a-00df-ce317c35dad2.jpg,3,true,"tensor([[531.1321, 154.4856, 575.0090, 294.0166],
        [289.5445, 132.9011, 536.9567, 299.1087],
        [197.4130, 147.6149, 492.4321, 317.8811]], device='cuda:0')"
9b2c2680-59b0-249a-6c65-a11b91a64f96.jpg,2,true,"tensor([[477.5040,  82.6696, 574.6367, 256.4397],
        [247.7142,  96.3985, 506.4540, 276.4141]], device='cuda:0')"
20dff398-a3b9-4fc3-6404-a8691be5d468.jpg,4,true,"tensor([[465.9946,  66.5872, 574.7802, 332.7082],
        [ 82.9250,  58.2024, 278.2380, 279.0021],
        [ 82.5616,  69.2965, 209.7610, 256.2636],
        [209.4342,  59.1847, 421.3800, 292.2096]], device='cuda:0')"
bedb2f5c-d4f1-9ce6-65f4-c5b20d3142d8.jpg,1,true,"tensor([[181.2636, 155.4445, 443.1661, 293.0398]], device='cuda:0')"
188549be-85e8-c394-09da-5e289491f389.jpg,1,true,"tensor([[207.5143, 167.5087, 477.9471, 377.7117]], device='cuda:0')"
aff08e8c-84bc-3fa4-c2bb-84e72331c0cd.jpg,2,true,"tensor([[512.6866, 177.3593, 574.6948, 242.2178],
        [105.4297, 166.0033, 472.3490, 347.3135]], device='cuda:0')"
6fe9d40d-f8c8-0e6b-38ed-7215aa87dc5e.jpg,7,true,"tensor([[377.2094,  92.2362, 573.8063, 239.1062],
        [477.6430,  81.8608, 574.5773, 246.3625],
        [126.3428, 135.0961, 246.2678, 265.2391],
        [196.5681, 117.8694, 269.3647, 174.3907],
        [544.3930, 178.7508, 574.0323, 227.2540],
        [261.6664,  97.1207, 469.5209, 246.0641],
        [375.7849,  92.3389, 485.6053, 238.8488]], device='cuda:0')"
97cb8b8d-ec75-b394-5814-6763146e2228.jpg,3,true,"tensor([[487.6595, 117.3287, 575.0400, 349.8629],
        [ 82.3524, 185.8371, 100.4948, 380.4681],
        [153.2558, 130.0078, 560.6369, 386.4286]], device='cuda:0')"
c20d76d8-a933-387c-1922-97565cbe1c16.jpg,1,true,"tensor([[237.7798,  75.2735, 386.9685, 418.6078]], device='cuda:0')"
9308e8ae-b932-2ce6-c554-67348c268395.jpg,1,true,"tensor([[116.5159, 132.2039, 419.5175, 333.0222]], device='cuda:0')"
bccd7eb4-844b-80cf-c6bd-c12837f3d8de.jpg,1,true,"tensor([[171.3566,  63.8292, 480.3691, 369.4968]], device='cuda:0')"
08088777-9014-c5d2-9d7e-6908d6e23a6f.jpg,3,true,"tensor([[458.5550, 205.9323, 514.4258, 279.7050],
        [136.2380, 146.3511, 265.6872, 310.8874],
        [283.4713, 192.1343, 373.1580, 292.4549]], device='cuda:0')"
4f69713f-a782-51d8-e16c-47e18c8769cd.jpg,1,true,"tensor([[215.3936, 129.4550, 574.5771, 348.3561]], device='cuda:0')"
09ef18cc-b225-4b47-c052-d6a0e133e96a.jpg,1,true,"tensor([[ 82.1613,  97.9661, 462.8514, 368.0069]], device='cuda:0')"
2dbfdc4f-ec0d-014a-bd10-4205c2ddc40f.jpg,3,true,"tensor([[125.0523, 122.9531, 149.8059, 148.4948],
        [ 85.2868, 105.4758, 146.4061, 146.7697],
        [121.7851, 123.2039, 428.9980, 350.6085]], device='cuda:0')"
38bc8097-d6e5-5f63-e0ce-5ce6a8c677f3.jpg,1,true,"tensor([[174.0554, 124.5308, 507.4216, 330.1087]], device='cuda:0')"
947da108-fcbf-d3c0-77a5-43a93af2d80e.jpg,1,true,"tensor([[130.4950, 126.0200, 544.9128, 345.8265]], device='cuda:0')"
f6e64498-268d-380c-a307-33c88b75cbaf.jpg,1,true,"tensor([[186.6272, 127.1450, 404.7670, 327.5192]], device='cuda:0')"
05f24072-c1a4-1429-66ef-0ba8ce7832a3.jpg,2,true,"tensor([[109.0094, 157.8991, 198.4841, 274.6248],
        [178.4037, 147.0120, 498.7878, 326.0683]], device='cuda:0')"
8b3e7e03-09bd-a886-b8af-9debe2076228.jpg,1,true,"tensor([[144.5155, 162.7805, 404.0228, 385.3590]], device='cuda:0')"
ef0488b4-0eab-2506-eae3-5b94b2b1d194.jpg,4,true,"tensor([[432.0103, 129.1661, 574.5840, 329.6491],
        [176.7832, 138.8117, 278.4221, 334.2769],
        [ 82.0514, 154.5856, 246.8185, 379.0125],
        [218.2135, 148.6666, 470.4529, 369.5840]], device='cuda:0')"
341c67fa-071e-279d-3166-adb69b24c5ec.jpg,3,true,"tensor([[ 82.1544, 141.9597, 325.6271, 311.8055],
        [434.1013, 161.4036, 543.4182, 233.2213],
        [250.4007, 139.6823, 478.5331, 293.9836]], device='cuda:0')"
073dd421-34ed-b0ef-f5a4-653d013612cf.jpg,1,true,"tensor([[184.1895, 174.5740, 467.6328, 364.6578]], device='cuda:0')"
d2c971b5-2d17-5d1e-8073-35248ca7136d.jpg,3,true,"tensor([[231.2241,  58.5795, 476.1086, 351.1503],
        [ 81.6262,  58.1709, 251.7508, 338.2974],
        [ 82.4277,  59.7045, 145.5855, 322.2608]], device='cuda:0')"
4bb2b1f7-c9d7-fea1-448d-7becfa49b360.jpg,1,true,"tensor([[180.3416, 124.8579, 499.8563, 320.3095]], device='cuda:0')"
7df3c294-dc25-9149-05bc-c5bea9c886b3.jpg,1,true,"tensor([[ 82.1575,  86.8259, 471.7018, 383.2220]], device='cuda:0')"
84725d96-b7ae-d618-0716-da35e4ab224e.jpg,1,true,"tensor([[130.7466,  71.5196, 452.9550, 301.0497]], device='cuda:0')"
c464b280-7f5d-26fd-c97e-6aeaa4c7ce2b.jpg,7,true,"tensor([[494.1989, 256.4487, 575.8150, 324.1521],
        [547.4772, 244.2719, 576.3351, 307.0066],
        [221.5131, 244.3429, 302.0244, 286.1027],
        [193.7298, 239.8271, 257.7771, 288.5079],
        [149.4429, 251.1554, 195.9802, 275.8120],
        [362.9285, 249.3592, 460.4224, 305.3854],
        [301.4099, 249.9005, 375.8180, 288.4197]], device='cuda:0')"
766767d2-3fc6-a3bf-88b7-1014f941504f.jpg,5,true,"tensor([[423.9843,  59.6952, 456.5848,  99.8005],
        [134.4647, 138.3158, 374.3872, 317.0948],
        [ 82.0132, 117.1727, 146.4094, 270.8133],
        [456.5986,  58.1814, 575.0094, 112.0667],
        [269.0168,  60.8188, 375.4842, 105.7023]], device='cuda:0')"
8ac864ee-66d5-5303-0b8e-133d5db2815f.jpg,1,true,"tensor([[160.8219,  94.6239, 499.7114, 273.7902]], device='cuda:0')"
acd3ccb8-eb30-0dbc-320b-84acb50810a0.jpg,2,true,"tensor([[312.8693, 148.1046, 507.1020, 303.3423],
        [ 99.0403, 141.4665, 352.0157, 298.7680]], device='cuda:0')"
8dbb989f-dbe8-4e14-e322-291d784855bb.jpg,2,true,"tensor([[394.2608, 270.9391, 435.1976, 295.0946],
        [290.8338, 272.9184, 309.5414, 286.4668]], device='cuda:0')"
0098634a-4a4e-b958-2f6a-a6b2cef3697e.jpg,2,true,"tensor([[ 82.1930, 119.0515, 174.9768, 223.3568],
        [144.9339, 134.5638, 475.2095, 280.5222]], device='cuda:0')"
41f6a439-1a37-5ed3-2f1a-be2f09d700cc.jpg,2,true,"tensor([[ 82.1366,  78.1186, 424.9938, 329.0353],
        [514.5775, 113.1246, 574.9834, 424.5144]], device='cuda:0')"
a9e4d177-2621-a7b5-7465-7108122df315.jpg,2,true,"tensor([[524.5847, 119.0019, 574.2571, 162.8358],
        [ 91.3939,  58.1404, 490.9768, 358.2308]], device='cuda:0')"
8e9cc8ac-ca34-507c-82cf-b49273d340d6.jpg,3,true,"tensor([[281.5078, 181.9140, 549.4898, 326.3564],
        [ 81.8652, 147.1587, 260.5266, 329.5622],
        [172.3660, 157.0461, 442.3400, 339.4976]], device='cuda:0')"
3f7f622c-bfcc-6081-95d2-c16291494979.jpg,1,true,"tensor([[188.3243, 112.6038, 428.2463, 313.0667]], device='cuda:0')"
3293afcd-8be1-81f0-6bfe-b7434a2a1a7f.jpg,3,true,"tensor([[240.8400, 228.8225, 534.2838, 426.0074],
        [ 84.8873, 212.0984, 307.8754, 417.6285],
        [ 82.0170, 218.4989, 123.1054, 410.6201]], device='cuda:0')"
8d6b756c-cb9c-410b-6fe3-731ed572a1d1.jpg,2,true,"tensor([[265.3938, 121.1989, 451.4929, 353.0082],
        [139.9726, 182.0884, 328.8646, 348.4653]], device='cuda:0')"
62d27d9c-223e-64e3-9927-d933db312f81.jpg,2,true,"tensor([[442.9050, 218.9654, 491.5613, 337.6696],
        [276.5225,  72.4888, 374.8766, 408.9323]], device='cuda:0')"
7cf98445-4d7f-a664-a646-cd0089e5f267.jpg,1,true,"tensor([[170.0211, 128.1355, 397.4648, 413.0886]], device='cuda:0')"
f860ce80-a19d-1e3d-1c16-7fd3385f7b6b.jpg,1,true,"tensor([[162.5800, 192.4224, 392.4012, 365.1797]], device='cuda:0')"
f161c8d3-729d-8788-5c92-d3319b169610.jpg,1,true,"tensor([[195.9360,  78.6048, 304.2842, 147.3972]], device='cuda:0')"
926fdd42-7f6a-fef2-ae90-02fafae22408.jpg,1,true,"tensor([[213.5562,  97.2599, 474.8192, 404.2056]], device='cuda:0')"
6524a816-de21-78f1-6fc3-467480d96059.jpg,1,true,"tensor([[204.0940, 264.5008, 310.9967, 322.8208]], device='cuda:0')"
0a1d3567-aaec-a155-d54e-f3ee9f47a6ad.jpg,1,true,"tensor([[345.1697, 181.6064, 495.5452, 282.4997]], device='cuda:0')"
b3d5ea1f-ed3e-fc54-980d-e9b70749c313.jpg,2,true,"tensor([[271.3596, 122.8126, 467.0790, 426.1367],
        [216.4526, 229.1488, 321.1041, 424.7729]], device='cuda:0')"
9191c204-a749-7fc5-b904-41859ba7344c.jpg,1,true,"tensor([[158.7119, 146.7163, 448.8615, 321.6399]], device='cuda:0')"
f1120a7a-b86d-0c21-82b1-36cc4f4ddc03.jpg,2,true,"tensor([[210.4605, 188.4902, 320.2240, 340.5832],
        [217.2854, 198.0087, 388.7010, 330.3886]], device='cuda:0')"
f9292ff0-86fe-5a6e-2fb5-9a728bfda141.jpg,1,true,"tensor([[159.7422,  70.4118, 479.6251, 426.2887]], device='cuda:0')"
b3042968-8b21-125e-4cc7-97dc5a41ec0a.jpg,6,true,"tensor([[539.3853,  95.6089, 562.9338, 134.1365],
        [214.3024,  97.2820, 251.8967, 117.2173],
        [147.1495, 102.8896, 160.2305, 124.7141],
        [ 82.3904,  64.9184, 162.5011, 207.4071],
        [154.3622,  80.3316, 535.2838, 342.9619],
        [566.2943, 109.2080, 574.7686, 126.0822]], device='cuda:0')"
dfc653a1-3939-d21c-0412-00f83b1ed44c.jpg,3,true,"tensor([[469.6509, 139.2293, 574.7544, 308.5757],
        [113.1327, 181.3103, 455.3163, 344.1069],
        [508.0823,  72.4316, 527.0472,  91.4076]], device='cuda:0')"
bd07cb25-3d1d-11f5-d2d1-504115b50317.jpg,1,true,"tensor([[ 88.2394, 145.0448, 463.3415, 364.4931]], device='cuda:0')"
208789da-4269-2611-7771-5acaa091fecf.jpg,3,true,"tensor([[ 82.4163,  59.4506, 444.3385, 423.6860],
        [395.6730,  58.6714, 573.6990, 381.2883],
        [ 81.9694,  73.0739, 158.1360, 287.4405]], device='cuda:0')"
f21bdfd5-7b75-41e7-09c8-e1185f051f8d.jpg,3,true,"tensor([[387.4545, 246.4944, 513.1270, 303.9630],
        [119.9780, 233.2534, 221.7485, 301.2872],
        [236.2325, 241.9922, 366.3407, 298.2049]], device='cuda:0')"
7f3b53c8-c461-0405-6e07-8492dcfbe9bb.jpg,3,true,"tensor([[ 81.9626,  82.6053, 139.3394, 122.7846],
        [114.9914, 122.4480, 512.1674, 321.4130],
        [ 82.7596,  58.1826, 330.3371, 269.6070]], device='cuda:0')"
2bb3a278-9aa0-47b7-4928-2b3be9f9d0ef.jpg,1,true,"tensor([[228.9099, 162.7346, 378.9939, 353.5636]], device='cuda:0')"
462821cb-14dd-0722-905b-515964e6bdd9.jpg,1,true,"tensor([[150.2078, 114.3148, 465.9214, 334.9023]], device='cuda:0')"
b1e3caf2-6906-fcf2-2a4a-7338ea011893.jpg,2,true,"tensor([[ 82.4131, 175.9521, 139.7317, 285.0298],
        [175.5470, 141.2498, 487.4458, 364.6928]], device='cuda:0')"
6b4b2adc-1ef6-e079-7c4b-b3b3afb49a87.jpg,2,true,"tensor([[239.4407, 132.9633, 344.4558, 358.7816],
        [284.1419, 258.0129, 337.1023, 359.8008]], device='cuda:0')"
58bce5d5-655c-ba4d-a2f5-9534cab6115b.jpg,1,true,"tensor([[174.8674,  88.3070, 410.5440, 286.1520]], device='cuda:0')"
53dfd327-714b-7d77-1d1b-6ed023bccd85.jpg,1,true,"tensor([[ 82.6205,  91.7267, 574.1359, 366.9990]], device='cuda:0')"
abe3ad62-d954-dc5e-3494-195dcb8a6b3f.jpg,2,true,"tensor([[347.3039, 150.5412, 562.0508, 294.5455],
        [108.6207, 149.0502, 237.8416, 279.7418]], device='cuda:0')"
3b04a957-486a-ed84-7dee-9ccfd57dc240.jpg,1,true,"tensor([[164.4339, 202.8410, 378.8239, 330.2027]], device='cuda:0')"
99cc17a5-35e1-258d-e138-fa07c8c308f3.jpg,1,true,"tensor([[255.3212, 165.8364, 456.8080, 322.7459]], device='cuda:0')"
a5003998-df97-a14e-eab4-d001635ec423.jpg,1,true,"tensor([[180.2800, 138.0399, 414.1141, 275.0291]], device='cuda:0')"
3cb10c64-52e7-577b-7cea-5cf22f599d2a.jpg,5,true,"tensor([[403.2937, 108.8160, 412.6317, 120.3929],
        [472.8420, 113.6873, 484.8070, 121.4285],
        [549.9168, 146.4293, 575.0273, 191.4290],
        [141.1413, 110.5224, 394.0010, 340.1849],
        [413.4269, 138.4637, 423.5902, 145.7311]], device='cuda:0')"
fd1f450c-f508-0a9a-73c2-69d5f86ee6fa.jpg,2,true,"tensor([[419.8019, 172.6305, 569.1599, 416.0165],
        [182.6137,  98.7070, 470.2916, 323.1829]], device='cuda:0')"
dc2417a6-04b7-680d-feca-811f9e5149dc.jpg,1,true,"tensor([[130.5189, 130.4086, 542.5627, 367.9890]], device='cuda:0')"
9f57b542-1fa3-1932-4b0d-7fc54f2ab8ea.jpg,2,true,"tensor([[355.7469, 185.2910, 506.4135, 333.2797],
        [126.2058, 137.5464, 344.2071, 337.3732]], device='cuda:0')"
e200046e-cd80-2eaa-f89d-859c4edba134.jpg,0,false,"tensor([], device='cuda:0', size=(0, 4))"
9bb3c11d-84cb-e331-e19e-1fc174863539.jpg,1,true,"tensor([[ 82.1133,  93.0361, 559.8306, 393.9760]], device='cuda:0')"
93a710a0-4dc6-618d-4205-178dbc9ee4b4.jpg,3,true,"tensor([[424.9147, 261.9795, 574.3553, 426.4206],
        [506.2625, 275.0150, 575.5903, 426.3259],
        [184.0643, 170.0162, 500.7115, 426.1249]], device='cuda:0')"
97637d72-480c-e838-fcbb-d5d2842317d0.jpg,3,true,"tensor([[121.1013, 179.8067, 180.2557, 230.0262],
        [112.0580, 164.4989, 514.3895, 384.9735],
        [120.9258, 132.9246, 192.7040, 230.0084]], device='cuda:0')"
19f98a32-ef0f-4cef-7cfd-10abb1d19a0a.jpg,7,true,"tensor([[197.4185, 262.9910, 230.1703, 314.8171],
        [123.2206, 241.8501, 142.0393, 257.3660],
        [461.7504, 257.1642, 520.0597, 300.8529],
        [181.5826, 244.8114, 205.8322, 256.2182],
        [157.4109, 250.2135, 204.1388, 280.4655],
        [316.4243, 246.1299, 354.5569, 268.4745],
        [207.9720, 249.8106, 236.4335, 277.6349]], device='cuda:0')"
1951037b-d657-9be2-67d5-4510a0b9d177.jpg,1,true,"tensor([[113.7389, 131.0514, 497.5084, 384.4698]], device='cuda:0')"
1e31e1b1-4c2b-94f5-fd47-0c285c3a83cf.jpg,1,true,"tensor([[145.2512, 144.9374, 535.9734, 399.1225]], device='cuda:0')"
ad62bf80-cc9b-165f-3611-9c8b59e8b3bd.jpg,1,true,"tensor([[176.1287,  83.3547, 372.9302, 376.9896]], device='cuda:0')"
553a5573-ca56-57f8-8ed3-b0d774ded46e.jpg,0,false,"tensor([], device='cuda:0', size=(0, 4))"
df04fd99-7dbc-7db1-03d1-f15236e2463a.jpg,2,true,"tensor([[ 82.7397, 191.4755, 194.8512, 425.9450],
        [171.0343, 143.8561, 497.8131, 332.3322]], device='cuda:0')"
63f2a0ac-581b-4f08-4e9f-8bf1c987e835.jpg,1,true,"tensor([[114.3350, 176.1963, 424.5297, 425.8196]], device='cuda:0')"
8814f49f-4c3e-269e-59f6-e848625057b4.jpg,1,true,"tensor([[151.0565,  58.6334, 523.5093, 378.1844]], device='cuda:0')"
bb0959a3-7ad5-9262-8964-b1380119e35b.jpg,7,true,"tensor([[526.4247, 261.5510, 562.4222, 282.0060],
        [ 80.3104, 268.8473, 134.5717, 325.0984],
        [160.9670, 266.7269, 249.9436, 327.1725],
        [562.8408, 258.2711, 576.0564, 276.9178],
        [432.4692, 269.2252, 507.3461, 310.9757],
        [356.0944, 256.2967, 462.2404, 320.2666],
        [304.3069, 250.4809, 363.2045, 323.8687]], device='cuda:0')"
bbeeb87f-e987-c92f-a398-4d579579ae30.jpg,5,true,"tensor([[354.0051, 165.9820, 409.3580, 185.8110],
        [447.0846, 161.8591, 537.8402, 232.1469],
        [267.5316, 165.6096, 409.3509, 185.6488],
        [266.9897, 166.8707, 300.7630, 178.5637],
        [117.2771, 169.2615, 460.5881, 347.1657]], device='cuda:0')"
7dde60bd-a699-752f-9f3a-426386445ad6.jpg,1,true,"tensor([[176.8198, 172.7913, 445.1714, 366.0113]], device='cuda:0')"
e9508174-7a78-5dfa-9056-43c412799aa8.jpg,1,true,"tensor([[123.6732, 140.2262, 453.8129, 346.4222]], device='cuda:0')"
a94c641e-a87b-b839-80e5-659694d23877.jpg,1,true,"tensor([[252.1413,  58.2038, 574.9232, 401.5833]], device='cuda:0')"
931e691d-b26d-20ad-ee04-c02bd1142e22.jpg,1,true,"tensor([[245.3069, 198.4960, 343.2531, 273.7940]], device='cuda:0')"
b954d068-c161-aa93-bb30-96a438559d3d.jpg,2,true,"tensor([[388.4692, 131.0637, 519.8395, 394.9339],
        [130.0709, 109.3811, 386.0385, 396.2765]], device='cuda:0')"
29d18d3f-187d-44cc-db6a-6c84ed696d95.jpg,1,true,"tensor([[224.1650, 141.4747, 574.6081, 381.2195]], device='cuda:0')"
7cabf037-d60d-3c01-77fe-0c4e9ac67965.jpg,2,true,"tensor([[353.7032, 138.2214, 574.0560, 323.0621],
        [ 95.4800, 135.2325, 299.9090, 306.1613]], device='cuda:0')"
bb3db69f-a364-f122-cc3a-d19a2535e1e3.jpg,1,true,"tensor([[153.6929, 148.9339, 274.9270, 382.3691]], device='cuda:0')"
ba2a74a2-28bb-761b-e158-c1b1866190ac.jpg,1,true,"tensor([[154.0611, 143.4985, 446.9168, 354.6014]], device='cuda:0')"
a484573b-9fd4-7e9a-f96f-b6004fc4d9cc.jpg,1,true,"tensor([[ 82.8012,  84.9487, 396.3298, 306.5241]], device='cuda:0')"
1e578381-3d84-c7b2-b816-deb34cc597fb.jpg,1,true,"tensor([[190.9523, 151.2160, 466.3678, 332.5788]], device='cuda:0')"
a958f0d1-d7eb-acae-4833-49623634485d.jpg,1,true,"tensor([[220.0034,  59.0733, 428.0270, 372.6314]], device='cuda:0')"
fddc8e10-1026-ecfe-ccba-83839659a801.jpg,10,true,"tensor([[546.3608,  75.9667, 574.8521,  97.2867],
        [186.3224,  58.9628, 234.6979,  88.3505],
        [278.5246,  68.4138, 303.9536,  89.2673],
        [156.6028,  58.5379, 207.7443,  88.3730],
        [157.1653,  58.5898, 234.3176,  88.9353],
        [ 85.2110, 100.3378, 570.5724, 346.8426],
        [239.5032,  58.6564, 278.4477,  90.9538],
        [450.3273,  69.1460, 484.3788,  99.5407],
        [384.7023,  65.4503, 434.9054,  90.8309],
        [483.5577,  81.4105, 528.3605, 101.4321]], device='cuda:0')"
f1579b88-1d62-486c-e6d8-582cd21a0998.jpg,1,true,"tensor([[170.9912, 106.6216, 462.1023, 381.3512]], device='cuda:0')"
57526a4d-841d-c1d5-1436-ed38362d257e.jpg,2,true,"tensor([[ 82.1150, 151.2686, 160.4500, 339.8761],
        [150.1114, 129.7186, 504.3466, 332.9338]], device='cuda:0')"
075dcb0b-4029-5d96-6c53-bb547a9579d5.jpg,4,true,"tensor([[455.2945, 234.8190, 573.0607, 311.3117],
        [534.8302, 242.8324, 575.2546, 290.6653],
        [118.7087, 241.5092, 215.1391, 317.1867],
        [281.7672, 210.0644, 401.4939, 285.9290]], device='cuda:0')"
8ff2ce2e-8778-285e-ea29-0ccffc8040e3.jpg,0,false,"tensor([], device='cuda:0', size=(0, 4))"
b847b4fd-3962-fc9c-8353-420d7e3631c1.jpg,1,true,"tensor([[200.6708,  58.4870, 406.0777, 426.2939]], device='cuda:0')"
6ab01f53-ec43-d7f7-8c1c-f193fe22b5e8.jpg,2,true,"tensor([[ 82.2777, 112.2391, 361.1902, 351.6396],
        [ 82.5819,  73.3141, 494.1298, 329.2994]], device='cuda:0')"
c4b32479-e4f8-d850-5d7e-5f8fcff5a0ab.jpg,1,true,"tensor([[123.0805, 149.4464, 452.7753, 316.5271]], device='cuda:0')"
41d7461b-fae1-912d-88d8-4efd4512306d.jpg,1,true,"tensor([[189.2198,  88.9374, 453.4719, 320.4397]], device='cuda:0')"
6f19cae5-3a65-ce5a-69ac-059a1569e736.jpg,1,true,"tensor([[278.1440, 176.0757, 375.1496, 385.8790]], device='cuda:0')"
1a60f3c6-ef4d-f5ea-dcd4-28d532ee1e18.jpg,1,true,"tensor([[170.4128,  61.0963, 569.0766, 316.2087]], device='cuda:0')"
86094576-708d-912e-50bb-eaeefca0941f.jpg,1,true,"tensor([[322.6050, 266.6071, 343.6117, 287.0450]], device='cuda:0')"
3c153cd0-6df1-560f-fe44-e87a62f4c101.jpg,2,true,"tensor([[245.6168, 126.4937, 258.3327, 140.2149],
        [105.3344,  93.4147, 496.5481, 378.4115]], device='cuda:0')"
7e020414-ca94-5dcb-c548-b391b8b4f956.jpg,21,true,"tensor([[444.8051, 246.8837, 459.5645, 269.6729],
        [ 93.3693, 202.0290, 149.3969, 233.5336],
        [549.2455, 180.4886, 574.8812, 206.4346],
        [117.9831, 223.2622, 153.5947, 243.5947],
        [518.2249, 293.3420, 549.6440, 339.9888],
        [ 82.4244, 205.1910,  95.3458, 224.4577],
        [557.1937, 305.1130, 575.1349, 351.2506],
        [355.8223, 278.1910, 403.6644, 309.1251],
        [157.4541, 210.9911, 198.7529, 235.8345],
        [227.2477, 244.4379, 265.8704, 283.4175],
        [159.9375, 228.5715, 206.5999, 249.6784],
        [525.1691, 206.1117, 558.3040, 249.2982],
        [187.3149, 211.8772, 227.2022, 245.9047],
        [534.4391, 310.6537, 557.8905, 345.2771],
        [277.7981, 250.3298, 365.7947, 316.6242],
        [462.3195, 317.0623, 498.3799, 348.5961],
        [304.6066, 221.5954, 360.6031, 257.9362],
        [494.1885, 298.9065, 520.7158, 342.1725],
        [537.4385, 193.8936, 574.4921, 223.8596],
        [200.6713, 249.4928, 223.0930, 285.4632],
        [495.2480, 247.6806, 526.9129, 267.3058]], device='cuda:0')"
a4318c75-f495-7aba-777d-4240b40045d1.jpg,3,true,"tensor([[380.2675, 223.7290, 503.0582, 323.9890],
        [104.9927, 257.7537, 134.7679, 291.9202],
        [230.9276, 226.2897, 369.8737, 311.7181]], device='cuda:0')"
a24a9e53-11b6-2d60-ddde-5d42fea37155.jpg,1,true,"tensor([[224.6567, 146.5103, 415.0940, 289.7115]], device='cuda:0')"
8b599bb3-6d60-6efa-f45a-6deadfc516ea.jpg,1,true,"tensor([[158.3756, 105.3491, 414.3897, 365.8425]], device='cuda:0')"
dce7c448-8d93-ca7d-b103-fedd0906f002.jpg,6,true,"tensor([[470.9126, 233.5302, 575.0318, 426.4783],
        [ 81.9972, 396.2374, 120.8076, 426.9201],
        [411.9439, 234.0687, 574.7506, 418.7310],
        [145.0847, 229.4564, 531.2761, 393.0630],
        [454.7397, 368.8039, 541.2397, 417.0939],
        [411.4351, 342.0799, 546.6511, 409.6840]], device='cuda:0')"
231521db-f382-702a-046e-a914a60fdbb2.jpg,1,true,"tensor([[122.4585, 171.7833, 574.2602, 392.8301]], device='cuda:0')"
0527ac23-3a2e-7c94-613c-116313402c1e.jpg,1,true,"tensor([[105.6685,  59.7192, 551.6318, 333.3947]], device='cuda:0')"
c884ab9e-f8ea-88fa-5cf3-cea05ba88be9.jpg,1,true,"tensor([[178.2931, 197.7331, 499.4235, 401.5390]], device='cuda:0')"
28d40008-a26c-2107-fae0-6eac7220bbd5.jpg,1,true,"tensor([[122.2218, 127.1846, 383.7878, 267.7513]], device='cuda:0')"
867ad433-4b35-191d-768a-0b37083a31ef.jpg,0,false,"tensor([], device='cuda:0', size=(0, 4))"
12ccc5a7-323a-7428-0729-057ebfd87015.jpg,1,true,"tensor([[105.4187, 118.7697, 525.9923, 425.9807]], device='cuda:0')"
9a69adff-7a11-acb3-a299-9bbfd49e1ba5.jpg,1,true,"tensor([[134.5737, 108.7916, 509.1316, 343.6461]], device='cuda:0')"
cec85362-429a-779f-4aa0-f5cfc7825300.jpg,3,true,"tensor([[279.6911, 160.5123, 474.2155, 258.9926],
        [110.0337, 149.2327, 206.6704, 246.5654],
        [ 82.1809, 169.1707, 108.2556, 246.9057]], device='cuda:0')"
65bccf2d-f9fa-0bbf-097e-05c39cffccf1.jpg,1,true,"tensor([[217.8629, 160.0419, 410.1614, 264.0641]], device='cuda:0')"
52347e5b-cbe3-b0ee-823c-881773138662.jpg,1,true,"tensor([[296.5047,  90.5258, 410.7578, 340.7147]], device='cuda:0')"
b1bf862a-8bb5-fd82-03d3-012d9f4cbe8c.jpg,1,true,"tensor([[126.8435, 136.0418, 530.1500, 406.9117]], device='cuda:0')"
0ade8786-ad12-f06c-3ff2-7b7f3238ed6b.jpg,1,true,"tensor([[247.9362, 193.4734, 324.4119, 264.8080]], device='cuda:0')"
e63b14e8-02d9-01f6-c389-a05a3355993e.jpg,2,true,"tensor([[313.0262, 160.7405, 531.8151, 385.0737],
        [116.6514, 211.6873, 315.3706, 337.0726]], device='cuda:0')"
7a9a037b-7a08-ae20-98e4-462c9ae53007.jpg,1,true,"tensor([[245.6428, 127.8336, 427.2334, 388.3962]], device='cuda:0')"
f69c3a95-cde8-470f-2997-20264cdb71c0.jpg,1,true,"tensor([[255.6491,  82.5119, 445.9683, 426.0437]], device='cuda:0')"
5d1f3f46-ceca-201b-d3a5-c27c4c934428.jpg,1,true,"tensor([[115.7184, 119.7812, 501.7155, 290.5813]], device='cuda:0')"
dd7bc59d-d87b-2437-c633-89f453120c6e.jpg,1,true,"tensor([[170.2548,  68.0560, 567.8151, 363.7726]], device='cuda:0')"
698480a6-355d-cf94-6c75-8a9ad51c7d27.jpg,1,true,"tensor([[118.9388, 177.0377, 521.5039, 424.2553]], device='cuda:0')"
904f1e31-cf71-1a0a-2d75-71432d32d1b5.jpg,1,true,"tensor([[ 98.7195, 106.7622, 455.7084, 341.9017]], device='cuda:0')"
3b43cbd3-29d5-f17e-548f-b80f3870649a.jpg,1,true,"tensor([[212.3858, 113.7503, 514.9030, 369.7806]], device='cuda:0')"
78dafcf9-eb70-5b28-634d-b62b60c69f0f.jpg,2,true,"tensor([[ 82.0130,  88.5466, 182.9686, 314.6488],
        [ 88.9099,  58.3029, 493.7805, 349.6878]], device='cuda:0')"
e9339ed5-a4c7-fd12-eb71-84d8f87d2bba.jpg,1,true,"tensor([[185.0735,  93.4947, 383.1746, 391.1177]], device='cuda:0')"
2de9e2ef-347d-8dc4-53e4-de1cec3515a9.jpg,1,true,"tensor([[209.3186, 142.9610, 364.8701, 257.1913]], device='cuda:0')"
403dd6e6-2364-b656-a8ea-f3cef43b3507.jpg,1,true,"tensor([[161.1325,  86.7829, 513.0754, 341.4449]], device='cuda:0')"
affabfaa-af79-d0d3-25b6-7199640d8b3c.jpg,2,true,"tensor([[553.6767, 142.6208, 574.7958, 228.1814],
        [ 82.0939, 170.3971, 396.4850, 343.7460]], device='cuda:0')"
9267ab2f-8bcb-2999-955f-7d0990870afb.jpg,1,true,"tensor([[220.0033, 105.1787, 474.4166, 260.4226]], device='cuda:0')"
357c18e0-6737-42ec-4232-b9c3fd60757b.jpg,5,true,"tensor([[109.0090, 210.1895, 195.9813, 300.3839],
        [394.0593, 199.6044, 432.7790, 295.8712],
        [330.3723, 182.2531, 412.7177, 295.4021],
        [202.5427, 182.9508, 338.3294, 298.7112],
        [119.3860, 182.7445, 242.3409, 291.7448]], device='cuda:0')"
299f27e4-2938-5738-6297-4f0daf26656f.jpg,1,true,"tensor([[256.7445, 172.4709, 446.6956, 259.0791]], device='cuda:0')"
ca909375-3748-7766-ac5d-b4107940b84d.jpg,1,true,"tensor([[281.9255, 270.4807, 352.0235, 331.6844]], device='cuda:0')"
04242b7d-4f0d-9ef9-d7f7-687258fa3453.jpg,2,true,"tensor([[189.6626,  59.1626, 342.6571, 339.8327],
        [198.9885, 114.9475, 408.2367, 324.7008]], device='cuda:0')"
985ec329-4f54-7e45-ec4a-2bdbe8b555ef.jpg,1,true,"tensor([[409.6629,  71.7753, 548.1941, 382.3678]], device='cuda:0')"
8b577941-2949-7560-99d7-39333f293c91.jpg,1,true,"tensor([[ 82.2925,  58.7094, 500.0568, 305.3714]], device='cuda:0')"
ceeafb27-4ce1-e9aa-7ac5-3a86aa5e513a.jpg,2,true,"tensor([[527.5687,  58.4463, 575.1199, 134.9995],
        [126.4587,  92.6391, 483.5190, 335.3396]], device='cuda:0')"
e0ca5b29-f5a0-bed7-800f-ea10b4b4b08f.jpg,3,true,"tensor([[135.1422,  63.9079, 454.0543, 371.0782],
        [395.0054, 108.1680, 574.6505, 377.6862],
        [ 81.9019, 228.3796,  97.4937, 372.5978]], device='cuda:0')"
a520302a-29e9-8587-850b-7560288de663.jpg,1,true,"tensor([[ 90.0001,  58.5577, 543.0103, 315.7849]], device='cuda:0')"
5e037773-6f9c-de44-cb02-ff3fe427b8db.jpg,1,true,"tensor([[223.2636, 123.3387, 370.5704, 204.5009]], device='cuda:0')"
4bd43350-a219-9007-1384-8eb6b0a2ca8d.jpg,2,true,"tensor([[111.2903, 223.2558, 136.4832, 244.4213],
        [226.3161, 184.6913, 362.2208, 324.3446]], device='cuda:0')"
0b3032b5-ed4f-6a92-b5c5-61453cd4149f.jpg,3,true,"tensor([[533.9327, 132.5211, 575.2333, 168.7720],
        [ 82.3568, 209.0641, 132.7563, 288.7923],
        [119.1979, 208.8824, 391.7173, 340.2606]], device='cuda:0')"
bc07fcc0-a2d9-6723-e20e-0f57dfc892d4.jpg,1,true,"tensor([[ 82.2628,  58.6311, 540.0046, 367.9145]], device='cuda:0')"
116c33ae-4ca1-7692-7659-8aaa4c6dfa10.jpg,3,true,"tensor([[ 82.3139, 172.8926, 143.3568, 254.1956],
        [411.8445, 190.7058, 574.6638, 313.3287],
        [ 98.0660, 131.4292, 496.3804, 283.4444]], device='cuda:0')"
ecbb1f8e-536a-53bc-dc86-82d1c5cd7bdd.jpg,2,true,"tensor([[382.3016, 130.0377, 574.7510, 426.0138],
        [203.7869,  57.9612, 257.4792,  81.2640]], device='cuda:0')"
b4926e21-a78e-4289-144e-1376c337f565.jpg,2,true,"tensor([[348.7051, 133.0335, 456.6733, 266.4174],
        [132.3539,  84.4117, 434.0606, 259.5826]], device='cuda:0')"
ae74ed5c-d31c-e3a4-3c79-e0623dbdd045.jpg,3,true,"tensor([[489.0390, 264.7653, 544.5707, 365.8409],
        [ 82.1667, 252.6312, 115.6604, 321.5700],
        [186.5997, 210.7053, 481.2826, 370.2527]], device='cuda:0')"
3cf0a761-0755-eec5-0539-47d263340877.jpg,1,true,"tensor([[124.0179, 199.6050, 372.9512, 321.8062]], device='cuda:0')"
f495f277-7673-b9cc-caf7-c96da30dfbb7.jpg,2,true,"tensor([[189.1441, 137.2052, 536.8721, 340.3779],
        [ 82.3019, 118.2739, 339.1306, 329.4216]], device='cuda:0')"
51710c12-b7dc-e663-3d86-f795985d218c.jpg,2,true,"tensor([[224.9012, 268.1565, 276.1127, 311.0193],
        [360.0939, 268.8894, 391.6110, 303.3253]], device='cuda:0')"
5f823603-b764-7653-ef2c-8fcf1c17529b.jpg,0,false,"tensor([], device='cuda:0', size=(0, 4))"
9159c00e-c1cc-8354-9a49-ea993afddb6f.jpg,1,true,"tensor([[180.5006,  61.3356, 544.6495, 322.8681]], device='cuda:0')"
073d40e3-1b6e-f4e3-4396-88b303bec158.jpg,1,true,"tensor([[249.3639, 178.6378, 369.7569, 359.2428]], device='cuda:0')"
70ce66ba-6dae-f0c8-dab5-89b00443ca0b.jpg,1,true,"tensor([[190.3785, 191.7497, 332.0366, 330.1454]], device='cuda:0')"
69a5e4c5-9ce3-18f8-abad-f14664e51cbf.jpg,2,true,"tensor([[387.5063, 196.2498, 551.6346, 358.1256],
        [146.9306, 166.6929, 249.5145, 369.0043]], device='cuda:0')"
f723e0ce-7a75-8f4b-be00-c6fbac546e68.jpg,5,true,"tensor([[511.5119, 143.6583, 536.8470, 158.0912],
        [ 82.8431,  80.7120, 270.4281, 382.8754],
        [ 82.0538,  79.8506, 271.0267, 264.8329],
        [113.6238, 105.1482, 459.0440, 396.9488],
        [438.8610, 144.0238, 461.4640, 156.2082]], device='cuda:0')"
74627961-f275-71f2-e51c-32a803ddd9b8.jpg,3,true,"tensor([[249.5405, 112.6344, 262.7206, 129.6293],
        [117.9168,  58.9820, 494.8824, 374.8881],
        [345.8341, 142.4024, 359.8911, 156.5933]], device='cuda:0')"
72cc7b21-5677-cb48-3083-c3e74ab4fbc4.jpg,3,true,"tensor([[ 82.5269, 118.3039, 160.5726, 354.4297],
        [134.9725,  77.8336, 497.6416, 399.6472],
        [255.3902, 121.8737, 508.8559, 314.7507]], device='cuda:0')"
7fcf02f9-cf5a-2832-75f7-fcd229a3ed5c.jpg,2,true,"tensor([[411.7131,  58.6512, 574.6990, 388.0076],
        [121.0411,  65.1595, 432.4764, 386.4046]], device='cuda:0')"
ac86da04-a09d-926a-3ec9-4966989e9cc8.jpg,6,true,"tensor([[336.8011, 197.2681, 451.3393, 296.4661],
        [390.6384, 202.3218, 473.5597, 290.6417],
        [247.9374, 213.8882, 284.7538, 275.8899],
        [180.6027, 213.7849, 263.9406, 287.2547],
        [280.4154, 203.1386, 330.1896, 289.0334],
        [193.3918, 202.8974, 253.9976, 272.7058]], device='cuda:0')"
26bd41d5-b3af-3243-adc4-ca7548b2f97f.jpg,5,true,"tensor([[486.2534, 183.8697, 574.7241, 285.5714],
        [ 82.4381, 177.7253, 103.9430, 246.6158],
        [340.0303, 188.8638, 496.8663, 291.8009],
        [221.2180, 171.4075, 429.4378, 293.4219],
        [238.7612, 173.0174, 413.4045, 299.0120]], device='cuda:0')"
4b5539f2-64e8-64e6-cd0a-beb1ef75504e.jpg,1,true,"tensor([[246.8562, 175.3813, 417.8719, 384.2735]], device='cuda:0')"
a944ee2d-8f0f-f3e9-0dc0-b43f0e15bbcf.jpg,1,true,"tensor([[295.2835, 255.4688, 328.4277, 271.0284]], device='cuda:0')"
aa4eaf05-031a-9110-9699-fd34fda9aff9.jpg,6,true,"tensor([[499.6701, 273.6711, 512.7728, 290.1351],
        [ 99.6997, 258.4825, 118.8558, 271.7044],
        [356.0698, 267.0358, 364.9876, 282.2718],
        [472.0165, 277.5281, 490.7426, 295.2090],
        [331.3829, 268.3513, 353.1402, 281.1465],
        [449.1442, 278.6025, 461.5643, 302.5993]], device='cuda:0')"
45cf5963-4e5c-e7fa-9335-a21324e53c70.jpg,2,true,"tensor([[277.4346, 118.6017, 496.6117, 235.3310],
        [109.8555, 130.8160, 354.5700, 234.9047]], device='cuda:0')"
edeb4955-2202-2acb-65a7-22dae9452aa3.jpg,3,true,"tensor([[373.0625,  60.2795, 574.8933, 259.1001],
        [138.9241,  61.0181, 464.3115, 305.8749],
        [ 82.1854,  68.1625, 316.1181, 286.6693]], device='cuda:0')"
1e988e5b-fb78-3338-2dac-64a46b4d6496.jpg,2,true,"tensor([[128.5504, 121.7456, 342.3047, 283.2460],
        [184.9230,  74.0831, 404.8744, 287.1814]], device='cuda:0')"
544670a7-a3ac-e33f-4e91-b816758184e1.jpg,2,true,"tensor([[ 81.9806, 134.1468, 172.4100, 249.1475],
        [225.1914, 140.3463, 470.4547, 248.7417]], device='cuda:0')"
c59ed837-a6f8-6854-fa88-a94bb8ac3a8d.jpg,1,true,"tensor([[184.6337,  58.0808, 574.3763, 426.4928]], device='cuda:0')"
e23eb5a1-d364-a80d-0d79-81382d5d624a.jpg,2,true,"tensor([[111.4575, 165.8238, 300.6373, 264.4706],
        [199.4279, 134.9373, 501.6793, 264.6136]], device='cuda:0')"
cbf1b344-9b2f-c281-54bb-7113ae2a5c5a.jpg,5,true,"tensor([[147.7168, 236.0488, 230.5666, 354.1922],
        [501.1556, 205.5220, 574.9437, 312.7439],
        [ 81.9077, 243.7925, 144.3378, 374.7068],
        [ 82.5319, 199.4150, 117.9955, 283.5788],
        [214.6137, 210.1362, 436.6650, 312.7632]], device='cuda:0')"
0c68daa4-d72d-adfd-cd03-03ef4c848cb5.jpg,7,true,"tensor([[505.5655, 111.6521, 519.8025, 122.8168],
        [ 85.4660,  81.9956,  99.6505,  93.6003],
        [503.4979, 120.8496, 521.8846, 151.2400],
        [190.8775,  85.9214, 202.1073,  98.3154],
        [143.9873,  78.0430, 161.6129,  95.5428],
        [443.3047,  98.1671, 461.4551, 112.9174],
        [300.8447, 100.6003, 503.0366, 426.7294]], device='cuda:0')"
1772ffaf-a8bf-b512-86cb-bbd46a283f68.jpg,1,true,"tensor([[ 81.9342, 107.1981, 541.2491, 399.3225]], device='cuda:0')"
ce1accaa-383c-14f9-b0b5-7c716d36dbcd.jpg,2,true,"tensor([[526.5806,  82.0064, 558.8021, 106.1739],
        [ 82.5921, 196.8755, 506.2527, 426.1541]], device='cuda:0')"
f1cbe645-5e30-2842-5330-84c98343c4e6.jpg,2,true,"tensor([[ 82.3298,  60.9858, 149.3628, 239.9175],
        [137.6432,  77.1668, 449.5810, 314.6538]], device='cuda:0')"
70c47847-0d32-cc15-f352-756baca18ae9.jpg,3,true,"tensor([[506.2778,  88.2020, 575.0417, 153.0705],
        [ 82.8611,  83.1092, 532.0852, 338.6343],
        [369.4315,  85.7807, 484.1901, 131.3214]], device='cuda:0')"
869fbfcb-206b-a261-fd31-f7f894987855.jpg,4,true,"tensor([[122.4446, 133.9599, 458.1436, 354.0400],
        [ 81.8505, 143.2571, 107.5006, 238.7263],
        [197.3154, 163.0649, 539.2085, 362.1155],
        [289.3339,  88.8865, 333.6579, 113.4447]], device='cuda:0')"
c8d7fc6f-26f2-1eb8-3962-a88197418e91.jpg,7,true,"tensor([[271.7216, 244.3248, 284.1877, 270.3934],
        [440.4965, 199.3584, 500.9774, 296.2282],
        [193.1159, 233.3034, 251.0056, 296.4271],
        [127.0147, 189.2248, 260.3122, 284.9596],
        [286.8076, 240.7983, 303.7162, 271.3140],
        [286.7147, 240.4564, 315.3922, 273.4464],
        [423.4057, 204.1859, 453.8831, 290.9445]], device='cuda:0')"
1ac922be-0eab-fccb-94ac-634b1c292491.jpg,3,true,"tensor([[ 81.9868, 112.2720, 153.4915, 359.9425],
        [134.6028, 152.8544, 187.5469, 242.6856],
        [168.0500, 110.7703, 549.3380, 368.8027]], device='cuda:0')"
a8deca8e-f1e1-9589-8ebb-55806d542017.jpg,2,true,"tensor([[501.8402, 183.8181, 574.8242, 316.6451],
        [203.4107, 194.3301, 416.1857, 340.8237]], device='cuda:0')"
ed57c2db-015c-f699-cd64-ad98bfdf8cdc.jpg,3,true,"tensor([[ 82.0046, 157.3790, 236.1043, 328.3645],
        [ 81.9567, 146.6981, 190.7522, 319.2518],
        [170.7325, 155.5340, 448.2044, 345.5289]], device='cuda:0')"
83792258-bbd8-9c76-4e61-b2a095999654.jpg,1,true,"tensor([[167.0517, 131.0071, 443.1548, 390.7896]], device='cuda:0')"
88e1587c-283a-0822-32ab-d9eb6d5eae71.jpg,2,true,"tensor([[366.6209, 133.7767, 468.7603, 326.6574],
        [122.7858, 101.3878, 360.1884, 327.1185]], device='cuda:0')"
ec9771e6-5c45-550d-9d95-4a8fe6a0175a.jpg,2,true,"tensor([[163.9753,  94.6078, 410.8688, 377.9218],
        [526.8121,  80.6543, 574.9106, 310.7678]], device='cuda:0')"
9cea8e11-7ee9-950f-a36f-bfb505d3ffb4.jpg,1,true,"tensor([[221.7534, 164.9144, 401.9809, 352.1041]], device='cuda:0')"
56af5cca-fa48-77e0-6b80-a71d6aad4a8f.jpg,4,true,"tensor([[412.9855, 249.6999, 515.1586, 357.2401],
        [451.1752, 274.7839, 574.2427, 346.3096],
        [155.1938, 285.9029, 285.1357, 356.5229],
        [261.6852, 280.1602, 404.7467, 349.0753]], device='cuda:0')"
28c0ebf5-758d-3c46-270f-289d8d13e55a.jpg,2,true,"tensor([[175.3549, 222.3441, 290.1096, 342.1003],
        [269.1809, 215.0347, 395.1314, 340.3685]], device='cuda:0')"
590954d7-042b-31dd-ff6f-47c597befccf.jpg,5,true,"tensor([[ 82.1864, 130.6011,  89.6097, 143.5213],
        [178.7809,  93.8772, 186.8390, 102.5733],
        [212.6052, 145.2297, 484.7361, 338.9774],
        [325.2901, 111.7235, 335.8965, 124.8784],
        [178.5398, 134.7049, 191.9784, 147.3269]], device='cuda:0')"
6603c05c-01e8-425d-ea42-b341018b2e19.jpg,6,true,"tensor([[389.2781, 170.3406, 395.5747, 179.6669],
        [328.2349, 204.7186, 554.6271, 394.8964],
        [110.3480, 209.6238, 375.9195, 403.7453],
        [249.9446, 179.0979, 256.1078, 187.4968],
        [ 82.1085, 238.4673, 101.2161, 254.8249],
        [476.8578, 163.4529, 484.2108, 170.5213]], device='cuda:0')"
d6dbbe5e-9d3a-fb0b-4fe1-975d5622ce92.jpg,2,true,"tensor([[533.5570, 204.3947, 575.2210, 354.5061],
        [135.2655, 138.0700, 511.2933, 364.6791]], device='cuda:0')"
3b6fc606-b65c-366c-3890-27c16293a9a8.jpg,7,true,"tensor([[412.8213, 277.4257, 509.3555, 333.5222],
        [246.2936, 266.4320, 306.6075, 314.1668],
        [254.7258, 278.6689, 323.7970, 314.2489],
        [521.9597, 272.4386, 575.4813, 338.0804],
        [203.2245, 282.2991, 245.3761, 306.7746],
        [342.9204, 275.3547, 417.1621, 308.3669],
        [182.8831, 266.9342, 253.8916, 288.7672]], device='cuda:0')"
7f419b9b-ffdf-e4bd-b3f0-44011c53bd7f.jpg,3,true,"tensor([[485.8553, 100.9441, 574.7964, 326.9882],
        [ 82.1602, 154.9839, 126.9440, 263.5902],
        [137.6343, 163.0808, 411.5574, 380.5556]], device='cuda:0')"
45014e56-6fd6-152e-af9c-3a48a35eea57.jpg,1,true,"tensor([[184.1115, 170.1091, 513.1686, 381.9989]], device='cuda:0')"
ab37abc1-7d3a-a7db-8056-86e99e29b3c0.jpg,2,true,"tensor([[ 82.4248,  58.2919, 272.7451, 301.6118],
        [ 83.1499,  58.3971, 460.0787, 389.4245]], device='cuda:0')"
dfc17c81-5e09-358c-7144-9748d1fe6916.jpg,1,true,"tensor([[233.6652, 129.9217, 511.8510, 373.9025]], device='cuda:0')"
f44885bf-5d93-a064-eb99-806bb6c39ce5.jpg,3,true,"tensor([[551.1450, 164.4635, 574.9774, 220.0672],
        [152.7215, 133.7284, 297.5361, 201.4976],
        [202.1036, 193.5897, 384.1635, 344.2839]], device='cuda:0')"
b604c855-04fb-b338-4606-49c2a3fc2f9a.jpg,5,true,"tensor([[569.2139,  62.8204, 575.2360, 110.7662],
        [469.7858, 171.0285, 574.9279, 426.2990],
        [ 82.3763, 176.5134,  99.0709, 318.1778],
        [277.3251,  61.8141, 450.1183, 358.5094],
        [282.1335,  58.4619, 322.6375, 187.2216]], device='cuda:0')"
333a0204-44b1-11e0-4d99-1a2b9563e05c.jpg,1,true,"tensor([[ 82.6012, 125.7191, 453.3756, 412.9109]], device='cuda:0')"
3b3d7061-6832-842f-6e39-28d78f1e6d47.jpg,1,true,"tensor([[ 82.8207, 111.5024, 416.9002, 265.2526]], device='cuda:0')"
7d690143-6c2a-1819-e747-aa33e35816ac.jpg,1,true,"tensor([[262.0266, 167.1056, 429.0200, 369.3283]], device='cuda:0')"
f245b8bb-b6a0-2611-3180-4eb9c5ffa2cf.jpg,1,true,"tensor([[113.5471, 127.2832, 483.5258, 301.9943]], device='cuda:0')"
0ac78602-a685-0173-38e2-6ce8f21b7a21.jpg,1,true,"tensor([[234.0520, 155.4465, 410.7971, 231.2128]], device='cuda:0')"
6e66b237-9453-ea05-7428-c0a3fad35d88.jpg,2,true,"tensor([[185.4175, 113.2967, 322.0669, 424.4289],
        [350.3635, 148.2877, 395.2842, 209.5790]], device='cuda:0')"
258db733-a036-33c5-2f0e-6e5c5cc2e205.jpg,1,true,"tensor([[169.2136, 138.3399, 528.6141, 345.6732]], device='cuda:0')"
10100610-5a3c-f630-9c0a-c0db34491746.jpg,1,true,"tensor([[189.1667,  58.3140, 376.9974, 426.7335]], device='cuda:0')"
7b3fb93b-3e25-25d9-2262-f76b4eeff1bf.jpg,1,true,"tensor([[170.2189, 118.3911, 525.3901, 347.4414]], device='cuda:0')"
3a011553-f346-27ac-e2fb-800760ab77b9.jpg,2,true,"tensor([[308.5396,  98.1698, 546.4341, 315.2731],
        [103.5530, 132.3416, 298.6870, 346.5283]], device='cuda:0')"
e6510d3f-4c30-0520-ce2b-a81254a26561.jpg,2,true,"tensor([[515.8381, 266.2190, 555.5426, 331.4897],
        [181.6916, 117.0739, 413.7796, 375.4714]], device='cuda:0')"
cd7976e9-4e7c-51cf-bfbc-62053e780d55.jpg,2,true,"tensor([[ 82.1495, 216.3972, 122.5893, 265.6469],
        [310.7293, 221.8462, 440.6391, 296.7123]], device='cuda:0')"
ffb3a276-c086-025e-c075-33d66db69f85.jpg,2,true,"tensor([[470.7635, 189.3972, 544.5076, 247.9914],
        [172.5549, 121.0292, 477.1329, 348.7260]], device='cuda:0')"
8ed3362a-6437-5d77-7451-cc42641b5f3b.jpg,3,true,"tensor([[ 82.6481,  98.6768, 478.3533, 331.3456],
        [211.3825,  58.8919, 337.4893, 118.0222],
        [336.3952,  71.9039, 372.4063,  99.5969]], device='cuda:0')"
93b0ac2e-46e7-fa86-567e-50cdb5e19ef8.jpg,1,true,"tensor([[125.9350, 131.3833, 552.0733, 412.0786]], device='cuda:0')"
9d8386df-4aa9-0e25-1e00-df08f39bc690.jpg,1,true,"tensor([[131.6413, 109.8916, 543.9254, 326.4195]], device='cuda:0')"
dc7d609d-3aa1-5859-5f81-ef522bbce0a6.jpg,1,true,"tensor([[145.2698, 107.4297, 494.2303, 351.2503]], device='cuda:0')"
6c53cbb0-0a53-be87-2640-86af23d58e69.jpg,2,true,"tensor([[103.3783, 110.6853, 561.1310, 407.0973],
        [ 82.5590, 112.1842, 296.6865, 300.6973]], device='cuda:0')"
2473e686-c8c2-b454-e268-7d77f844fb37.jpg,3,true,"tensor([[505.3847, 221.3468, 558.0419, 288.5529],
        [461.8323, 233.9613, 504.0420, 285.7848],
        [335.7702, 218.3954, 402.9548, 283.6353]], device='cuda:0')"
e4ae7448-d1af-4931-b530-ba3c97620341.jpg,1,true,"tensor([[120.8169, 141.1035, 462.8472, 284.4755]], device='cuda:0')"
a5b3524f-265e-dda9-282b-ff91b5b4b875.jpg,1,true,"tensor([[173.1373,  76.6689, 541.8109, 333.2901]], device='cuda:0')"
b6c04100-441e-0906-8b05-a14413b4ffef.jpg,5,true,"tensor([[464.2189, 276.2272, 518.9916, 312.8086],
        [276.6075, 266.5664, 327.0224, 290.5788],
        [390.8142, 271.7823, 426.8744, 307.9389],
        [288.5018, 275.3470, 345.9802, 309.2827],
        [462.0617, 276.8400, 484.6028, 305.5417]], device='cuda:0')"
ae99588e-fcf7-7797-bbe8-2100962a40cf.jpg,2,true,"tensor([[ 82.3298,  96.8911, 303.1474, 286.6262],
        [150.5327,  83.1809, 452.2582, 292.9644]], device='cuda:0')"
8e273257-a7f0-5e65-6336-7ec2f4edce7e.jpg,1,true,"tensor([[280.4056, 236.8568, 353.0864, 415.3478]], device='cuda:0')"
359c6bec-3ab9-edd1-e989-2aa9f514fe1e.jpg,3,true,"tensor([[524.9574, 348.2899, 575.2222, 426.5066],
        [ 82.2291, 270.9170, 165.2969, 413.2906],
        [147.9826, 179.5094, 466.7618, 340.4816]], device='cuda:0')"
63320b82-d04c-2d0d-f5e4-b761ab9e73d5.jpg,1,true,"tensor([[ 82.3085, 186.3719, 462.9767, 337.5491]], device='cuda:0')"
4d272b5d-14dc-bd9a-8ca2-2656c7a16acc.jpg,6,true,"tensor([[403.2617, 169.5597, 513.2281, 336.7823],
        [480.4047, 194.1468, 544.8083, 336.5175],
        [114.7224, 192.6630, 287.4758, 336.4444],
        [369.9443, 187.4898, 452.1873, 326.9286],
        [197.5351, 171.3128, 395.6588, 337.2033],
        [121.5504, 230.3402, 262.9182, 340.0678]], device='cuda:0')"
f6ad6bca-9483-1bd0-f6a8-113b7ed84dc8.jpg,4,true,"tensor([[369.8263, 221.2133, 506.2773, 296.6580],
        [ 84.4477, 220.1165, 192.4176, 282.9662],
        [257.8940,  97.3245, 266.7431, 107.5948],
        [260.6784, 213.1006, 369.4086, 293.6898]], device='cuda:0')"
119c905a-7d12-3567-14d2-70519fe636c4.jpg,1,true,"tensor([[ 82.7020,  58.5131, 482.1950, 339.7083]], device='cuda:0')"
553103ca-3094-764e-a155-344b529f5d94.jpg,9,true,"tensor([[198.5453, 294.8955, 315.9979, 344.0745],
        [ 82.3247, 106.9511, 148.3662, 232.6971],
        [285.0971, 112.3052, 403.2840, 233.7619],
        [449.9977, 176.1668, 575.1115, 242.7153],
        [337.9165, 274.6963, 399.1455, 313.1510],
        [348.9236, 171.0492, 446.4882, 242.2723],
        [348.2116, 111.4679, 445.5362, 242.2580],
        [329.0446, 290.9508, 455.8330, 356.5240],
        [131.8945, 103.2448, 246.9275, 232.8246]], device='cuda:0')"
d3feea88-e685-591f-eef4-541156641dfe.jpg,1,true,"tensor([[156.4884,  58.5098, 531.7557, 248.6245]], device='cuda:0')"
ad194434-c103-f552-ea2e-32eea5991a22.jpg,3,true,"tensor([[ 82.1416, 145.1808, 307.5802, 394.2887],
        [154.2427, 137.1312, 465.6812, 399.2578],
        [325.4283,  92.0659, 351.6246, 107.5181]], device='cuda:0')"
310df3d1-49fc-fc59-9f70-26b4eaa9a964.jpg,3,true,"tensor([[475.3531, 148.4088, 518.0773, 270.0971],
        [517.4282, 157.9691, 574.7146, 283.8110],
        [105.3448,  97.8141, 490.0473, 415.4753]], device='cuda:0')"
5fddf18b-84c3-877c-1d15-44ed45c8db43.jpg,1,true,"tensor([[ 83.1470, 112.4239, 496.3633, 361.9955]], device='cuda:0')"
95e6d8f3-b133-5be2-342b-c851ee175b1c.jpg,3,true,"tensor([[116.4962, 100.4196, 566.3776, 352.5208],
        [ 82.1622, 145.5019, 174.0502, 245.7924],
        [461.7912, 196.5777, 492.1036, 244.4613]], device='cuda:0')"
cc910388-1242-ae6f-e122-16029611228c.jpg,2,true,"tensor([[510.2362, 155.3113, 575.0482, 312.4071],
        [177.8814, 150.3361, 493.0045, 323.3084]], device='cuda:0')"
c7b48d16-a00b-4cfc-f70d-9e43300de3b2.jpg,1,true,"tensor([[184.8326,  97.0602, 527.3070, 284.5613]], device='cuda:0')"
06e9f83c-9ea3-d70e-3c08-0a577cfcaeb8.jpg,1,true,"tensor([[139.3724, 122.3753, 502.0765, 370.9092]], device='cuda:0')"
36624f95-7ad3-253f-80ee-89da24d3344c.jpg,1,true,"tensor([[241.6905, 145.1047, 432.6006, 345.5793]], device='cuda:0')"
29a8eaf0-3a2f-324c-0813-11946598cf46.jpg,5,true,"tensor([[537.3918, 277.8361, 575.5877, 309.1509],
        [105.5392, 287.2908, 141.5698, 305.1820],
        [407.7342, 280.8139, 463.0438, 314.9005],
        [274.4597, 285.3601, 323.2944, 313.0202],
        [525.4783, 285.7026, 539.9258, 309.8206]], device='cuda:0')"
5c06527a-c0b2-6ffd-971f-edfcd8e8b974.jpg,2,true,"tensor([[398.8116, 126.3337, 453.0078, 187.8773],
        [192.6564,  84.1321, 352.4429, 378.9526]], device='cuda:0')"
e806fd25-a75a-71bc-b224-2a89b748b7aa.jpg,1,true,"tensor([[ 82.3876,  85.6840, 513.7231, 425.4026]], device='cuda:0')"
c7a2ba56-32c7-b89a-b2b7-88dfb3f1a858.jpg,0,false,"tensor([], device='cuda:0', size=(0, 4))"
a17643bc-f47c-68d1-3f91-1937b5421111.jpg,2,true,"tensor([[509.3478, 149.2581, 575.0355, 394.9900],
        [ 98.9685, 119.6292, 523.4335, 425.7072]], device='cuda:0')"
02dd8b85-612e-4377-91ec-ea9288df547f.jpg,1,true,"tensor([[142.8648, 153.9781, 430.0953, 371.4279]], device='cuda:0')"
f56f5d81-bdf7-b6fa-076c-702de26eb51b.jpg,1,true,"tensor([[238.0166, 216.0101, 511.0840, 418.7354]], device='cuda:0')"
1f7bf4e7-0069-e8a3-4a4d-4cab259dee17.jpg,1,true,"tensor([[213.4315, 140.2211, 542.4099, 335.6505]], device='cuda:0')"
899b6475-351b-f700-ac6c-7d551834c09b.jpg,1,true,"tensor([[146.3183, 155.9802, 523.1648, 353.9193]], device='cuda:0')"
7a2df662-7472-01ab-f793-87dd5b9b67f2.jpg,2,true,"tensor([[485.7292, 175.8326, 574.8933, 335.3235],
        [166.5406, 142.3648, 510.0330, 354.3918]], device='cuda:0')"
797a3fd4-4604-c3e6-af0d-0979319f8aa4.jpg,1,true,"tensor([[ 83.9419, 149.8471, 435.6025, 347.1940]], device='cuda:0')"
fcda4127-e23b-10fc-5019-52079d820a0e.jpg,1,true,"tensor([[ 82.1493, 152.4489, 523.7629, 394.6346]], device='cuda:0')"
feebb066-daa3-d962-106b-4562d44b9dff.jpg,4,true,"tensor([[454.2076, 196.9957, 574.9698, 325.5318],
        [501.6825, 197.4175, 574.9741, 325.2251],
        [ 82.2044, 222.4190,  96.7693, 230.9535],
        [202.6663, 183.8706, 511.2171, 326.5517]], device='cuda:0')"
0db2b77b-4351-a7a1-f44e-8f9d5c62ce99.jpg,2,true,"tensor([[ 82.2120,  91.9496, 323.5596, 370.7662],
        [143.5210,  58.7874, 448.2639, 376.0302]], device='cuda:0')"
6b7957f3-4353-e77c-f9e9-a8c1626dee34.jpg,5,true,"tensor([[467.1854, 138.6779, 477.7633, 145.4748],
        [140.5426, 116.3114, 169.3192, 146.2604],
        [197.6805, 148.0790, 569.4081, 379.2587],
        [568.9910, 142.5013, 574.7622, 152.2097],
        [350.4842, 135.4379, 367.0193, 143.5035]], device='cuda:0')"
f1087cd9-8c85-5fe6-64fb-18a24d3fd237.jpg,1,true,"tensor([[114.8652,  80.4433, 415.0953, 274.3643]], device='cuda:0')"
65067e15-8ebb-a452-532d-8d13ca88bc00.jpg,3,true,"tensor([[328.3347, 168.3493, 524.1599, 339.1407],
        [500.7648, 211.8294, 574.9470, 299.1187],
        [156.8008, 138.0314, 322.3434, 346.2010]], device='cuda:0')"
bfec33ea-aa30-7e26-a76b-6a038a351635.jpg,2,true,"tensor([[505.0642, 300.5796, 574.7071, 378.1507],
        [129.9075, 195.4083, 472.7091, 349.2380]], device='cuda:0')"
e6d9ea9d-3597-e285-bffc-cfbf02bc51a3.jpg,2,true,"tensor([[333.4225, 138.0227, 499.2368, 308.8546],
        [155.4599, 107.6791, 250.9957, 311.9681]], device='cuda:0')"
264d96f1-8184-e65e-f668-dc61cdaed37c.jpg,7,true,"tensor([[234.7821, 136.0997, 254.0934, 159.0503],
        [ 81.9612,  58.2365, 118.5860,  80.0375],
        [253.1273, 145.1512, 280.9985, 174.9308],
        [ 96.9187, 100.1863, 547.4603, 368.1812],
        [335.2983, 224.3523, 518.3479, 343.9065],
        [285.3156,  90.2548, 372.9591, 172.6676],
        [285.0522,  98.5382, 521.2038, 344.3056]], device='cuda:0')"
ffb9eb4b-f8df-c416-8454-560f011da052.jpg,4,true,"tensor([[400.8664,  62.2017, 414.5661,  79.4366],
        [406.8491, 129.9349, 574.6404, 260.9386],
        [182.1608, 132.7465, 480.1117, 302.9509],
        [323.4820,  65.2821, 342.3797,  85.3221]], device='cuda:0')"
bf095c66-fb52-e1b1-1956-bf7fe862013c.jpg,1,true,"tensor([[145.6320,  76.5814, 517.8289, 258.9057]], device='cuda:0')"
28dc6c18-04e5-e6ce-0b0f-d8ed223deb28.jpg,1,true,"tensor([[114.1709, 150.1775, 507.5356, 375.1757]], device='cuda:0')"
2c8891a0-89b4-6523-e4bb-8dfa81b16432.jpg,1,true,"tensor([[237.0774,  83.4619, 402.0859, 325.3198]], device='cuda:0')"
23e0c69f-1a7e-ae5e-930d-20a22fff67b9.jpg,4,true,"tensor([[529.7998, 167.6358, 574.8508, 324.6657],
        [ 82.0859, 167.7740, 134.4432, 293.4214],
        [134.7497, 168.2252, 463.0869, 360.9683],
        [373.6910, 143.6000, 387.8271, 157.9205]], device='cuda:0')"
d96846c9-d4d5-6c03-9de7-3284e7636e39.jpg,3,true,"tensor([[336.5842, 216.1304, 456.8579, 365.6196],
        [217.0798, 219.6990, 352.6421, 335.2366],
        [125.3562, 239.7218, 207.7387, 320.9934]], device='cuda:0')"
f020b8a9-22a7-b496-1659-9413dce80196.jpg,3,true,"tensor([[415.6154, 219.4299, 428.3780, 233.7501],
        [ 82.3388, 165.5805, 158.9436, 319.6344],
        [154.0195, 172.9900, 358.8920, 311.4036]], device='cuda:0')"
24ae5111-17d5-1bcb-722a-f29fa3cc2dea.jpg,1,true,"tensor([[ 82.2475, 117.4310, 516.9323, 340.2148]], device='cuda:0')"
f3a5073b-43a7-392b-0f60-d740608a621d.jpg,1,true,"tensor([[133.0285, 163.3488, 456.9855, 317.0794]], device='cuda:0')"
2895d9e8-5251-da20-b013-0660b2c55fe6.jpg,2,true,"tensor([[ 82.6582,  58.7731, 568.2579, 314.9783],
        [113.6729,  66.9866, 529.1024, 332.8980]], device='cuda:0')"
a4b2a1d9-fded-f6d1-e428-dfa63daf8083.jpg,2,true,"tensor([[189.0369, 255.8450, 326.2716, 422.4434],
        [258.6342, 122.3175, 336.9724, 338.1845]], device='cuda:0')"
f729d9b5-874a-607f-69b9-f8ea03c2f4c4.jpg,1,true,"tensor([[ 84.0814, 107.9803, 560.5293, 381.1064]], device='cuda:0')"
f0c0d71c-6a72-3f40-1178-1177767c739d.jpg,2,true,"tensor([[273.0077, 238.3496, 502.4054, 391.0667],
        [ 82.0879, 234.5938, 257.8133, 382.5150]], device='cuda:0')"
372fe9dd-64ac-f4ca-cc68-5095b4108796.jpg,2,true,"tensor([[139.0307, 127.9901, 400.7592, 388.7832],
        [270.6749, 215.7884, 392.4964, 283.5721]], device='cuda:0')"
ec2977fd-ac66-315b-f18e-f845d116dbc2.jpg,7,true,"tensor([[502.1674,  68.3273, 572.7983,  94.2601],
        [473.5078, 134.3807, 575.0927, 317.2608],
        [119.4744,  58.3807, 168.1667,  79.2460],
        [163.5393,  58.3623, 207.9792,  79.8303],
        [ 82.7827,  94.0804, 513.0577, 319.5952],
        [397.2034,  65.5334, 437.4359,  89.6804],
        [312.3370,  58.8102, 363.9448,  86.9962]], device='cuda:0')"
317e89eb-c893-2932-3807-613ced5bb184.jpg,2,true,"tensor([[488.4259, 156.7010, 526.5428, 186.7947],
        [115.2947, 112.6730, 515.3038, 403.1358]], device='cuda:0')"
a121fbde-b937-5ff0-3f3c-c500aa2b96b2.jpg,1,true,"tensor([[205.7179, 172.3095, 523.9383, 325.4171]], device='cuda:0')"
20e96bc3-1f02-73d7-d6ef-98ef1079287b.jpg,1,true,"tensor([[209.0491, 184.8781, 429.8332, 322.3373]], device='cuda:0')"
5858ea9b-ca20-d01f-4a97-b523d18ed1b9.jpg,2,true,"tensor([[288.6499, 112.1163, 514.8430, 373.6671],
        [153.7940, 142.0132, 477.1897, 381.1783]], device='cuda:0')"
91204115-1635-874a-f24f-5f5221507f00.jpg,1,true,"tensor([[196.6384, 112.5610, 448.2450, 352.7505]], device='cuda:0')"
da7a391c-9391-6bd0-c720-b9f9ebf9bae3.jpg,2,true,"tensor([[103.7372, 147.9414, 526.5270, 391.6955],
        [320.9509,  82.1648, 339.4256,  98.8940]], device='cuda:0')"
5c0295b6-93ae-2768-6ea3-d91e8f51be52.jpg,1,true,"tensor([[355.4321, 224.1677, 559.1868, 357.2349]], device='cuda:0')"
4f7f691d-723b-3b66-b08e-56afcc8cd1fd.jpg,1,true,"tensor([[261.0573, 167.2272, 354.0580, 386.9071]], device='cuda:0')"
1a307a96-cc03-db7e-d6ad-05577b7d4ee1.jpg,3,true,"tensor([[343.9566, 272.3788, 574.6534, 420.2449],
        [ 82.0082, 195.8756, 195.0990, 403.5021],
        [178.4302, 184.2973, 518.4984, 331.1862]], device='cuda:0')"
4368bca1-dfb1-3c59-e39e-b80d315960ff.jpg,3,true,"tensor([[385.1132, 125.7587, 565.4924, 261.4568],
        [522.8362, 152.7413, 574.5539, 242.3567],
        [157.6343, 126.7476, 300.9688, 251.3528]], device='cuda:0')"
e474de4d-d28c-19ca-a713-3177452f751b.jpg,1,true,"tensor([[113.4827, 126.8060, 455.5914, 332.8435]], device='cuda:0')"
9a602490-8757-8312-af8c-6bf56db1a60d.jpg,4,true,"tensor([[102.5188, 139.4898, 320.3666, 298.1304],
        [ 82.1808, 128.3655, 240.5820, 291.2391],
        [304.7536, 142.5971, 472.4613, 289.5178],
        [185.3876, 162.6942, 462.3425, 299.4381]], device='cuda:0')"
2d3ad41d-2d24-4bd0-acdf-d0b30c3ca63c.jpg,2,true,"tensor([[403.2950, 124.7721, 574.6924, 247.5641],
        [155.0578, 150.6333, 308.2517, 266.4265]], device='cuda:0')"
f8930a7a-94ba-692a-6661-361859a5a7a0.jpg,3,true,"tensor([[463.3420,  58.3214, 549.0215,  86.4059],
        [143.4051,  58.6024, 429.5873, 300.6469],
        [385.2629,  58.3039, 424.6368,  79.9022]], device='cuda:0')"
56d52929-f003-e8d4-660f-380edb70850d.jpg,4,true,"tensor([[114.1309, 115.2852, 423.7180, 342.7724],
        [552.3853, 243.2232, 574.9677, 362.8282],
        [435.7493,  97.6101, 472.1203, 142.6159],
        [142.6121, 116.4336, 542.9760, 338.2234]], device='cuda:0')"
b58a8267-235f-1b4c-f6f4-e5f7666c304e.jpg,3,true,"tensor([[ 82.3210, 174.3530, 219.3290, 345.5983],
        [410.2867,  58.0245, 574.6427, 274.4323],
        [ 85.8826,  88.8194, 445.6845, 327.7037]], device='cuda:0')"
46789f1f-4ebd-9512-3d03-e76ed34732e0.jpg,2,true,"tensor([[ 82.3525, 245.2370, 142.6138, 356.1484],
        [111.1149, 240.7936, 440.1475, 425.9720]], device='cuda:0')"
7614fb36-1b14-c3c8-bd5c-e6cc868c60af.jpg,2,true,"tensor([[364.9713, 201.1342, 478.4324, 367.7430],
        [167.9655,  99.4948, 445.8950, 390.6182]], device='cuda:0')"
8305e150-4833-1211-e9be-3bb268971a16.jpg,6,true,"tensor([[200.4667, 234.8090, 276.0173, 291.2865],
        [471.4951, 218.1486, 534.5060, 257.4945],
        [235.1817, 227.2797, 304.5085, 264.1556],
        [146.8885, 233.1179, 220.9980, 291.4743],
        [297.8832, 222.0309, 389.3171, 281.0680],
        [400.7603, 221.8996, 455.8509, 261.9042]], device='cuda:0')"
bd5c0742-62dc-cd7f-0ada-7a8c6731e784.jpg,1,true,"tensor([[189.5438,  98.5018, 495.9769, 391.4065]], device='cuda:0')"
070918df-ce4b-553d-03b0-e28b5e28a637.jpg,2,true,"tensor([[188.8145, 199.3938, 322.1738, 426.0834],
        [189.7183, 199.4101, 333.6214, 404.2304]], device='cuda:0')"
7004c5e2-0110-a8c6-4ae1-6e79b43c9717.jpg,2,true,"tensor([[198.1690, 146.8004, 573.6846, 382.8662],
        [ 81.8517, 171.9759, 256.5431, 356.4347]], device='cuda:0')"
f9d8f32c-9082-4499-db2c-be251eab896b.jpg,1,true,"tensor([[280.5246, 165.6935, 311.6633, 214.0602]], device='cuda:0')"
e956f60a-c1e6-eda1-a1ed-0d9ce38afbb7.jpg,2,true,"tensor([[ 81.8978, 122.3469, 308.2938, 343.1228],
        [154.5393, 130.1143, 517.9215, 377.1184]], device='cuda:0')"
001e7154-7775-8aed-083d-a2950b677c98.jpg,1,true,"tensor([[176.6280, 119.7553, 442.0507, 299.5276]], device='cuda:0')"
4e20f81c-2b97-e939-f488-d5747cc67b05.jpg,1,true,"tensor([[257.1478, 108.3379, 375.3849, 426.4230]], device='cuda:0')"
79c53085-e39d-669c-89f0-e41795a79590.jpg,1,true,"tensor([[222.2709, 176.7201, 450.5048, 378.7501]], device='cuda:0')"
fadd7ab8-b427-aefb-7e87-c62cd1d5583b.jpg,2,true,"tensor([[235.6452, 107.4278, 357.7068, 310.2284],
        [276.3824, 184.2159, 405.4715, 302.9066]], device='cuda:0')"
64f01127-04c0-f00a-98aa-772a9aa32d70.jpg,1,true,"tensor([[251.5782, 136.8331, 457.6699, 328.9572]], device='cuda:0')"
650e60d9-8cc3-8c4d-a7c0-2a55e4fa5310.jpg,5,true,"tensor([[351.8977, 151.7142, 527.8790, 243.0484],
        [429.6959, 156.4465, 574.7163, 226.9116],
        [166.0481, 137.8138, 294.8084, 208.5948],
        [102.9556, 122.6903, 265.8638, 215.1371],
        [295.7520, 143.1176, 356.9879, 197.9682]], device='cuda:0')"
502b5c50-eb4b-acf8-a043-c07c53f547d0.jpg,2,true,"tensor([[194.7240, 162.5397, 437.3717, 288.5081],
        [133.3059, 275.7415, 401.4891, 366.8399]], device='cuda:0')"
43a0162a-3dbc-2853-f626-647db1a2137d.jpg,1,true,"tensor([[157.8113, 134.0604, 419.3499, 426.1371]], device='cuda:0')"
634dff47-cccd-822e-05d1-a8d11ca14318.jpg,3,true,"tensor([[504.4994, 239.5956, 574.7944, 426.3238],
        [179.8159, 160.8994, 285.6556, 337.4370],
        [285.6064, 190.7464, 428.2448, 321.4539]], device='cuda:0')"
8c3ad683-d844-9451-93ec-01d24f43ef65.jpg,1,true,"tensor([[118.3166, 187.5364, 502.1463, 398.2367]], device='cuda:0')"
6decb30a-e640-f025-bd4a-e4c49412a4e1.jpg,1,true,"tensor([[ 82.3838, 166.4413, 546.9274, 408.9088]], device='cuda:0')"
18017c28-78e3-6768-5614-adb1c32adf9a.jpg,5,true,"tensor([[469.7525, 167.7138, 478.8863, 173.3264],
        [291.3671,  89.0240, 297.7341, 101.5918],
        [561.4645, 168.9050, 570.9785, 174.4976],
        [430.6388, 354.9939, 439.3428, 373.4253],
        [295.8557, 166.2402, 380.0451, 367.3339]], device='cuda:0')"
77ab97a4-f0e5-9a83-449d-39105f67b93b.jpg,1,true,"tensor([[200.0042,  58.5597, 549.8510, 403.2585]], device='cuda:0')"
79822566-0930-9a01-74a6-e12a54bd3d86.jpg,2,true,"tensor([[262.2477, 246.8399, 366.0325, 303.6638],
        [263.8574, 200.0138, 427.9515, 304.5645]], device='cuda:0')"
3a17364e-53da-bf47-10e3-4541351b3ecb.jpg,1,true,"tensor([[156.9531,  69.5903, 574.4266, 332.9232]], device='cuda:0')"
7e37f029-0082-6f2a-baf4-351b12f27ca6.jpg,2,true,"tensor([[108.2133, 110.6858, 344.3715, 415.3358],
        [343.0033,  58.8773, 412.7984, 128.4643]], device='cuda:0')"
bd2eef49-e07b-d3b8-b31d-772d4b030695.jpg,1,true,"tensor([[ 82.2139, 117.7834, 375.2351, 301.2193]], device='cuda:0')"
e9dfd079-d257-6cac-1938-3ad0a4854e60.jpg,1,true,"tensor([[253.3776, 218.9374, 360.4503, 263.5509]], device='cuda:0')"
33c230b1-e5f5-b7bb-ad11-ace37483263b.jpg,2,true,"tensor([[446.9577, 157.8010, 574.5731, 309.0323],
        [184.2931, 141.5790, 540.6395, 350.0735]], device='cuda:0')"
5ff6006b-66a7-1b23-91f6-223c77380b8b.jpg,3,true,"tensor([[354.0632,  95.8922, 573.8581, 355.4259],
        [ 81.7964, 104.2412, 448.9694, 370.6121],
        [487.3340, 112.4440, 574.5409, 327.9704]], device='cuda:0')"
a93a659b-ea8d-bc99-5098-b8335215deee.jpg,1,true,"tensor([[278.6126,  90.3839, 400.7731, 297.8513]], device='cuda:0')"
9c2e52fc-c149-0c28-6221-2177750b7aac.jpg,1,true,"tensor([[264.8190,  58.7290, 498.4853, 425.7047]], device='cuda:0')"
985c7577-320c-4311-faf3-d82a4f4c6b40.jpg,1,true,"tensor([[137.8806,  95.5607, 490.8014, 310.5045]], device='cuda:0')"
dc65e99f-9d42-a74c-4e31-f57de8ec0171.jpg,1,true,"tensor([[190.5329, 216.3736, 448.3313, 314.2867]], device='cuda:0')"
f2103ee3-c62c-4bd7-55c0-45fdccc9992d.jpg,2,true,"tensor([[137.4671, 165.1218, 342.4667, 249.3934],
        [181.7802, 183.0801, 475.0744, 414.7818]], device='cuda:0')"
12f6d18c-f355-01c4-04b2-bb361e58c142.jpg,1,true,"tensor([[ 84.5206, 124.6110, 399.0015, 295.9729]], device='cuda:0')"
810d70d6-17f2-4357-8ed1-e0c7007cf450.jpg,1,true,"tensor([[ 81.8291, 102.5309, 548.7761, 425.7555]], device='cuda:0')"
1db4d3e4-4dbf-e44e-cc69-58428a9eeb6d.jpg,1,true,"tensor([[267.7927, 117.4071, 563.7233, 353.0433]], device='cuda:0')"
1d4f6340-ca70-e42d-7124-583b0d60a5bf.jpg,6,true,"tensor([[454.4095, 156.2832, 563.2343, 304.6571],
        [258.7760, 245.3854, 297.5392, 273.0667],
        [ 84.6395, 171.2536, 260.8152, 331.0980],
        [ 84.8088, 244.0884, 180.2449, 278.0695],
        [308.2491, 228.2193, 378.1836, 272.4385],
        [482.1893, 190.4279, 574.7147, 301.4015]], device='cuda:0')"
f06bb0c4-a885-c062-190f-05d8bcd678dc.jpg,1,true,"tensor([[188.8535, 155.1429, 520.7943, 338.2468]], device='cuda:0')"
f99067b7-c307-0050-a299-a704273d3661.jpg,4,true,"tensor([[338.8966, 168.0340, 447.5695, 254.1850],
        [263.3586, 212.3298, 287.4344, 245.7915],
        [284.5231, 224.1304, 303.7170, 247.2608],
        [ 82.1696, 205.3123, 113.8229, 230.7676]], device='cuda:0')"
96d40690-44df-fa59-7088-53f23e931629.jpg,1,true,"tensor([[ 90.0113, 135.6626, 514.3694, 426.1124]], device='cuda:0')"
92e4281a-2ae8-4596-55f3-a5d8e3206b09.jpg,7,true,"tensor([[ 82.1008, 158.7363,  92.7162, 177.0306],
        [154.6376, 206.5147, 325.1033, 360.6710],
        [368.8234, 200.0045, 512.2185, 339.3253],
        [280.2057, 175.8333, 402.4473, 275.9561],
        [156.9262, 156.3859, 193.5208, 174.1140],
        [198.4120, 153.0497, 230.1021, 171.8075],
        [316.0654, 183.6766, 439.7661, 302.2676]], device='cuda:0')"
5f05328e-ea4a-514a-6906-515fb4d6a7a3.jpg,1,true,"tensor([[154.2192, 148.0893, 505.4289, 347.1487]], device='cuda:0')"
e3ffde75-3710-7ae6-0ff6-5483443b3333.jpg,2,true,"tensor([[208.5767, 207.1921, 440.7690, 309.8221],
        [398.8021, 223.1691, 536.0374, 426.1672]], device='cuda:0')"
cc69eb68-843a-69dc-043d-7c978e166a5e.jpg,1,true,"tensor([[499.4590, 247.9144, 560.2130, 340.7508]], device='cuda:0')"
f95a13a0-59fe-6267-9f0c-c4e000c336d6.jpg,2,true,"tensor([[431.6128, 211.2372, 574.6150, 367.9858],
        [209.9826, 209.6837, 382.2988, 356.7131]], device='cuda:0')"
8b2b641a-e8a9-a36a-f72e-be16ab6cbecd.jpg,2,true,"tensor([[479.2823, 135.2150, 575.0280, 277.5248],
        [248.0249, 106.3310, 479.2668, 318.5872]], device='cuda:0')"
5aa75cfa-bb71-748c-dea1-822d6e678c72.jpg,2,true,"tensor([[281.4702, 103.5700, 559.9794, 369.0067],
        [ 82.4656, 152.3839, 289.8851, 407.4520]], device='cuda:0')"
eb2483ac-127d-2bf7-68b0-c5c05135142c.jpg,1,true,"tensor([[231.9935,  72.7077, 485.5316, 308.4657]], device='cuda:0')"
87d09468-bebd-f2e4-023a-ea22cbdb6fe8.jpg,1,true,"tensor([[131.9528, 126.4434, 446.6838, 315.8900]], device='cuda:0')"
eb9e1f0f-d999-837e-9c3c-d35f0ef9a983.jpg,2,true,"tensor([[146.5664, 188.0530, 376.1227, 344.4300],
        [289.9753, 177.6603, 339.1375, 208.8467]], device='cuda:0')"
a00e7487-93a2-7bac-0470-3c90e441d55c.jpg,2,true,"tensor([[ 82.1490, 253.3333, 113.1104, 331.6873],
        [181.8631, 113.7211, 526.2102, 383.6457]], device='cuda:0')"
8d812fe4-9d24-1531-9501-c7be4ad0e76f.jpg,1,true,"tensor([[108.0696, 140.4651, 470.9930, 259.9847]], device='cuda:0')"
a454568e-c193-011e-2a0d-94ade3e00805.jpg,2,true,"tensor([[100.8977, 203.3553, 232.0298, 322.5561],
        [266.4145, 205.1926, 431.7337, 320.9164]], device='cuda:0')"
3ecdcce6-12a3-82f8-ea52-c82492f03bd2.jpg,1,true,"tensor([[170.7247, 154.9938, 528.0828, 370.5211]], device='cuda:0')"
3b257e22-f5f0-cd93-f24c-f88c41801add.jpg,1,true,"tensor([[213.3253, 134.6720, 493.6788, 314.6701]], device='cuda:0')"
67349c2f-dfa2-eea3-01a8-332cb6486744.jpg,2,true,"tensor([[130.6264, 232.7175, 168.4099, 252.7795],
        [216.7928, 237.6166, 233.1094, 250.6527]], device='cuda:0')"
57921a52-f79b-0fa4-e642-ddd6221235bd.jpg,4,true,"tensor([[335.1144, 183.1771, 342.6525, 198.7444],
        [207.3519, 119.6888, 448.1596, 375.2843],
        [351.4357, 239.3139, 364.1617, 257.2239],
        [243.4758, 212.5121, 253.3667, 230.1485]], device='cuda:0')"
50852c06-ae8a-5cd1-80bb-c843b6509067.jpg,1,true,"tensor([[282.8926, 170.1870, 441.0082, 272.2527]], device='cuda:0')"
6299c1df-727b-30ea-7d2e-d33b8f86eec2.jpg,1,true,"tensor([[109.4400,  83.8010, 381.7855, 426.2885]], device='cuda:0')"
cb77b08e-3103-a181-3e9c-958ce9062e18.jpg,3,true,"tensor([[471.3251, 118.4985, 574.9627, 342.9536],
        [ 82.2706, 105.2308, 157.6562, 396.9994],
        [ 82.4067, 102.6491, 439.3967, 408.5273]], device='cuda:0')"
5a17933e-1939-2d8e-c9c5-cf4cf972cdd5.jpg,1,true,"tensor([[196.5374, 209.3406, 455.4132, 320.1049]], device='cuda:0')"
449a94e8-8c3c-ca80-e16e-bddc9e2e655c.jpg,1,true,"tensor([[270.2440, 257.3577, 373.8489, 303.5959]], device='cuda:0')"
ecc94387-93a8-0bc4-b79b-72e21f9805eb.jpg,1,true,"tensor([[217.7359, 115.0168, 444.4478, 291.0128]], device='cuda:0')"
d793033e-6dad-189b-7a34-208b86fe6825.jpg,4,true,"tensor([[480.9871, 206.9516, 563.1299, 266.7820],
        [188.1324, 217.8705, 285.8875, 295.6744],
        [308.1862, 217.5208, 418.5703, 290.0452],
        [414.0218, 241.1674, 482.5526, 278.6740]], device='cuda:0')"
f9629bcc-5f11-8da4-3b2a-f2dfb0b713c3.jpg,1,true,"tensor([[223.3204, 263.6080, 317.6044, 347.4894]], device='cuda:0')"
7cce5705-542c-6263-ed80-4ae8a62eb74c.jpg,1,true,"tensor([[133.4026, 229.5580, 392.3697, 426.5385]], device='cuda:0')"
97c2d28f-a9da-8b7d-fa0f-a771d3e7339b.jpg,3,true,"tensor([[482.3693,  87.5937, 500.1462, 111.2164],
        [224.3579,  87.3113, 268.5196, 110.6869],
        [272.5007, 245.8319, 471.4106, 367.1487]], device='cuda:0')"
80943d20-7baf-9d69-d6c2-63f336b4422f.jpg,1,true,"tensor([[162.8387, 102.9429, 524.2731, 399.0979]], device='cuda:0')"
d529ed1a-4a14-b140-7712-6952770650c0.jpg,2,true,"tensor([[470.0911, 277.9821, 574.9940, 344.4494],
        [102.1412,  58.6582, 441.2698, 415.6531]], device='cuda:0')"
b441e165-c13f-e8bd-7dfe-7085aae05899.jpg,1,true,"tensor([[174.0666,  91.4509, 463.9615, 375.5154]], device='cuda:0')"
87f4466f-af3c-fa08-0011-377fb2d6bd5b.jpg,3,true,"tensor([[304.0944, 201.1017, 503.9585, 318.4525],
        [113.2826, 195.2894, 266.9333, 315.9490],
        [ 82.2670, 159.3419, 140.8173, 234.5460]], device='cuda:0')"
d18f2ddf-3049-0198-0045-e8a5ca85542f.jpg,2,true,"tensor([[ 82.0002, 107.2262, 196.5819, 175.9398],
        [153.7783, 118.4572, 485.3043, 331.2348]], device='cuda:0')"
555d7160-de55-732d-6b9d-23b9bed6370b.jpg,2,true,"tensor([[ 82.1114, 164.1606, 189.5243, 293.0940],
        [168.5533, 123.9397, 524.8150, 363.6186]], device='cuda:0')"
c44328a5-b2c1-0d37-9079-2f18d84950cc.jpg,2,true,"tensor([[535.6516, 233.2863, 575.1893, 326.7672],
        [ 97.6850, 167.2407, 521.9107, 356.7748]], device='cuda:0')"
4dade439-37bc-5d68-1fe1-71bd5efca5f2.jpg,3,true,"tensor([[297.7476, 236.7542, 529.0997, 406.8279],
        [ 82.6257, 151.0048, 243.3123, 367.4161],
        [230.1160, 212.7321, 478.7174, 361.6112]], device='cuda:0')"
8e2f4434-d03c-dec3-95c8-2a334a693723.jpg,3,true,"tensor([[434.0384, 131.9607, 574.7975, 286.3015],
        [ 82.3140, 108.2583, 232.1181, 267.2216],
        [227.2281,  85.6425, 504.4277, 280.7968]], device='cuda:0')"
78c25e03-86f9-2a2a-74de-c6dabf3a8274.jpg,3,true,"tensor([[562.1478, 307.2851, 575.2498, 345.2733],
        [157.1845, 230.4430, 302.0822, 294.3009],
        [195.5991, 139.1583, 464.2953, 301.8713]], device='cuda:0')"
4b7d848e-d2f5-6464-be87-9f2e8af6325b.jpg,1,true,"tensor([[201.4108, 134.4889, 367.7221, 374.0388]], device='cuda:0')"
37b37f5a-1361-2177-c581-3638739eb336.jpg,11,true,"tensor([[322.6362, 208.4249, 361.1960, 257.2398],
        [459.3524, 221.1069, 494.3669, 265.7993],
        [529.0754, 240.9767, 573.9718, 272.5162],
        [328.0764, 247.2813, 368.9279, 262.5791],
        [ 82.6388, 237.5085, 118.4660, 256.2859],
        [255.2316, 243.9626, 290.8166, 257.6543],
        [528.8973, 253.1589, 553.1751, 272.0521],
        [355.1640, 212.0596, 388.6322, 261.8481],
        [409.6318, 214.8290, 435.8253, 263.4997],
        [224.2598, 208.0636, 256.3383, 254.7499],
        [496.0646, 213.6522, 512.6809, 267.1305]], device='cuda:0')"
eb41757b-68d5-bd57-472e-951f61015ca3.jpg,2,true,"tensor([[365.3607, 112.1361, 574.5543, 332.0148],
        [ 82.0077, 116.6589, 411.4337, 342.1159]], device='cuda:0')"
edf037cd-fcbf-4a4b-9720-752281c6e8d4.jpg,1,true,"tensor([[ 82.2000, 207.3049, 418.2430, 425.8008]], device='cuda:0')"
bd07915a-fb28-8cd6-4df6-0cb24df926d6.jpg,5,true,"tensor([[373.5405, 280.9412, 394.6030, 297.0499],
        [266.1816, 279.2870, 284.1972, 293.8861],
        [184.3713, 280.0485, 201.0683, 298.1669],
        [288.1741, 278.0760, 317.7758, 301.9788],
        [301.5634, 209.2116, 325.5839, 224.1268]], device='cuda:0')"
15f179db-e85e-3472-06b6-00a27850228a.jpg,4,true,"tensor([[332.5761, 144.7985, 535.8077, 279.3862],
        [119.1889, 142.9264, 315.9040, 285.1063],
        [294.4810, 127.6975, 466.0304, 264.0610],
        [303.4346,  58.5232, 381.5192, 118.7102]], device='cuda:0')"
48fad743-3397-5b05-05df-c52e555ddda3.jpg,2,true,"tensor([[380.6265, 207.0143, 443.5200, 282.3780],
        [250.4361, 180.8405, 365.5964, 283.6728]], device='cuda:0')"
1589e6db-da43-60de-f0ed-f1e15909ca84.jpg,1,true,"tensor([[304.0759, 124.4633, 477.0928, 372.8993]], device='cuda:0')"
7cb6d687-dfee-ee64-a284-9b8eba4dd4ce.jpg,1,true,"tensor([[235.1785,  65.4076, 383.5336, 407.8661]], device='cuda:0')"
c3e638fb-6f4b-002d-4c33-7f6d4682758e.jpg,3,true,"tensor([[568.5807, 234.9164, 575.0043, 262.7522],
        [182.5963,  93.9208, 541.6482, 292.3461],
        [311.9102,  98.7624, 406.6020, 127.4453]], device='cuda:0')"
cefceb1d-c72d-89d3-9826-816c7ef2b773.jpg,5,true,"tensor([[105.4729, 184.8881, 182.1292, 307.5134],
        [433.3247, 302.7579, 574.4064, 395.8513],
        [141.8234, 177.2471, 362.3150, 329.3186],
        [378.6649, 189.2165, 574.7262, 330.0356],
        [143.8229, 183.6501, 481.3748, 343.5109]], device='cuda:0')"
03a08ef7-b3d6-db10-fd37-4512d0d72403.jpg,1,true,"tensor([[234.9442, 150.0757, 383.0472, 312.1365]], device='cuda:0')"
ade0c89d-a229-ed78-008b-b1a82bd5195d.jpg,5,true,"tensor([[154.1021, 174.7602, 322.0730, 316.4277],
        [508.3863, 153.5377, 574.6947, 307.0046],
        [ 82.1184, 120.0962, 176.1223, 321.3022],
        [202.8579, 123.0687, 497.6092, 309.3866],
        [347.8782, 154.0805, 509.6122, 304.6467]], device='cuda:0')"
87e74c31-572c-e201-953a-27aba9b937ad.jpg,4,true,"tensor([[473.3239, 197.6588, 517.8390, 220.4510],
        [ 82.1161, 124.3208, 114.7815, 247.8568],
        [ 83.0780, 136.0443, 477.0759, 305.9218],
        [531.7884, 193.3899, 554.7846, 211.9366]], device='cuda:0')"
3ddd9cd4-da8b-1a6e-51bd-30c021f5f868.jpg,1,true,"tensor([[197.8512, 168.8862, 422.2259, 336.4156]], device='cuda:0')"
52eea0bd-ffe9-0d84-00d4-c929a7e0967d.jpg,3,true,"tensor([[515.5160, 120.0307, 574.7509, 347.2948],
        [310.4209,  94.2977, 326.3979, 104.0609],
        [ 81.6088,  82.3512, 495.1510, 426.1838]], device='cuda:0')"
3594a49a-0817-ba3b-3c9c-15a55740f208.jpg,10,true,"tensor([[ 97.9042, 192.0255, 112.4330, 204.8969],
        [302.6000, 199.6629, 335.3376, 234.7581],
        [416.3941, 188.9710, 456.6702, 222.3494],
        [179.3262, 189.4020, 193.9702, 197.8725],
        [155.2487, 227.6927, 191.1145, 259.8775],
        [240.3782, 184.1590, 257.0359, 192.8831],
        [184.2108, 221.0964, 234.9431, 251.8307],
        [334.2833, 199.2311, 375.4975, 230.0043],
        [275.4443, 206.0541, 308.2773, 240.4643],
        [407.1877, 188.4376, 439.4011, 222.1432]], device='cuda:0')"
139d65d1-1ad8-9cb6-4063-9ec68504214d.jpg,2,true,"tensor([[ 82.4683, 153.2815, 110.1739, 343.9349],
        [ 96.0273, 132.0089, 554.4666, 370.2196]], device='cuda:0')"
6a66284f-6b1b-18f0-be79-4c53c7757ca2.jpg,1,true,"tensor([[ 81.7560, 113.3283, 448.0561, 317.7574]], device='cuda:0')"
59f983ec-6c78-1f22-750e-f3d07808c1da.jpg,1,true,"tensor([[277.2338,  94.0098, 421.0986, 383.2661]], device='cuda:0')"
31b56c7f-21e6-7bd9-4ca0-142e06e38706.jpg,1,true,"tensor([[161.2943, 154.0557, 517.9470, 336.6994]], device='cuda:0')"
10b91b1a-3d5e-283f-3d67-4bd3c3dbf9de.jpg,4,true,"tensor([[327.0199, 250.3552, 455.5871, 336.5387],
        [234.9199, 273.0638, 304.6758, 340.4641],
        [ 82.0513, 238.6669, 161.7643, 325.7745],
        [379.1500, 111.0174, 493.1575, 277.7087]], device='cuda:0')"
e2f79e85-a29a-585d-241f-8f91f1b163a6.jpg,1,true,"tensor([[196.6292,  84.4924, 462.6239, 426.2758]], device='cuda:0')"
a25c66b8-ff9d-53a1-5ba4-93e74937530f.jpg,1,true,"tensor([[102.6536, 112.8690, 537.7534, 426.4677]], device='cuda:0')"
40a16be1-56e5-4ceb-7b66-9834519d85c5.jpg,10,true,"tensor([[439.4157, 218.3040, 522.4192, 283.3834],
        [264.6672, 201.4723, 308.4340, 224.7405],
        [522.1520, 232.1321, 575.0277, 323.0980],
        [290.5660, 201.6967, 324.9055, 222.6599],
        [208.1405, 191.1189, 255.9172, 215.2499],
        [156.7327, 191.1050, 197.6936, 225.6238],
        [ 84.2512, 183.1653, 151.0238, 240.5372],
        [112.8734, 206.0629, 456.6373, 406.7625],
        [343.9740, 187.3780, 370.7408, 212.1534],
        [412.5224, 210.2807, 449.8522, 237.0349]], device='cuda:0')"
f10c9ded-e748-c3bb-82e4-697d3b688f7a.jpg,5,true,"tensor([[442.6629, 131.2293, 574.5887, 385.6821],
        [ 82.3931, 183.7645, 184.6517, 309.2136],
        [ 82.6454, 184.5457, 136.4441, 300.5165],
        [116.6761, 155.3820, 468.4259, 340.9158],
        [460.5031, 181.9516, 574.2411, 370.6746]], device='cuda:0')"
ec782342-8469-3bea-a95d-fbd1c2829300.jpg,4,true,"tensor([[530.3679, 169.3248, 575.0707, 235.9685],
        [276.5776, 179.6269, 555.0958, 345.0679],
        [306.6070, 153.2770, 399.9569, 186.6944],
        [371.6747, 167.0892, 448.7473, 187.9176]], device='cuda:0')"
40afc641-b2d4-32e9-21e7-d422369eb347.jpg,1,true,"tensor([[ 89.2621, 124.0252, 482.6175, 352.3739]], device='cuda:0')"
b6fdc1bc-6034-44b4-954b-5a22cd63a4f0.jpg,2,true,"tensor([[294.4170, 165.1776, 574.8909, 366.7856],
        [102.8336, 145.7159, 326.4868, 352.2913]], device='cuda:0')"
ff5a38d8-89a5-682f-77a6-add6b41054a8.jpg,1,true,"tensor([[146.4749, 180.0633, 404.7538, 415.0649]], device='cuda:0')"
1d886ec2-0bf5-e3f7-31a4-3003a384d72f.jpg,1,true,"tensor([[290.7385, 171.3753, 405.0986, 365.4733]], device='cuda:0')"
040d01f9-32fd-0220-f03a-6f9c33170c0b.jpg,4,true,"tensor([[456.2372, 129.8260, 574.7918, 376.5974],
        [ 81.8992,  58.3117, 187.1793, 253.9178],
        [184.9210,  71.5911, 478.8956, 387.8492],
        [287.2698, 103.8878, 522.0822, 268.4182]], device='cuda:0')"
565bd4bd-fc56-c206-d724-d981dc27ede7.jpg,2,true,"tensor([[523.1505, 131.4110, 575.1179, 324.5463],
        [131.3440, 122.1069, 532.4685, 342.9813]], device='cuda:0')"
8a62ed91-f8a5-eacb-096b-7398aea38920.jpg,15,true,"tensor([[447.6131,  84.4620, 466.6582,  93.7951],
        [ 82.1114,  92.7223, 108.2814, 174.7682],
        [487.9729, 110.8716, 575.0692, 197.0905],
        [ 92.3250, 137.3031, 121.3464, 176.5305],
        [316.4615, 102.4988, 369.2141, 170.1219],
        [114.5441, 102.4775, 204.5299, 181.2935],
        [256.1041, 107.6057, 299.2477, 180.4407],
        [182.5832, 106.0424, 246.7307, 182.8409],
        [538.7400, 111.8801, 574.7824, 157.2343],
        [455.0875, 237.3057, 504.8468, 295.9729],
        [218.7969, 163.0163, 528.3528, 289.5013],
        [429.1280,  89.0302, 455.8005, 102.3749],
        [351.9019, 106.6075, 364.4307, 117.0535],
        [460.2610, 110.6779, 491.8988, 169.0504],
        [429.7007,  84.9018, 465.0645, 102.4832]], device='cuda:0')"
6a70a8ff-d104-b1b7-d749-ade530c993ac.jpg,5,true,"tensor([[171.0935, 175.4792, 387.7046, 334.2024],
        [482.3878, 176.6765, 574.7644, 287.6664],
        [ 82.3694, 181.3455, 324.8907, 340.7137],
        [461.5742, 168.7025, 573.6675, 266.2947],
        [356.0040, 186.2981, 502.5027, 303.2242]], device='cuda:0')"
d4bcea13-e534-24b3-cae3-7b7630abf0d0.jpg,3,true,"tensor([[513.1111, 158.4144, 574.8940, 321.4395],
        [ 82.5272, 134.8168, 250.1219, 345.4685],
        [261.9461, 167.9856, 525.4673, 328.7899]], device='cuda:0')"
856e92ea-6cd3-301f-bbee-94e1ce54190d.jpg,1,true,"tensor([[ 91.8945, 172.2477, 402.0196, 353.2123]], device='cuda:0')"
f467b90e-a4ba-9683-087f-2a1e79b4956f.jpg,1,true,"tensor([[229.8439,  89.8365, 462.8539, 425.1932]], device='cuda:0')"
879ba4eb-8e24-d548-2456-986412217f01.jpg,2,true,"tensor([[ 82.7745,  90.2169, 462.8302, 372.5090],
        [259.6753, 132.5970, 276.0193, 143.8891]], device='cuda:0')"
02da42a1-5cd6-32dd-d682-aa9e06a7dabd.jpg,1,true,"tensor([[269.5438, 192.4640, 393.6597, 271.7132]], device='cuda:0')"
2a6961dc-78dc-4390-099c-c5e54d0c5d6f.jpg,2,true,"tensor([[ 82.0865,  95.0991, 223.0673, 426.0511],
        [222.2651,  86.9436, 505.0356, 426.5547]], device='cuda:0')"
37bf7244-373d-1d94-99bd-ab13e2ee90e5.jpg,3,true,"tensor([[ 87.4601, 146.8590, 424.0019, 352.4185],
        [462.0988, 190.5547, 481.8817, 204.7856],
        [562.6384, 155.3841, 574.8736, 180.7375]], device='cuda:0')"
8f3496df-3cf2-c4e1-1d1b-2401f1001342.jpg,4,true,"tensor([[540.7377, 131.6068, 575.1694, 314.9833],
        [ 82.1736,  86.3009, 224.0334, 283.5432],
        [231.0288,  83.0432, 502.2716, 289.8152],
        [214.1697,  78.1393, 385.7488, 276.8233]], device='cuda:0')"
2d698d31-cf36-07c1-bb90-d3381e006992.jpg,2,true,"tensor([[329.7474, 251.2164, 453.2513, 330.9377],
        [245.2891, 251.6746, 376.1309, 338.2839]], device='cuda:0')"
54600f1b-b135-61ec-22ef-c7e85a2d1a61.jpg,1,true,"tensor([[215.8048, 177.4449, 446.6849, 339.8832]], device='cuda:0')"
38bc6619-ac83-20ed-9961-6dadd4095fee.jpg,1,true,"tensor([[254.4707,  79.5256, 477.9868, 375.7986]], device='cuda:0')"
e255ab44-066d-2cf0-9390-c0a70b5c3597.jpg,2,true,"tensor([[ 81.7849,  95.2526, 145.4255, 163.0355],
        [118.2093, 119.3560, 506.5332, 359.2076]], device='cuda:0')"
23d218db-cf4d-37d7-d65b-17c9f4b6fa51.jpg,5,true,"tensor([[443.6924, 185.1043, 574.2356, 276.0967],
        [488.9954, 189.2348, 574.3592, 268.2951],
        [114.0801, 218.0109, 184.5623, 290.3001],
        [442.6033, 206.0685, 504.8904, 277.2832],
        [278.8855, 179.1656, 411.1327, 258.3308]], device='cuda:0')"
621b54dd-7a51-3364-9547-54fac42ddfc6.jpg,1,true,"tensor([[101.0166, 122.2283, 510.8871, 348.3593]], device='cuda:0')"
fe128718-e2fc-e8fa-490f-c065e8921a9e.jpg,3,true,"tensor([[355.1287, 219.5190, 409.2530, 260.0256],
        [158.9528, 211.5777, 210.6842, 240.7461],
        [249.4118, 212.4346, 310.7346, 254.5955]], device='cuda:0')"
0c191f1c-0421-3847-4eb9-d231fcc4b6d7.jpg,1,true,"tensor([[244.7267, 194.0623, 462.9797, 326.7643]], device='cuda:0')"
7eebe2cb-5ad5-3589-9326-6bdd0bd5d28b.jpg,1,true,"tensor([[245.8772, 191.3794, 419.0799, 306.3972]], device='cuda:0')"
9163f734-2587-99cb-d35e-fa610a3c8046.jpg,4,true,"tensor([[ 82.2339, 193.2006,  99.3467, 220.3355],
        [238.2455, 228.6529, 470.9307, 346.8401],
        [139.3997, 204.2007, 325.2252, 314.7612],
        [ 82.2717, 192.6804, 215.8862, 310.6428]], device='cuda:0')"
1abae4ac-0195-d2df-fb29-d129c2f03c21.jpg,1,true,"tensor([[143.5273, 220.4967, 426.3443, 335.1893]], device='cuda:0')"
98dda243-c1a7-e013-8ebe-e9289c0ae521.jpg,2,true,"tensor([[102.2995, 129.7346, 459.4708, 337.2352],
        [455.8667, 134.4258, 574.6895, 329.2628]], device='cuda:0')"
e17c865f-8ed2-95fe-6a3f-1c5b75104077.jpg,3,true,"tensor([[340.1581, 144.7514, 349.9740, 154.8772],
        [304.9196, 143.8373, 313.9066, 154.1370],
        [145.8303,  84.2277, 524.1957, 346.1819]], device='cuda:0')"
b6e44405-7b19-603e-ccad-dcb1d251a238.jpg,3,true,"tensor([[309.4155, 132.1571, 534.4387, 266.8915],
        [118.6801, 119.9826, 228.9909, 254.3660],
        [ 82.3715, 140.9421, 318.7637, 285.7284]], device='cuda:0')"
9a3ce1ce-8c1c-9e4e-f7b7-716049b08110.jpg,2,true,"tensor([[ 82.1743, 205.2816,  95.2654, 268.7930],
        [228.8115, 183.9960, 495.5307, 326.7881]], device='cuda:0')"
95164140-486b-5cec-0425-e78eda49158b.jpg,4,true,"tensor([[153.6395, 138.4456, 251.8419, 253.5256],
        [378.5260,  90.9573, 575.0137, 214.1001],
        [255.4507, 119.4506, 382.1719, 228.5874],
        [367.8923, 121.3924, 433.9540, 197.2366]], device='cuda:0')"
9fe24a52-8654-321a-1d2b-99dd10d80867.jpg,6,true,"tensor([[377.9843, 109.2883, 531.1066, 275.5384],
        [ 82.5545, 107.8415, 205.4538, 290.8837],
        [ 82.1269,  66.8622, 235.4961, 141.0939],
        [517.6370,  82.7287, 574.5908, 239.3781],
        [201.4986, 106.7774, 389.2369, 274.8568],
        [256.7888,  63.4829, 484.1022, 248.9537]], device='cuda:0')"
bf068900-45ae-deb2-748e-73a2ab641e92.jpg,3,true,"tensor([[265.7233, 177.5327, 536.0610, 335.7301],
        [250.4804, 223.2241, 407.3802, 336.3657],
        [131.4647, 143.5394, 309.9916, 365.1455]], device='cuda:0')"
2776e932-066a-a6ce-5de3-d5fe19d8fe90.jpg,3,true,"tensor([[550.1484,  93.9437, 574.9445, 208.7895],
        [ 82.8856,  77.4315, 555.0499, 424.3440],
        [ 82.0992,  58.5499, 108.5998, 249.8755]], device='cuda:0')"
31a1d494-c4d5-1a48-12c3-cf6697fcef80.jpg,0,false,"tensor([], device='cuda:0', size=(0, 4))"
1f47fa5c-828b-2ad8-e103-82f6e233098a.jpg,1,true,"tensor([[260.3773, 197.8262, 426.1848, 304.7817]], device='cuda:0')"
41a5e365-a031-5348-cf35-bbfbbe829041.jpg,9,true,"tensor([[153.9209, 237.4043, 172.0533, 271.2293],
        [250.8399, 230.2523, 279.7667, 277.0692],
        [355.8245, 237.7521, 390.5978, 267.2362],
        [ 80.0930, 282.4854, 173.2895, 368.6975],
        [114.0973, 237.5480, 148.7086, 280.0036],
        [311.2182, 240.0034, 335.9376, 262.1207],
        [198.9332, 260.1558, 366.4739, 364.4326],
        [302.9980, 228.6817, 332.9968, 250.3115],
        [332.2476, 235.6149, 358.3022, 262.8984]], device='cuda:0')"
d19e5f6c-79a9-71f1-9d3e-bc010ff314b0.jpg,2,true,"tensor([[529.0005, 128.0360, 575.1086, 257.7773],
        [137.3979,  91.3284, 508.9322, 306.4787]], device='cuda:0')"
ab95e9fa-1c06-df41-ccba-35347b835512.jpg,2,true,"tensor([[343.7439, 104.3956, 502.5016, 356.2877],
        [123.2125,  91.7586, 346.3407, 358.3472]], device='cuda:0')"
5040600f-3207-351d-d0ab-f5a2bde29d75.jpg,8,true,"tensor([[282.3464, 189.4196, 324.0544, 212.0630],
        [467.0968, 191.4138, 512.7944, 215.9798],
        [338.2089, 193.3130, 370.5736, 211.5965],
        [171.0562, 188.7036, 224.3321, 214.1058],
        [515.4530, 190.8350, 556.4881, 210.3685],
        [369.3010, 195.1782, 437.8180, 221.4156],
        [260.8516, 186.5984, 295.2134, 207.6493],
        [436.7710, 189.9711, 473.0911, 218.2290]], device='cuda:0')"
1b6a9693-6050-cea1-5122-c9131ab4db01.jpg,2,true,"tensor([[430.1719,  58.2532, 574.9242, 378.4980],
        [118.2079,  64.2998, 480.3151, 410.5328]], device='cuda:0')"
ec432f9d-f6e0-4ced-c3c2-7c20d14368f9.jpg,1,true,"tensor([[205.2406,  60.9699, 430.9067, 409.1177]], device='cuda:0')"
58ad32e6-a7bf-63c3-c33d-6ecb40627702.jpg,3,true,"tensor([[536.7228, 201.7150, 544.1328, 207.0228],
        [189.7041, 240.4759, 441.2810, 384.1995],
        [234.8733, 364.2261, 259.6822, 390.3843]], device='cuda:0')"
7ebdc0d8-9413-2ff1-a586-5701bf964d37.jpg,3,true,"tensor([[ 82.1250, 112.9276, 122.7884, 234.0422],
        [144.9731,  69.5019, 528.4814, 403.8754],
        [247.7844, 222.8922, 511.9690, 408.2239]], device='cuda:0')"
0b729af2-a6cc-050d-fd1f-adf975567abc.jpg,2,true,"tensor([[ 82.5217, 183.8708,  88.4544, 213.0776],
        [527.4545, 153.0074, 574.7448, 208.2809]], device='cuda:0')"
57657716-7d72-5c95-75e9-2f7fef9bc2c0.jpg,1,true,"tensor([[268.5340, 123.0257, 380.8017, 303.5646]], device='cuda:0')"
62fd657f-f791-e5b7-7134-be9b8f69f4e2.jpg,1,true,"tensor([[193.4534, 174.0404, 392.5240, 279.1500]], device='cuda:0')"
65f755a3-7a78-136b-7fe7-8c0765135ac0.jpg,1,true,"tensor([[265.0172, 209.7093, 391.9208, 414.7173]], device='cuda:0')"
6c190b72-b7ab-9a3d-7dbf-b1fb7d144ea7.jpg,3,true,"tensor([[526.2751, 137.9606, 575.0507, 346.2766],
        [ 82.0228, 116.8467, 270.5604, 372.2738],
        [139.2879, 105.7257, 571.3093, 382.4999]], device='cuda:0')"
241a1aae-ca7a-2368-b27d-a58e2a6c7438.jpg,1,true,"tensor([[299.6309, 255.4831, 373.5895, 304.3210]], device='cuda:0')"
af2accd9-ff07-34fb-c516-c8d561ebedaf.jpg,2,true,"tensor([[ 82.1232,  95.0752, 236.4764, 425.7706],
        [169.7209, 106.5449, 467.3152, 421.0307]], device='cuda:0')"
9cf800d8-4f72-6167-d965-9872222f3745.jpg,2,true,"tensor([[ 82.3653, 198.6408, 198.4992, 329.7841],
        [187.6412, 171.2489, 420.4788, 333.8480]], device='cuda:0')"
4f98f24d-385c-d1e8-d1d5-2950c11ae9d3.jpg,2,true,"tensor([[323.9541, 134.4355, 555.1776, 278.7654],
        [157.0710, 119.3664, 486.6721, 364.3228]], device='cuda:0')"
d9233185-76b4-18b3-82ec-cffedca1e655.jpg,4,true,"tensor([[521.1761, 137.9347, 574.6625, 187.6398],
        [205.3945, 151.4808, 239.4579, 172.0605],
        [140.7503, 153.2101, 533.7705, 387.3541],
        [347.4597, 157.0041, 378.6400, 172.7853]], device='cuda:0')"
73d1a9bf-0fea-5a7e-a197-cc310ecc10aa.jpg,1,true,"tensor([[328.4683,  80.1675, 574.5632, 298.2593]], device='cuda:0')"
2426f349-fac9-2406-a901-8feaf84f38f2.jpg,1,true,"tensor([[299.6220, 111.1082, 566.3669, 310.6125]], device='cuda:0')"
5b1bedfa-01ff-4989-a9ee-18ae76608e74.jpg,1,true,"tensor([[165.1025,  58.5096, 506.8624, 388.3089]], device='cuda:0')"
cf8ed949-806d-12b3-0273-36210c80985f.jpg,2,true,"tensor([[128.0614, 183.9711, 256.7360, 425.8578],
        [215.0397, 143.9093, 379.0248, 426.1273]], device='cuda:0')"
464b5036-803f-aedc-4f06-f7f33f6a758a.jpg,2,true,"tensor([[142.4349, 163.3587, 451.1551, 383.4603],
        [297.7861, 239.8845, 416.9668, 305.6490]], device='cuda:0')"
e254b6e5-abc6-6ef8-4e48-978af21ca92f.jpg,3,true,"tensor([[458.5174, 176.0863, 572.2555, 395.9253],
        [ 82.3675, 209.7749,  90.3109, 259.9072],
        [ 87.9113, 139.4594, 572.5080, 333.1382]], device='cuda:0')"
01f2be49-a071-899b-fba8-e4690d667f71.jpg,2,true,"tensor([[188.7152, 104.7016, 574.9647, 345.2308],
        [259.2368, 116.6842, 272.9696, 135.0715]], device='cuda:0')"
ef84e472-debe-bfae-58eb-d4fb0406eb7d.jpg,1,true,"tensor([[113.7749, 136.4119, 501.6855, 352.1906]], device='cuda:0')"
c20939b4-1d8f-0dd0-bf3d-f7c573e838d5.jpg,1,true,"tensor([[239.9743, 159.7291, 484.0771, 332.3651]], device='cuda:0')"
aab0ff2f-c2f7-b13a-09a1-072065d6bbeb.jpg,1,true,"tensor([[193.9121, 187.7960, 441.9288, 374.3543]], device='cuda:0')"
592d8f46-e164-80fc-c4db-d37a6314d98a.jpg,0,false,"tensor([], device='cuda:0', size=(0, 4))"
9ab22eb7-6c0b-9aab-9ef1-83d10b39536d.jpg,3,true,"tensor([[428.3185, 230.6645, 540.2637, 316.9988],
        [165.3503, 210.8439, 246.5190, 297.2216],
        [290.4801, 211.2482, 326.4941, 300.1909]], device='cuda:0')"
a0011fcf-3bef-48ef-fc55-089debea55d2.jpg,5,true,"tensor([[446.6942, 167.9516, 574.2643, 398.7219],
        [500.6110, 315.8947, 568.5430, 402.4395],
        [197.0886, 265.5670, 426.0963, 367.1918],
        [117.7267, 265.9230, 426.6046, 371.0291],
        [114.4594, 145.6252, 482.4783, 402.2238]], device='cuda:0')"
08187d4a-0dc7-a46e-ba7e-856e570e22ab.jpg,2,true,"tensor([[ 84.1440, 128.4333, 364.6425, 325.6589],
        [107.3638, 157.6846, 458.0927, 393.3206]], device='cuda:0')"
99f784b0-0906-9619-0429-8b210c10dc4d.jpg,4,true,"tensor([[471.2297, 135.0219, 574.7982, 335.0248],
        [175.2838, 121.0818, 184.2519, 128.1632],
        [ 97.4155, 133.8553, 549.0168, 360.4231],
        [214.7122, 123.6734, 228.9345, 132.7257]], device='cuda:0')"
a1a83d63-05d0-0847-f720-11ea816c35b5.jpg,6,true,"tensor([[546.1099, 180.8566, 573.6080, 233.9018],
        [262.0960, 393.0517, 299.0332, 415.7808],
        [402.5641, 168.7384, 506.4692, 221.6354],
        [566.1696, 195.5072, 574.8705, 235.6904],
        [308.4893, 184.3295, 502.3488, 334.8726],
        [402.2146, 168.6714, 430.4276, 194.5706]], device='cuda:0')"
75136497-95ae-18fc-2d4e-3db6f8ebb259.jpg,1,true,"tensor([[ 85.6009, 108.8518, 454.3061, 297.8811]], device='cuda:0')"
b0208602-bede-dc0e-9f4f-f9b37f3bc241.jpg,1,true,"tensor([[145.7523,  99.3058, 572.5375, 358.8583]], device='cuda:0')"
a49d820b-9dd3-f43d-af3d-687984846a54.jpg,2,true,"tensor([[298.0656, 236.9266, 469.9075, 361.8205],
        [ 82.1743, 214.7170, 204.4931, 381.0761]], device='cuda:0')"
7744a727-8934-b520-5797-d21aa71055bf.jpg,2,true,"tensor([[357.0753, 182.6519, 574.5328, 403.5144],
        [139.3029, 189.5417, 400.8365, 343.9668]], device='cuda:0')"
bf2e3e85-e7c6-9043-8925-610a13e9b354.jpg,1,true,"tensor([[133.1435, 144.3322, 517.6749, 426.1624]], device='cuda:0')"
59fb8075-6309-7a26-e432-daf7f2628d56.jpg,1,true,"tensor([[195.8267, 123.2992, 410.8562, 369.3054]], device='cuda:0')"
9bdaf283-3c12-30ef-bcd2-890234e1319d.jpg,3,true,"tensor([[275.6819, 177.7516, 423.9073, 376.4259],
        [189.7172, 130.5732, 531.6071, 339.1098],
        [382.4611,  86.5339, 439.8851, 111.5006]], device='cuda:0')"
a2034c91-b30a-ca90-14a2-9469b17ed194.jpg,1,true,"tensor([[156.6260, 147.0062, 534.0413, 315.8674]], device='cuda:0')"
395cbac7-230d-f19d-309b-e9c76796a4ec.jpg,1,true,"tensor([[157.5653, 161.5755, 407.8105, 358.3671]], device='cuda:0')"
c86f8a44-d6f5-43d4-bf98-a7f9caa65a8c.jpg,2,true,"tensor([[516.7231,  72.2462, 574.8107, 266.2069],
        [106.5864,  79.2353, 541.3788, 318.0984]], device='cuda:0')"
0e8d9e17-7584-e89c-c789-58a7f0617ddf.jpg,1,true,"tensor([[184.0007, 122.4269, 565.9470, 303.2870]], device='cuda:0')"
f71f6372-c994-e30d-6b75-46afcaa2a394.jpg,5,true,"tensor([[283.0488, 215.1876, 294.0820, 233.8065],
        [240.5005, 219.0346, 256.8969, 240.7015],
        [304.1606, 229.3898, 329.0657, 263.8739],
        [220.8665, 220.6507, 235.1756, 241.3704],
        [329.1339, 222.7123, 352.6437, 246.7373]], device='cuda:0')"
61db55ca-60c7-fc4e-4a61-965877898609.jpg,3,true,"tensor([[514.5848, 168.3425, 575.0285, 349.9123],
        [ 81.9737, 122.4819, 366.4126, 338.0240],
        [165.8062, 152.7089, 509.0345, 358.0598]], device='cuda:0')"
dbdec758-9f16-4455-536e-dfe7ce8a9e4b.jpg,5,true,"tensor([[395.3813, 172.9948, 533.8381, 328.0815],
        [119.3916, 192.0411, 345.5916, 316.3301],
        [504.5742, 195.3763, 574.6910, 314.6985],
        [ 81.6506, 173.4592, 118.8186, 232.4057],
        [ 94.3861, 211.0078, 191.2494, 318.8673]], device='cuda:0')"
b1830a5c-b72e-cd88-5a24-68832a88b717.jpg,2,true,"tensor([[ 82.2567, 155.8276, 147.5611, 353.0887],
        [146.0145, 117.6332, 429.9120, 291.1604]], device='cuda:0')"
89f0271b-f57a-0bd3-c9a2-1e5cff6cecd1.jpg,1,true,"tensor([[222.0119, 108.6881, 574.2802, 321.2837]], device='cuda:0')"
cb49165e-09ea-2d96-3876-07c15a639ade.jpg,4,true,"tensor([[477.7502,  98.2271, 574.6729, 406.9859],
        [ 82.4944,  61.9877, 388.5652, 407.6520],
        [ 82.6389,  89.6651, 106.1241, 126.3610],
        [ 82.3352,  89.8746, 106.1804, 234.6794]], device='cuda:0')"
1d2db8b0-4443-c52a-d9ae-01da72b4913a.jpg,4,true,"tensor([[415.1266, 164.0508, 562.1653, 261.2772],
        [296.3130, 142.4456, 423.4213, 240.9365],
        [176.1354, 149.1934, 354.7680, 267.3524],
        [175.4831, 142.9407, 425.6299, 266.4760]], device='cuda:0')"
6e05cfa1-6c4c-c364-6566-550a9233f75b.jpg,1,true,"tensor([[241.8652, 183.2860, 456.0591, 294.8102]], device='cuda:0')"
b2de38fb-ae0f-4e9d-bdbe-451fb54cf89a.jpg,1,true,"tensor([[109.8807,  75.4635, 517.7013, 330.7621]], device='cuda:0')"
a8d52685-b610-b7bb-926f-2e44bfbd1237.jpg,4,true,"tensor([[207.3990, 165.0362, 288.7162, 304.5082],
        [327.4553, 137.2193, 555.4909, 308.9790],
        [239.0604, 142.0781, 414.1752, 299.3657],
        [142.4992, 158.5002, 240.5832, 295.8816]], device='cuda:0')"
b017b510-933e-d9df-6c21-9ff253856aad.jpg,1,true,"tensor([[204.6907, 154.6301, 360.1522, 317.8397]], device='cuda:0')"
65d17030-ecf9-5209-ce37-1b0d41fe7eba.jpg,1,true,"tensor([[150.0337,  94.2178, 473.1750, 271.8201]], device='cuda:0')"
429575e0-2d7b-97f1-123f-74049fde6d18.jpg,1,true,"tensor([[307.2863, 268.2341, 351.0350, 292.5026]], device='cuda:0')"
06534cac-ef2e-28d8-6341-47004de7dfc3.jpg,2,true,"tensor([[ 82.0858, 168.5531, 378.3582, 376.8683],
        [416.9391, 168.6144, 536.7747, 227.4965]], device='cuda:0')"
c36923cc-602e-8d96-7044-527d1e4d1895.jpg,2,true,"tensor([[114.1880, 223.7806, 153.6686, 263.6604],
        [209.9077, 189.5243, 437.0661, 317.3785]], device='cuda:0')"
4307eb8c-bd90-bff5-baa1-e2045e2fdc05.jpg,1,true,"tensor([[146.1656, 103.3707, 530.9926, 357.3637]], device='cuda:0')"
6e7fbd60-c3ff-b24e-4095-6c48e8223f19.jpg,5,true,"tensor([[443.1334,  63.2387, 460.8725,  87.4527],
        [186.3703,  63.0942, 229.2364,  86.2587],
        [ 82.0496,  77.2855,  89.8822, 138.6773],
        [220.5757, 222.4597, 429.0412, 339.5197],
        [360.8773,  65.0259, 401.9407,  85.7846]], device='cuda:0')"
be923687-29ff-9e84-a88a-0ede5b99064c.jpg,2,true,"tensor([[432.4837,  58.2257, 574.6959, 390.4174],
        [149.1365,  64.6361, 554.4962, 425.6716]], device='cuda:0')"
ff28e704-6201-d4a6-aef4-ec27473fb4ca.jpg,2,true,"tensor([[ 82.7718,  72.2435, 233.1131, 411.6573],
        [176.2793,  90.7324, 567.8238, 403.5870]], device='cuda:0')"
f2518dac-2aa1-87d1-19f4-0bef10675492.jpg,1,true,"tensor([[129.7417,  58.5532, 460.4160, 418.4067]], device='cuda:0')"
b4752042-f084-4868-d959-370af8c98ccb.jpg,1,true,"tensor([[ 94.3430, 106.5277, 511.0815, 334.3627]], device='cuda:0')"
b475252e-a2b5-8a21-0f1c-ca398481f1af.jpg,1,true,"tensor([[ 89.0856, 129.9714, 556.3415, 385.5527]], device='cuda:0')"
ff5094d2-f644-74f5-9b70-ea14646f3bcf.jpg,1,true,"tensor([[181.6096, 148.5913, 426.7995, 358.9782]], device='cuda:0')"
9f945c4a-1e00-314c-b41f-761cf56c3da9.jpg,1,true,"tensor([[211.5457,  60.2132, 458.2405, 306.2874]], device='cuda:0')"
54150c06-7e53-3e8a-999d-b0392cde5822.jpg,0,false,"tensor([], device='cuda:0', size=(0, 4))"
427196d8-46f1-c021-bb00-2d159e16c1cd.jpg,2,true,"tensor([[ 82.0314,  96.3407, 142.7142, 310.0958],
        [171.0127, 136.1707, 434.7745, 324.3803]], device='cuda:0')"
1e863669-a527-258a-3100-2a098f2dd161.jpg,2,true,"tensor([[287.0430, 208.0901, 553.1175, 365.9808],
        [ 81.4977, 179.3043, 268.3644, 364.0149]], device='cuda:0')"
7ce8fa32-3313-4d92-8c92-34351f043842.jpg,2,true,"tensor([[ 82.6544,  83.3307, 366.1682, 313.3322],
        [125.0465, 103.0064, 574.8911, 359.7519]], device='cuda:0')"
5dba6617-e022-a0f1-8aee-2ff5ed936734.jpg,4,true,"tensor([[400.0885, 271.7086, 447.4895, 296.5219],
        [194.2516, 284.8980, 215.6150, 295.3174],
        [112.0884, 287.2314, 132.9856, 297.3406],
        [359.4785, 274.0073, 389.7888, 297.0306]], device='cuda:0')"
2eeaec02-496e-99a8-2af8-b3cc4a2d03ce.jpg,3,true,"tensor([[225.9632, 100.5031, 555.7683, 319.9833],
        [ 82.7129, 105.7447, 389.8327, 309.4805],
        [101.3767, 126.7813, 189.8071, 318.0266]], device='cuda:0')"
a546261b-a67b-f17d-f59c-58cc4bea5959.jpg,1,true,"tensor([[233.0352,  98.0051, 473.9189, 358.4667]], device='cuda:0')"
599cb0c1-bf8d-3e25-999f-549b0acb6c2c.jpg,2,true,"tensor([[479.3694, 224.3265, 539.6854, 335.1364],
        [166.6844, 150.7608, 406.8146, 346.0732]], device='cuda:0')"
ef92c673-ed6d-73af-ae84-6fab9ab90f39.jpg,2,true,"tensor([[325.1491, 264.5312, 370.7704, 299.5565],
        [298.1667, 238.5019, 360.8488, 296.6025]], device='cuda:0')"
9512b931-7ae3-de10-1af7-1eab9c30eabc.jpg,1,true,"tensor([[194.3530, 155.8463, 447.6171, 355.1622]], device='cuda:0')"
1a0a033b-5c66-bf2f-1dce-e875a1181202.jpg,1,true,"tensor([[178.7195, 133.3008, 451.1046, 366.6249]], device='cuda:0')"
c374246b-10f8-c3d5-5ca3-8798f8466df5.jpg,14,true,"tensor([[413.6055, 252.5296, 494.8401, 298.2648],
        [309.2536, 253.5891, 333.1391, 265.4359],
        [495.6613, 253.2743, 522.6346, 275.1154],
        [525.5596, 259.3841, 565.5215, 275.7924],
        [220.1045, 251.1273, 229.0219, 261.7094],
        [265.8806, 251.5481, 286.8398, 262.2524],
        [ 80.2501, 252.2904,  95.8276, 292.3833],
        [245.3857, 251.2279, 256.9644, 261.9198],
        [328.1532, 251.1711, 358.3715, 280.1143],
        [130.1025, 244.3460, 185.3229, 275.4966],
        [183.5968, 246.1973, 220.4595, 263.9816],
        [352.1508, 247.5219, 383.7120, 283.5185],
        [382.7482, 255.6877, 407.1574, 267.5218],
        [565.1162, 262.4563, 576.1556, 277.2646]], device='cuda:0')"
26b1fa68-eda6-c7c4-d0ec-29e9b6b6997f.jpg,5,true,"tensor([[402.5158, 160.4419, 501.4819, 216.3244],
        [115.4879, 141.7177, 166.0181, 198.7483],
        [130.9175, 151.7006, 218.2910, 213.8191],
        [325.5521, 157.8110, 376.1346, 217.5559],
        [209.1531, 147.1143, 296.1870, 202.2063]], device='cuda:0')"
1f642fe3-2ce7-a3e1-2c49-f763b451529d.jpg,8,true,"tensor([[163.7406, 131.3587, 221.6511, 203.0246],
        [ 82.0028, 120.5565,  94.3597, 135.9821],
        [276.9046,  98.4979, 300.3572, 143.7255],
        [ 82.1181, 129.5558, 130.3059, 212.9295],
        [320.9779,  88.2082, 384.3864, 160.1756],
        [243.7432, 174.0146, 407.0557, 265.8732],
        [289.4207,  74.0467, 329.2574, 127.6951],
        [378.1989, 112.3100, 409.4540, 180.7721]], device='cuda:0')"
ed789a0e-8ffd-3f0c-9101-e293e9ebc514.jpg,2,true,"tensor([[339.8216, 280.9693, 574.3909, 424.5925],
        [136.6713, 273.7911, 362.7353, 425.9973]], device='cuda:0')"
96548877-c208-f001-ba7c-b0a2ec178b7f.jpg,1,true,"tensor([[133.7179, 217.3560, 467.5100, 410.7038]], device='cuda:0')"
2bef6fba-7d09-05a1-353b-97c24cc6a287.jpg,3,true,"tensor([[ 82.6861, 112.3040, 169.6597, 264.1898],
        [170.7696,  99.0688, 554.4260, 273.3194],
        [545.3553, 165.3113, 573.5812, 179.5936]], device='cuda:0')"
0daa21d6-98c0-70c5-8524-36edef4a637d.jpg,2,true,"tensor([[110.6530,  58.6808, 205.8286, 425.6954],
        [194.4366,  76.5983, 510.5486, 410.6070]], device='cuda:0')"
67a123a6-fea1-8b5c-2a28-dc4ae87ce171.jpg,4,true,"tensor([[393.8409, 168.8049, 546.9207, 419.0315],
        [ 82.5734, 196.7971, 221.6193, 391.6275],
        [214.5116, 193.2726, 409.1229, 411.5466],
        [ 81.5008, 193.2044, 246.2610, 379.7352]], device='cuda:0')"
825e2932-7513-a29e-891a-8a652800b65a.jpg,2,true,"tensor([[ 82.5251, 190.5413, 156.8359, 324.5451],
        [154.6677, 143.3616, 526.2499, 320.0714]], device='cuda:0')"
92b10c4a-fd52-508d-5606-3a0401977743.jpg,4,true,"tensor([[451.2756, 255.2934, 503.4006, 299.0046],
        [330.4911, 257.3042, 364.1558, 285.8126],
        [194.3486, 254.1891, 256.2781, 305.3899],
        [104.3039, 255.5018, 195.7330, 304.1436]], device='cuda:0')"
87eb58a5-099e-3b6e-3b10-fe199fbfa4d8.jpg,1,true,"tensor([[222.8494, 174.8088, 364.4138, 333.5799]], device='cuda:0')"
03c27571-abbf-6653-39fc-341f0c92880f.jpg,1,true,"tensor([[194.0538, 154.6668, 426.4282, 279.6982]], device='cuda:0')"
0ce8445d-90d8-1012-944e-949d41b98242.jpg,3,true,"tensor([[455.0668, 119.8506, 571.3538, 204.0724],
        [126.8356, 114.3631, 463.4619, 303.5772],
        [277.9893,  84.1608, 366.1520, 127.1970]], device='cuda:0')"
bb457d08-413f-9f3f-ff39-3674efca0472.jpg,0,false,"tensor([], device='cuda:0', size=(0, 4))"
1bc3c74c-95c6-c978-f0e4-129f5f109b8c.jpg,1,true,"tensor([[263.8596, 147.9362, 363.0230, 343.5165]], device='cuda:0')"
a1bdcaf5-037b-8079-01cf-d1fd4a525cbd.jpg,3,true,"tensor([[478.4355, 167.5879, 574.8697, 390.3636],
        [228.0863, 182.7993, 243.2960, 198.0383],
        [144.5784, 181.2449, 520.0754, 388.3431]], device='cuda:0')"
ef839673-7238-6ac3-f121-6246f1c8a3f6.jpg,1,true,"tensor([[ 94.6245, 134.7870, 450.0426, 323.7063]], device='cuda:0')"
d37d8c5b-1d9f-e06a-4bb0-6931d9d9c543.jpg,1,true,"tensor([[194.7455,  84.6597, 502.8171, 372.5731]], device='cuda:0')"
5d9c89bb-e12f-bae9-dee1-1d97f1e11200.jpg,1,true,"tensor([[263.7727,  58.5742, 445.5153, 399.1726]], device='cuda:0')"
1f3b2f41-c5c5-c248-fa3d-751bd440e44f.jpg,4,true,"tensor([[409.2616, 231.0272, 474.0720, 263.7390],
        [114.4088, 223.7276, 159.7114, 254.1926],
        [351.0366, 223.7749, 413.3863, 258.6371],
        [296.5280, 226.9570, 347.7188, 263.6053]], device='cuda:0')"
21d8d533-028f-347d-99e0-49b2fe7907c8.jpg,2,true,"tensor([[544.6626, 231.0088, 565.0287, 259.0665],
        [315.6461, 171.6733, 402.1493, 264.8000]], device='cuda:0')"
74da0bd7-f122-eacd-feb5-4d729c31f078.jpg,1,true,"tensor([[113.5461, 174.8514, 447.6387, 371.2900]], device='cuda:0')"
33b9d89a-0511-cf9c-f1ad-f7be3f66b2cf.jpg,1,true,"tensor([[177.0658, 189.9732, 513.2681, 386.3184]], device='cuda:0')"
68d0c47b-3162-4638-670c-3f9f9a1e18e4.jpg,1,true,"tensor([[ 81.8552,  92.7284, 396.0786, 426.3578]], device='cuda:0')"
7b4c20d3-7fe1-1eab-b115-d0cea0b7dc01.jpg,2,true,"tensor([[501.1344, 100.0614, 575.0230, 257.0695],
        [162.5147,  94.6348, 495.4958, 305.2296]], device='cuda:0')"
4ddcd065-67e9-937b-499f-f0b95cf1be2c.jpg,1,true,"tensor([[ 91.1394, 151.0577, 336.6451, 280.3818]], device='cuda:0')"
f58aa93d-bab2-cbab-c0c8-3178aa2dd47f.jpg,1,true,"tensor([[210.4955, 123.9843, 427.3063, 389.4332]], device='cuda:0')"
fe1055df-819d-d178-e8d0-910d920da94d.jpg,1,true,"tensor([[240.8262,  79.2708, 560.9489, 422.3216]], device='cuda:0')"
6306fd90-cec2-5d63-bc43-a6d42cc62920.jpg,2,true,"tensor([[232.0819, 216.9026, 340.4720, 305.2477],
        [231.4171, 216.7823, 407.7372, 317.5386]], device='cuda:0')"
f7f18c63-a247-167e-58fa-8cc7f5d047db.jpg,2,true,"tensor([[108.2107, 160.7600, 449.2729, 297.9147],
        [359.9304,  84.7444, 368.9731,  95.2231]], device='cuda:0')"
6699d07e-86e8-13dd-892b-8a276743052c.jpg,1,true,"tensor([[215.9122, 103.7774, 452.0389, 399.0939]], device='cuda:0')"
4a2925c4-271a-9122-7708-9536f318cb9c.jpg,1,true,"tensor([[297.5671, 171.2447, 462.1760, 283.6825]], device='cuda:0')"
8ad00cf6-8d7b-de36-8bc6-4dd2bf7b7512.jpg,1,true,"tensor([[198.9955, 100.7003, 508.2380, 414.4976]], device='cuda:0')"
23635810-329c-14b8-94b4-7f313b347cb4.jpg,4,true,"tensor([[465.5874, 304.6599, 574.8806, 347.4911],
        [302.1071, 223.7840, 316.7476, 235.0667],
        [143.0376, 161.5907, 492.0775, 379.1311],
        [345.9174, 205.0263, 367.8712, 223.1993]], device='cuda:0')"
8071e9f6-4772-0c2f-91ad-7bd6e2683a1f.jpg,2,true,"tensor([[463.3776, 143.8472, 574.6005, 426.2812],
        [ 82.8434,  84.1640, 517.1233, 425.8600]], device='cuda:0')"
b361aa8d-1ff3-63ac-b94b-e1b8cd50b923.jpg,3,true,"tensor([[235.7412, 186.6896, 509.1639, 309.4238],
        [162.6818, 219.2694, 280.2715, 299.6008],
        [138.4956, 218.1462, 288.8769, 357.3818]], device='cuda:0')"
3ef178fe-9078-d0ee-ba03-55cb7ead176c.jpg,2,true,"tensor([[ 82.2322, 177.3138, 116.9753, 241.2270],
        [175.2234, 176.9683, 422.7469, 356.4197]], device='cuda:0')"
d0b65aa6-b41d-5f69-62d3-5f5af2576c93.jpg,3,true,"tensor([[318.0969, 180.0049, 512.1949, 333.1489],
        [126.9559, 206.0071, 317.2732, 342.4231],
        [ 81.9257, 218.6001, 178.5993, 339.4908]], device='cuda:0')"
432265fd-9514-5cfd-b662-b2e720daa331.jpg,6,true,"tensor([[527.0804, 154.2697, 575.1353, 243.7709],
        [496.1671, 264.7390, 575.4186, 426.0659],
        [ 82.4931,  80.8361, 560.1569, 426.1162],
        [486.9527, 233.5095, 574.0245, 422.6805],
        [302.9372, 184.8066, 557.7957, 426.0094],
        [ 81.8366,  69.8184, 303.2978, 408.2874]], device='cuda:0')"
cc2b4ab0-4a27-02e9-f1cf-f4ac72016125.jpg,5,true,"tensor([[466.6922, 168.8304, 541.4017, 303.4698],
        [112.0124, 194.3337, 437.6129, 348.0389],
        [514.0640, 233.4790, 575.0295, 304.6015],
        [423.3044, 157.3447, 499.4798, 305.6924],
        [352.5731, 157.2792, 498.5052, 307.9250]], device='cuda:0')"
0d88b08b-41aa-7509-ee19-1b48a1f3e622.jpg,9,true,"tensor([[166.7780, 184.0510, 190.3085, 227.1272],
        [491.0951, 164.1733, 526.7133, 190.6768],
        [209.6959, 155.2463, 246.3877, 181.5011],
        [ 82.0605, 171.7412, 110.8541, 190.2235],
        [545.0730, 167.2887, 552.9537, 181.6417],
        [547.4358, 165.5121, 574.8249, 183.4386],
        [302.6112, 192.0668, 358.3927, 216.5817],
        [405.7012, 121.5078, 428.4499, 145.3403],
        [407.7968, 175.0459, 453.6296, 199.0684]], device='cuda:0')"
00623b3d-fce0-4dc4-c748-9e54286bda2f.jpg,1,true,"tensor([[142.2999,  59.9637, 429.5092, 395.4129]], device='cuda:0')"
96d2ac48-06e4-165c-7a0e-e874e71257e6.jpg,1,true,"tensor([[179.2573, 232.4371, 386.3781, 360.6744]], device='cuda:0')"
b4b93e22-852b-ed73-bb66-f119c0880145.jpg,1,true,"tensor([[115.0077, 129.6519, 509.7583, 398.5769]], device='cuda:0')"
17158e6d-9992-eff0-e15d-feb7b52e0b4e.jpg,1,true,"tensor([[ 83.4048, 102.0552, 574.7040, 377.7560]], device='cuda:0')"
3a41c42c-5372-597f-e294-d16ebfd5f46f.jpg,3,true,"tensor([[ 82.4043, 199.9745, 136.3004, 243.9732],
        [126.4381, 130.0931, 460.1434, 324.1945],
        [447.1790, 189.1978, 473.5534, 236.9171]], device='cuda:0')"
53ca6f2c-76c4-7b8d-16dd-4748e9e65bc9.jpg,2,true,"tensor([[260.2936, 208.2534, 423.0911, 331.8570],
        [185.8324, 104.4730, 504.4345, 328.6302]], device='cuda:0')"
e3b908df-f7e2-c602-06b7-3f4ee46f91a9.jpg,3,true,"tensor([[406.3497,  61.6024, 574.8170, 420.1036],
        [ 81.6166,  85.4118, 290.6014, 188.1107],
        [ 81.7601, 100.5831, 467.3258, 426.3348]], device='cuda:0')"
8ec973c0-b770-09cf-59bd-741c519368fc.jpg,1,true,"tensor([[121.2542, 127.5889, 497.3732, 330.8751]], device='cuda:0')"
e4950fa9-880f-cbfd-3aac-dde93930e372.jpg,2,true,"tensor([[409.6334, 212.9523, 574.8087, 356.9116],
        [135.6386, 166.0376, 413.2816, 326.0423]], device='cuda:0')"
a96c31e5-dee3-7fb8-8627-534b5900ad42.jpg,1,true,"tensor([[ 81.9148, 176.5117, 326.3354, 385.4272]], device='cuda:0')"
bfcb520b-6e68-9379-e9fa-a317d40e71c2.jpg,1,true,"tensor([[286.7654, 249.6962, 346.3157, 300.6883]], device='cuda:0')"
c8c14eac-88b2-bbdc-df6e-320bc98d894d.jpg,2,true,"tensor([[ 82.0767, 121.8924, 490.1157, 382.2605],
        [ 81.8807,  58.6488, 425.3630, 294.6301]], device='cuda:0')"
c5941a13-cf64-a087-47cd-1be9af4a5ba2.jpg,1,true,"tensor([[251.6638, 225.3982, 453.7519, 390.7076]], device='cuda:0')"
e16d719a-57c2-7a95-6c4e-d48f8ce3bac9.jpg,1,true,"tensor([[129.0399, 182.2601, 445.7969, 326.3417]], device='cuda:0')"
2f552e33-fdd1-0c58-1a28-144b4219972f.jpg,3,true,"tensor([[ 82.0929, 111.6563, 173.0435, 339.3136],
        [146.3739, 110.6999, 509.1467, 327.8738],
        [ 82.5655, 113.7595, 234.2300, 310.7902]], device='cuda:0')"
47b307fc-07f5-7ce3-f45a-a690427d5720.jpg,1,true,"tensor([[213.1247, 156.3071, 432.1591, 320.5017]], device='cuda:0')"
4f304086-f4c6-e82a-81a3-c484939f4c9f.jpg,1,true,"tensor([[139.8841, 123.0262, 470.9933, 297.8696]], device='cuda:0')"
f2445a48-99be-deac-7cb3-94cd3d252841.jpg,1,true,"tensor([[189.3721, 213.4654, 454.8165, 369.2430]], device='cuda:0')"
8e79373d-13f5-df4d-774d-3b8b4ffc7213.jpg,2,true,"tensor([[ 82.1842, 197.4196, 156.3016, 327.2226],
        [209.1969, 159.2345, 508.7832, 315.0584]], device='cuda:0')"
87032348-bfdd-19a1-11d6-6531ba47fa4a.jpg,1,true,"tensor([[215.7127, 103.3947, 427.1133, 342.5338]], device='cuda:0')"
d8692d87-4cd9-ca5e-837b-609845047df3.jpg,1,true,"tensor([[ 82.1214, 129.2282, 322.0071, 255.1760]], device='cuda:0')"
15c33740-81d0-0567-e208-135ac31b97a6.jpg,3,true,"tensor([[505.5892, 192.5179, 541.8103, 234.0193],
        [156.2310, 184.3492, 265.0146, 258.0573],
        [279.9227, 194.7462, 414.9514, 256.0855]], device='cuda:0')"
039d246f-5759-55cb-32eb-88d1548c164a.jpg,1,true,"tensor([[150.8817, 171.2750, 475.1886, 386.9577]], device='cuda:0')"
06024785-c58e-f5f7-0613-dff8960321c5.jpg,1,true,"tensor([[ 82.7312, 113.0453, 527.4433, 352.4523]], device='cuda:0')"
a05e962c-42c2-0c06-881f-c23d04ab01f0.jpg,1,true,"tensor([[311.7595, 196.1473, 365.2028, 265.7506]], device='cuda:0')"
ac779c91-0f35-ac1e-ba68-d86488c60c32.jpg,1,true,"tensor([[368.5357, 221.2551, 423.0386, 298.1225]], device='cuda:0')"
70627400-86a0-9b8f-c015-199fb0b9c741.jpg,3,true,"tensor([[469.4969, 209.1098, 574.4423, 322.6658],
        [544.4440, 227.6135, 575.5101, 332.9376],
        [ 81.9793, 130.2810, 545.1589, 315.4033]], device='cuda:0')"
43adfb83-f8a3-137c-3490-1febaf4ca662.jpg,3,true,"tensor([[475.3595, 102.3440, 575.0087, 395.0965],
        [436.7020,  66.2420, 575.0084, 287.6407],
        [207.0308,  72.6881, 496.4824, 400.6303]], device='cuda:0')"
9344c4ee-8884-9976-dc61-6d8dd4e3c314.jpg,4,true,"tensor([[139.7721, 163.1847, 308.6038, 281.4497],
        [484.7500, 137.7595, 575.1593, 267.9198],
        [130.8269, 121.0626, 356.4888, 288.9130],
        [411.6689, 103.2633, 547.3085, 264.3018]], device='cuda:0')"
11a8605c-a6bf-4db5-5090-b5dd86f5bf71.jpg,3,true,"tensor([[556.9309, 116.3020, 574.6765, 152.5446],
        [104.8506, 219.3008, 144.2585, 236.6489],
        [157.1028, 155.1743, 507.1381, 348.0581]], device='cuda:0')"
673ffee1-5fe0-4546-2017-3f2c132927f7.jpg,1,true,"tensor([[ 82.8361, 123.7488, 490.3558, 357.7814]], device='cuda:0')"
b8de749c-d048-7126-c0e7-fb9d1b1d8f8e.jpg,1,true,"tensor([[161.7598, 108.7428, 470.6049, 326.2783]], device='cuda:0')"
0cd99b1b-4693-0350-452c-9796b7e1e7fe.jpg,1,true,"tensor([[117.0557,  58.6914, 570.3250, 329.4637]], device='cuda:0')"
4f7f214e-9021-759a-5533-16277f74fffb.jpg,1,true,"tensor([[ 81.9157, 125.1480, 480.8223, 425.6698]], device='cuda:0')"
86bb81e7-2605-1e01-979c-9d5dcce12a83.jpg,1,true,"tensor([[152.3566, 133.7817, 424.8337, 345.0470]], device='cuda:0')"
d340c1a0-1e15-d93f-9c89-b1c065fd6e06.jpg,2,true,"tensor([[341.7671, 194.2197, 515.7611, 311.3397],
        [ 91.7512, 195.7569, 230.4543, 279.6880]], device='cuda:0')"
47120953-bc47-e70b-f03f-8349c8525890.jpg,2,true,"tensor([[151.6921, 112.6568, 526.2262, 325.2464],
        [ 82.1706,  81.3181, 217.1631, 296.1928]], device='cuda:0')"
be2adb11-7d56-b109-2dad-35e1b4be2584.jpg,2,true,"tensor([[323.6418, 197.1003, 434.2115, 315.8566],
        [255.9358, 225.8256, 317.6544, 292.5008]], device='cuda:0')"
f2321072-4fcb-d3d3-a766-17746c8da977.jpg,12,true,"tensor([[517.1901,  66.3820, 574.4924, 190.1843],
        [421.0501,  75.4804, 446.9216, 127.9262],
        [321.4931,  74.6717, 407.4906, 152.6017],
        [480.8795, 258.4619, 569.4884, 344.2279],
        [305.2273,  73.4285, 406.3168, 152.6535],
        [181.2772, 126.9558, 221.2682, 185.3871],
        [533.2197, 206.4750, 574.7800, 231.7648],
        [205.6314, 124.3086, 283.7263, 173.1631],
        [137.5451,  60.4043, 192.2156, 175.5017],
        [143.7302, 112.9766, 523.7106, 331.0497],
        [298.2015,  69.5075, 356.0364, 146.0940],
        [184.3123, 125.4328, 282.7390, 185.7025]], device='cuda:0')"
e9a76003-4b2b-9c43-b600-baba59f616f7.jpg,5,true,"tensor([[374.4689, 237.3386, 460.1586, 295.8092],
        [293.1513, 227.6460, 330.1514, 240.6842],
        [194.6010, 231.2865, 261.0734, 292.0904],
        [ 80.1478, 228.4973,  89.1224, 278.2193],
        [268.3527, 235.6118, 369.8118, 299.9609]], device='cuda:0')"
2eb442c6-6a92-f4e9-a37d-6964350683a6.jpg,1,true,"tensor([[119.5333, 175.3779, 496.9402, 391.7948]], device='cuda:0')"
0a77f845-9f01-30dd-c97d-99fa9cb159f6.jpg,1,true,"tensor([[126.5059, 147.4548, 464.5369, 402.5388]], device='cuda:0')"
5c0b1240-9245-c96f-ef25-8293eb9108b8.jpg,1,true,"tensor([[116.9770,  81.6313, 399.6695, 343.5276]], device='cuda:0')"
93f19608-d948-df94-bb2e-3d745177f565.jpg,1,true,"tensor([[179.0268,  59.0203, 474.0436, 379.8765]], device='cuda:0')"
089679ea-0666-554f-665b-4c5a115a6821.jpg,2,true,"tensor([[217.0859, 251.3807, 285.0549, 296.1731],
        [305.1969, 245.4477, 382.6772, 293.9503]], device='cuda:0')"
a2ee1217-2c5d-e2ea-c1f1-4fdd20e2db04.jpg,2,true,"tensor([[ 82.1255, 123.3039,  87.7297, 145.1097],
        [173.8489,  58.3283, 453.7671, 364.6946]], device='cuda:0')"
173a6d60-0f3a-45e5-0a64-ce39a4512e9c.jpg,2,true,"tensor([[174.8645, 119.2244, 504.1233, 360.2348],
        [245.6573,  89.0933, 331.0409, 137.0906]], device='cuda:0')"
a3bae23c-e9c7-c23a-38dc-5bae8a04c3f4.jpg,3,true,"tensor([[236.0529, 246.3894, 459.4933, 386.7005],
        [227.5029, 267.4591, 347.5060, 382.0545],
        [129.2604, 251.4296, 291.0125, 361.3986]], device='cuda:0')"
565407dc-3271-3b2a-4165-970832b03d35.jpg,4,true,"tensor([[420.0487, 182.4359, 484.8561, 296.9957],
        [176.3137,  81.5667, 305.8789, 335.0683],
        [542.2833, 229.9271, 554.8511, 253.3521],
        [294.8336, 216.9454, 372.2601, 307.8693]], device='cuda:0')"
d14c2df3-37c8-b630-2bcf-ce6266669488.jpg,1,true,"tensor([[214.0228, 118.3774, 538.5461, 323.9991]], device='cuda:0')"
cdec02e5-de48-7322-4a50-0b052210a3ec.jpg,1,true,"tensor([[231.1619, 184.9554, 375.4299, 362.7469]], device='cuda:0')"
f8fcb558-4fda-7655-f0fe-9867d4022409.jpg,4,true,"tensor([[227.3969, 208.8400, 483.7364, 350.1028],
        [132.4371, 220.7602, 271.5408, 331.2718],
        [116.7806, 230.5318, 210.3016, 333.6084],
        [ 81.9332, 192.8004, 138.5289, 304.4603]], device='cuda:0')"
636e2dca-4752-7cb7-94ab-0a2b8b3fb048.jpg,3,true,"tensor([[152.4752, 181.2852, 346.2813, 296.2946],
        [370.1950, 186.2202, 497.4954, 296.3051],
        [ 81.9628, 166.6294, 274.9612, 297.5895]], device='cuda:0')"
88660177-17e1-b385-62b4-b892bc395156.jpg,1,true,"tensor([[311.8218, 189.5200, 513.9703, 331.9005]], device='cuda:0')"
e9abc95e-ba07-118e-27a0-637ae575d0ea.jpg,2,true,"tensor([[184.2148, 134.7517, 512.2395, 323.4762],
        [319.4040, 125.1903, 419.6114, 160.6036]], device='cuda:0')"
831d44eb-4ba0-c30d-d6dd-19140cf8c258.jpg,1,true,"tensor([[158.5752,  87.7424, 517.8185, 316.6299]], device='cuda:0')"
4cf4752b-398c-6681-76a0-793a99aa6504.jpg,3,true,"tensor([[483.7795, 219.0410, 494.0796, 247.7371],
        [138.6703, 141.8279, 282.0244, 261.0818],
        [229.1260, 156.5606, 431.5406, 268.1227]], device='cuda:0')"
7e361432-f9cd-7dda-84f9-2088fcc53e1c.jpg,3,true,"tensor([[495.2048, 269.9323, 574.6296, 371.3274],
        [128.9559, 255.1788, 347.5104, 387.9508],
        [353.8284, 265.7891, 496.7105, 376.0558]], device='cuda:0')"
15be1e74-35cc-54af-84cb-0320001cb015.jpg,4,true,"tensor([[205.6392, 134.2207, 265.9489, 200.1463],
        [ 81.7394, 149.8520, 155.9291, 227.7466],
        [ 82.3835, 123.7124, 503.5092, 409.2411],
        [208.6531, 132.3214, 378.0402, 202.5236]], device='cuda:0')"
198f6b4f-da5f-a53c-5576-d6dea331aea3.jpg,3,true,"tensor([[361.3620, 184.6770, 574.4022, 305.1107],
        [ 82.1470, 164.9726, 166.7251, 307.9119],
        [155.4604, 164.2048, 408.5483, 306.3618]], device='cuda:0')"
71e0c532-bc6f-551d-fe70-6496383e4823.jpg,1,true,"tensor([[ 87.2433,  58.3295, 467.5326, 398.4526]], device='cuda:0')"
96171d45-6c81-7ec9-8e5f-bfd6e70aa326.jpg,1,true,"tensor([[264.2474,  95.7892, 405.8024, 383.2540]], device='cuda:0')"
61d7af35-8135-cc38-5b08-9f084db20a03.jpg,1,true,"tensor([[109.4528,  63.1382, 467.2644, 376.5974]], device='cuda:0')"
d2bfff74-2dc1-fbef-3495-a501fc0e4e56.jpg,1,true,"tensor([[135.4833,  98.4351, 502.0032, 388.0682]], device='cuda:0')"
c989e91a-0c9b-cf85-80b6-cebfa31f912f.jpg,1,true,"tensor([[273.4699, 113.3847, 509.4598, 345.3004]], device='cuda:0')"
2dbca2cb-d2ea-5fa5-5d3b-69d177f9809f.jpg,1,true,"tensor([[ 81.8553,  58.7707, 301.7316, 256.7457]], device='cuda:0')"
4980e3cc-3fa1-f42a-9ce7-b9f4311da2f6.jpg,1,true,"tensor([[287.1814, 175.4982, 317.5669, 264.1005]], device='cuda:0')"
70d6967b-e25b-ce91-189f-d16175f524f7.jpg,2,true,"tensor([[495.3822, 184.4439, 574.9406, 425.4058],
        [126.6005, 155.3689, 488.8265, 339.0482]], device='cuda:0')"
8347d980-06fa-008a-6852-f3b3283a362f.jpg,2,true,"tensor([[345.8280,  74.5763, 574.9683, 391.6751],
        [ 82.2248,  96.1747, 524.7839, 393.8190]], device='cuda:0')"
3819a1dc-138f-2227-62d8-d1d44aef6e80.jpg,1,true,"tensor([[ 84.5077, 114.3337, 537.0465, 383.7160]], device='cuda:0')"
e1f0712b-fcbe-db82-5c99-7a93f4e25295.jpg,3,true,"tensor([[307.4742, 135.7063, 518.1501, 298.4587],
        [192.5177,  83.4011, 462.6059, 313.1678],
        [ 82.3556,  65.3295, 243.3787, 275.8621]], device='cuda:0')"
7a8162ea-c8b0-a50c-4d27-7257d0c39919.jpg,1,true,"tensor([[ 82.2794, 183.9540, 406.6462, 356.5327]], device='cuda:0')"
181daccd-1d53-cfbf-0564-7735779e9660.jpg,2,true,"tensor([[540.0013, 209.2404, 554.2084, 226.0946],
        [199.9940, 158.3541, 461.8695, 359.9609]], device='cuda:0')"
d1bede2f-13a2-57b1-9c80-ac3966b65673.jpg,1,true,"tensor([[235.4701, 199.9745, 348.8331, 327.4313]], device='cuda:0')"
6cc09d47-e39e-1d36-89a8-e326d3144685.jpg,1,true,"tensor([[182.4819, 140.2583, 536.1101, 349.8653]], device='cuda:0')"
2b7478c3-f8f8-6139-0e87-f2a4ac84c26d.jpg,1,true,"tensor([[181.7025, 165.3860, 570.9511, 364.7891]], device='cuda:0')"
6137aa29-280a-c358-c905-26556a6730e9.jpg,3,true,"tensor([[421.9290, 158.0350, 575.1047, 269.1888],
        [213.7938, 208.4887, 402.7583, 268.3582],
        [131.5739,  98.9147, 479.9470, 267.2853]], device='cuda:0')"
9e8c8508-2d96-736c-7fd2-e8f0ad572b8d.jpg,1,true,"tensor([[292.9578, 200.3356, 487.6887, 330.1853]], device='cuda:0')"
1e192cb2-864f-8a0f-a3b3-3146f8cd7db8.jpg,1,true,"tensor([[118.8244, 180.4192, 445.0122, 373.4300]], device='cuda:0')"
d2137403-2f77-8f6f-0521-3c079e1af255.jpg,3,true,"tensor([[479.1158, 231.0268, 574.7830, 326.3454],
        [154.7808,  82.7370, 237.4171, 278.3389],
        [219.0696,  75.5058, 475.2011, 291.2313]], device='cuda:0')"
d3f4c8de-cb2b-8838-8b41-c7beb2933c39.jpg,1,true,"tensor([[120.5197, 121.4103, 432.1896, 313.2521]], device='cuda:0')"
6e9424eb-df42-eae4-efc1-214f6e3e0f8a.jpg,13,true,"tensor([[300.0585, 155.3436, 312.5633, 167.7100],
        [440.7228, 146.7332, 455.7135, 155.2575],
        [465.5078, 169.9575, 482.0460, 181.0140],
        [127.4594, 153.5567, 144.9917, 166.3917],
        [209.1924, 143.9479, 219.9958, 159.4250],
        [250.1080, 154.8216, 257.2621, 163.8114],
        [184.6678, 152.2368, 198.0067, 164.7021],
        [447.7304, 161.3279, 464.9225, 171.3436],
        [227.7428, 151.6112, 235.9831, 162.6942],
        [145.2772, 152.2287, 158.4495, 165.0829],
        [288.7788, 236.2949, 396.9215, 302.6451],
        [113.2249, 132.4967, 122.7708, 144.0920],
        [420.5976, 157.7293, 430.7809, 167.7224]], device='cuda:0')"
370368be-4f25-1542-8f1c-e8bbafeac42b.jpg,3,true,"tensor([[402.9071, 137.4431, 574.5968, 349.8268],
        [ 82.0702, 347.3893, 111.0716, 376.2976],
        [136.7478, 101.1202, 518.1536, 373.2333]], device='cuda:0')"
0b9c0ee7-1eff-3c25-308a-46e6ec3ed456.jpg,0,false,"tensor([], device='cuda:0', size=(0, 4))"
9057b8d0-95da-1622-c1c5-683d1443b012.jpg,2,true,"tensor([[330.6851, 218.5054, 472.4904, 337.3474],
        [ 82.1212, 203.8265, 208.2935, 323.2563]], device='cuda:0')"
05ebfdf2-0949-c0b1-169d-db3d24a9da7f.jpg,1,true,"tensor([[317.8690,  95.8050, 378.7628, 426.7766]], device='cuda:0')"
a473fb32-fe00-d865-faae-f1dad9c188bb.jpg,1,true,"tensor([[104.4717, 130.8183, 495.8229, 362.9969]], device='cuda:0')"
feaf83be-1984-aefa-c470-2814a7c382f8.jpg,4,true,"tensor([[ 81.9751, 163.1262,  93.1226, 195.9958],
        [193.9597, 164.4915, 275.8221, 324.8385],
        [ 82.4922, 156.1133, 173.7456, 338.0277],
        [148.5948, 167.3715, 383.0020, 352.3946]], device='cuda:0')"
d7ce627b-8346-7325-15c3-da9b100a3538.jpg,9,true,"tensor([[452.6581, 248.7130, 535.3936, 297.1284],
        [242.7144, 244.5949, 280.9099, 278.0213],
        [282.6314, 242.4643, 343.5467, 287.5164],
        [ 81.0895, 236.9585, 104.9857, 272.1537],
        [566.4922, 264.5499, 575.9382, 287.6970],
        [ 99.7726, 234.2068, 174.6567, 278.6707],
        [362.9791, 246.5691, 439.3856, 293.4873],
        [339.2230, 246.2784, 419.6425, 290.6749],
        [397.3278, 246.6170, 439.6283, 293.0185]], device='cuda:0')"
3e64c8a1-5978-1425-349f-3813d4933040.jpg,1,true,"tensor([[271.3611,  83.8467, 353.3969, 334.5966]], device='cuda:0')"
317f2259-1759-e264-94b3-da699013b7df.jpg,1,true,"tensor([[171.8675, 157.9422, 458.0994, 372.7087]], device='cuda:0')"
50ace268-c585-1e1c-ff4f-44c6353bedf5.jpg,2,true,"tensor([[304.6581, 132.5480, 574.3197, 305.3493],
        [125.4832, 136.5470, 529.9811, 324.1358]], device='cuda:0')"
231dea05-54f2-a750-4640-b0ce50feba18.jpg,2,true,"tensor([[240.9605, 149.9069, 560.5104, 318.4075],
        [ 86.6526, 148.9970, 455.3301, 319.2476]], device='cuda:0')"
777712e8-64b9-ed06-d4c6-c2816c5f1933.jpg,1,true,"tensor([[ 88.5601, 102.6585, 554.1820, 419.0851]], device='cuda:0')"
32dcc617-dfbd-db32-e73f-8258360b0339.jpg,1,true,"tensor([[250.3291, 129.0169, 422.7391, 298.2711]], device='cuda:0')"
af873451-c390-2648-f4e6-96a043045694.jpg,1,true,"tensor([[119.0542,  75.5350, 522.3843, 366.9749]], device='cuda:0')"
5ba2c0d1-cb92-fea3-0900-ad5ea7bb2627.jpg,1,true,"tensor([[120.0974,  58.3357, 451.1935, 389.5460]], device='cuda:0')"
99f940c0-4260-7107-947a-aa63f5798248.jpg,2,true,"tensor([[ 82.4207,  58.1920, 185.9966, 179.5980],
        [113.8095,  81.9985, 512.5033, 345.0704]], device='cuda:0')"
8f7e75df-b88d-1d61-70dc-e87cb4878f1b.jpg,3,true,"tensor([[ 82.1405,  58.1009, 193.2488, 200.0284],
        [411.8253,  62.1132, 573.9049, 168.4789],
        [121.5986,  90.6789, 556.6151, 425.1295]], device='cuda:0')"
7e9f8785-864f-35ee-f2c2-3dbb5716930b.jpg,1,true,"tensor([[277.2284, 169.9711, 394.0241, 315.7207]], device='cuda:0')"
2161d5f9-3cc0-ad5b-b918-5b28af17fb46.jpg,5,true,"tensor([[499.7498, 127.1163, 528.2416, 142.4005],
        [248.0267, 140.5951, 270.6042, 152.6477],
        [124.6845, 139.1817, 524.1818, 394.9185],
        [270.4789, 137.5812, 295.9065, 153.2658],
        [471.9584, 129.9417, 500.1681, 146.6188]], device='cuda:0')"
b57381d2-9e2c-66ff-817f-b2ebaba29e7b.jpg,1,true,"tensor([[ 82.0264, 163.7656, 317.0172, 365.1268]], device='cuda:0')"
878ee1f2-2efd-aed4-ca1f-59f247e3046a.jpg,1,true,"tensor([[163.0887, 152.3488, 444.6231, 283.4875]], device='cuda:0')"
33af7ec8-36ee-a200-fc84-22a3c9f2ffc4.jpg,1,true,"tensor([[253.6275, 104.5039, 371.9678, 260.1120]], device='cuda:0')"
c03689a1-f34d-17ea-b735-adbba41d9467.jpg,5,true,"tensor([[305.9294, 225.3403, 522.1445, 294.9825],
        [175.4381, 200.7997, 328.5393, 283.5649],
        [115.1902, 198.7428, 293.0642, 284.0921],
        [114.2322, 228.4159, 196.8710, 284.6271],
        [319.7950, 150.6038, 366.6780, 225.9865]], device='cuda:0')"
c71a5768-1807-b6c7-30b6-3c965f2a1bf5.jpg,3,true,"tensor([[514.9250,  90.0990, 574.4286, 202.9987],
        [272.5898,  90.9150, 564.8898, 282.7356],
        [235.4158, 115.3139, 506.0340, 288.7488]], device='cuda:0')"
662619d7-964c-9d91-929b-55ec656bbec1.jpg,1,true,"tensor([[287.4174, 192.0551, 429.0800, 330.3129]], device='cuda:0')"
72f22202-6660-5981-9d31-2524077f2f89.jpg,1,true,"tensor([[230.9465,  81.4822, 491.4722, 376.5175]], device='cuda:0')"
ec44c7bb-f101-3b66-3b62-591df5eec624.jpg,1,true,"tensor([[220.3028, 160.5645, 416.9636, 279.4105]], device='cuda:0')"
0950a298-054c-013d-c73c-804700756d58.jpg,0,false,"tensor([], device='cuda:0', size=(0, 4))"
3cea0bf5-4376-838d-d038-0fdbf22653f4.jpg,1,true,"tensor([[210.7964, 176.2846, 422.4526, 305.3218]], device='cuda:0')"
788f7efd-9983-c510-f90f-76848217f685.jpg,2,true,"tensor([[557.7941, 252.3189, 574.7453, 268.5241],
        [254.0830, 143.9622, 536.4626, 313.2770]], device='cuda:0')"
131b7135-caed-ee12-73f4-e72b51d5784d.jpg,2,true,"tensor([[537.6768, 121.7007, 574.9414, 278.0268],
        [294.0435, 129.9415, 550.5059, 418.3087]], device='cuda:0')"
e88c304a-a97d-5fec-56c2-1d82ab643aea.jpg,2,true,"tensor([[319.1011, 199.8868, 390.7021, 269.9842],
        [122.7066, 198.9375, 150.9823, 215.9520]], device='cuda:0')"
cf8a7723-6c2e-1720-f9b3-342e7ec0d0e2.jpg,1,true,"tensor([[123.9980, 171.5819, 441.3152, 345.5258]], device='cuda:0')"
17eff371-2962-39a0-ca81-4c927dd91b1b.jpg,4,true,"tensor([[315.0626, 118.3766, 573.7535, 281.5819],
        [222.6364, 135.9599, 283.8568, 277.2440],
        [213.0845, 123.4998, 452.6784, 266.6942],
        [ 87.6098, 145.4469, 223.8356, 277.6535]], device='cuda:0')"
5347b2af-52a0-bc58-5c3d-d44aab18ce36.jpg,1,true,"tensor([[140.8318, 109.6179, 471.6971, 282.5814]], device='cuda:0')"
4b6a97c4-ef09-7b8a-e45b-6a72edc91a61.jpg,2,true,"tensor([[238.3743, 168.4127, 570.8201, 343.1136],
        [ 82.6341, 193.5424, 228.8014, 353.8959]], device='cuda:0')"
dc2714bb-0fce-9811-ad0a-aa292bcaba7d.jpg,3,true,"tensor([[497.3254, 199.1640, 564.8666, 235.6154],
        [ 82.2051, 170.4968, 121.6531, 257.5289],
        [130.2658, 182.8218, 406.2268, 320.2669]], device='cuda:0')"
8b626e22-eecd-c44f-6790-d12b3209e283.jpg,0,false,"tensor([], device='cuda:0', size=(0, 4))"
64cb6d6e-220b-0c75-e683-01bcbe37d17b.jpg,1,true,"tensor([[170.5392, 141.0361, 515.8533, 309.6490]], device='cuda:0')"
de3a88fd-71b3-b334-4eef-c863347bc156.jpg,1,true,"tensor([[142.5038, 140.4334, 503.1804, 327.3988]], device='cuda:0')"
a5911346-a5a5-f4da-581d-ca39cf1dcd02.jpg,1,true,"tensor([[154.9263, 212.0935, 415.5836, 372.5612]], device='cuda:0')"
412a33f5-1456-0bc6-3e99-5a9cd1ecaafa.jpg,1,true,"tensor([[277.7372, 100.7776, 455.3894, 323.6580]], device='cuda:0')"
963ef127-56f1-f2d9-5ad5-02566a3e5901.jpg,1,true,"tensor([[336.0498, 163.5144, 574.7786, 398.3269]], device='cuda:0')"
7dfb78aa-206d-10d5-4641-ee0c24f1c388.jpg,1,true,"tensor([[172.5600, 156.0449, 566.9207, 426.0276]], device='cuda:0')"
dc2ff8eb-1fea-f2ee-cbe1-aef4e2318f42.jpg,2,true,"tensor([[530.3267,  58.0659, 574.8286,  95.4221],
        [244.9692, 127.2738, 377.5177, 386.0134]], device='cuda:0')"
0356df75-c110-3b39-566c-0b2aa19eab22.jpg,0,false,"tensor([], device='cuda:0', size=(0, 4))"
5feb6f4a-33db-652e-cabf-a8dcd3d9b4d6.jpg,1,true,"tensor([[101.9318,  63.9001, 537.5186, 426.0284]], device='cuda:0')"
c577bcfd-e02d-9f38-4122-0d454cf35b76.jpg,1,true,"tensor([[225.8292, 121.5498, 514.7294, 332.6384]], device='cuda:0')"
2e41c0b4-b5b9-d0cc-f7be-18dfdf655f7a.jpg,2,true,"tensor([[351.9877, 203.4346, 418.0975, 286.4667],
        [189.1185, 203.1268, 213.9572, 251.2328]], device='cuda:0')"
40536d71-f9a8-5a31-c58e-1e58de8dfed6.jpg,1,true,"tensor([[ 82.5957, 111.5366, 483.9151, 311.6622]], device='cuda:0')"
fb435dab-083a-3fd8-ee8e-e88d5674fef6.jpg,2,true,"tensor([[171.2965, 179.6765, 518.4717, 325.6573],
        [343.8698, 113.9380, 352.7393, 128.2415]], device='cuda:0')"
0908c651-f3c2-3c7d-8130-949bd0595b72.jpg,3,true,"tensor([[480.3598,  97.4149, 574.5989, 373.1001],
        [ 83.0347, 294.5056, 269.5266, 402.6802],
        [ 95.3526,  73.0082, 547.9644, 359.1091]], device='cuda:0')"
52fbb357-af18-cbfa-a295-6d73d58f65bc.jpg,3,true,"tensor([[ 82.3762, 197.1110, 174.5714, 419.5877],
        [156.2054, 135.7693, 550.6952, 425.4580],
        [401.2763, 241.7330, 498.1787, 336.2071]], device='cuda:0')"
295982de-30b5-27cf-539c-666b4fbff99d.jpg,5,true,"tensor([[ 81.8661, 120.5536, 124.7995, 212.0985],
        [403.3401, 122.0167, 574.4230, 292.7764],
        [529.0609, 224.9930, 575.1031, 306.0080],
        [ 83.5375,  95.2641, 264.3607, 300.0394],
        [204.6890,  85.7284, 425.9303, 301.5384]], device='cuda:0')"
99235e87-945b-74b4-8b2c-609c0e8bef6d.jpg,6,true,"tensor([[367.4040, 193.1960, 483.5898, 290.1391],
        [213.1310, 209.2622, 297.3759, 280.3716],
        [453.9973, 206.5413, 504.9234, 286.9333],
        [ 82.0271, 207.7252,  89.6397, 265.8164],
        [307.4847, 197.5708, 359.4909, 284.9152],
        [228.3497, 200.8436, 286.8855, 269.7826]], device='cuda:0')"
f2d5fab7-274c-1432-495c-13c4f5697ca8.jpg,1,true,"tensor([[127.1513, 124.9645, 486.5631, 376.9629]], device='cuda:0')"
55dd3a8e-d359-d655-aaea-fda43f38d4c9.jpg,1,true,"tensor([[257.1143, 134.4389, 340.8514, 283.2525]], device='cuda:0')"
25def807-2ba8-54f5-f04d-50d35711b0bf.jpg,1,true,"tensor([[222.5797,  97.1412, 395.9403, 343.3395]], device='cuda:0')"
d2a2b248-1359-8ce0-8dd9-221a636ff10c.jpg,8,true,"tensor([[391.6609, 252.9171, 438.4558, 264.2006],
        [459.1414, 249.9093, 510.1300, 269.6566],
        [481.5671, 253.2605, 543.5985, 318.0297],
        [ 81.9808, 300.7462,  86.6166, 345.0975],
        [116.3763, 262.7136, 243.6067, 350.4467],
        [540.1843, 246.0641, 569.0183, 281.1567],
        [368.3415, 259.5963, 496.1906, 336.1804],
        [287.7239, 265.6452, 370.7990, 340.7042]], device='cuda:0')"
3134a8e6-8542-8daa-cb27-3071312c890e.jpg,2,true,"tensor([[268.5046, 164.1290, 488.1767, 286.6576],
        [ 82.1662, 155.9150, 271.4078, 288.2208]], device='cuda:0')"
786959b0-b0a2-3a00-6749-6a623fec4566.jpg,1,true,"tensor([[ 82.5436, 192.7926, 173.4538, 262.0826]], device='cuda:0')"
84135f35-b06c-ab0c-7240-d8824633c7ef.jpg,1,true,"tensor([[160.7824, 204.9706, 478.1837, 408.5369]], device='cuda:0')"
fcc98913-cc78-a96e-dc60-58c85feba213.jpg,2,true,"tensor([[208.4355, 148.3602, 484.2570, 351.7867],
        [ 82.1044, 135.6139, 390.3459, 350.2912]], device='cuda:0')"
eaa8033b-59b1-44ae-c821-ae921b3f3a94.jpg,3,true,"tensor([[311.8347, 197.7256, 554.9487, 392.9396],
        [ 82.3411, 126.3067, 247.2215, 297.0121],
        [252.3534, 317.1878, 368.9938, 394.9802]], device='cuda:0')"
d4eacc94-462b-ed4e-8f8e-25f3eb846cad.jpg,1,true,"tensor([[179.2265, 192.7700, 518.3828, 384.4496]], device='cuda:0')"
84a941ee-41e5-5f3f-9150-cec885539a2c.jpg,2,true,"tensor([[294.9073, 172.4585, 569.9584, 327.0885],
        [147.7501, 157.1676, 490.6891, 343.5019]], device='cuda:0')"
104c986c-247c-7b01-d879-16161709aa97.jpg,4,true,"tensor([[235.2204, 159.9574, 246.9949, 170.2005],
        [ 99.5264, 104.1611, 175.0653, 150.9707],
        [176.3560, 114.3808, 501.4805, 336.8976],
        [322.4247, 174.0035, 331.0764, 184.7124]], device='cuda:0')"
6c83701b-d2a2-17d1-7189-759fde4f4f81.jpg,1,true,"tensor([[260.9235, 179.0327, 316.1165, 247.3145]], device='cuda:0')"
0feb6c93-87df-47e5-245e-062b0a7ccf0b.jpg,2,true,"tensor([[423.7960, 132.9991, 574.3034, 355.6763],
        [126.2973,  58.5809, 538.2095, 375.3944]], device='cuda:0')"
3d1801ec-972d-b964-4c75-e4bf5c3ce1cd.jpg,2,true,"tensor([[549.3207, 129.0723, 575.2538, 329.5180],
        [110.7811,  59.1867, 531.5879, 314.5624]], device='cuda:0')"
900a1890-cd42-0418-41cf-5b4dbb1ccdac.jpg,2,true,"tensor([[340.3926, 206.6044, 486.5297, 267.1568],
        [203.9212, 210.9638, 277.0290, 266.2249]], device='cuda:0')"
1f4ab94b-bd89-3da1-93f9-a5dfc5c920d1.jpg,1,true,"tensor([[279.1010, 245.5603, 456.1543, 346.8407]], device='cuda:0')"
5fb15f35-f726-777a-8a1b-3dd076464c9b.jpg,1,true,"tensor([[210.0993,  95.7334, 567.4987, 298.8952]], device='cuda:0')"
203ce528-8e52-6f0e-9af0-fce4ebdde003.jpg,1,true,"tensor([[159.0576,  72.0929, 497.8161, 390.7568]], device='cuda:0')"
bb3c5f77-4e18-2a78-75a0-021f277e0fdf.jpg,1,true,"tensor([[340.4025, 206.2659, 425.7248, 289.4407]], device='cuda:0')"
c0b99620-8f06-8fa3-26a6-67d49c2cd6ca.jpg,2,true,"tensor([[491.0894,  94.2282, 574.6801, 426.3701],
        [199.1402, 129.6971, 511.7230, 382.1379]], device='cuda:0')"
c1710c88-34b2-55d3-2664-dfb339024650.jpg,4,true,"tensor([[127.8260, 169.0792, 456.0936, 343.8482],
        [225.2076,  90.1883, 277.6481, 136.4014],
        [391.9812,  99.5107, 448.1546, 140.6628],
        [443.9613, 113.7445, 476.6856, 142.5046]], device='cuda:0')"
ee8bbcab-5e0b-952e-4baf-7b114946fdd5.jpg,1,true,"tensor([[176.0130, 169.4040, 317.4297, 326.5402]], device='cuda:0')"
b8976a9d-508a-1026-0af4-fdfa87f11f40.jpg,1,true,"tensor([[260.3661, 217.4769, 325.9803, 398.2267]], device='cuda:0')"
b15dc0ab-9e44-1115-825f-b8dea5af0b9d.jpg,1,true,"tensor([[165.2907, 170.4405, 390.7014, 308.9860]], device='cuda:0')"
0cd55022-ec57-424b-2ba0-a536308ff755.jpg,1,true,"tensor([[274.9181, 188.0256, 310.0959, 214.5677]], device='cuda:0')"
3e1d3ddd-2b12-0310-eb0e-7cf999b833db.jpg,1,true,"tensor([[222.4640, 135.8327, 435.7440, 380.8248]], device='cuda:0')"
11090254-ec9e-198c-4333-8b12e38e70da.jpg,2,true,"tensor([[ 86.5971, 339.8747, 145.3030, 372.9824],
        [205.5583, 134.7374, 476.7114, 338.4119]], device='cuda:0')"
8e14ec13-2460-2ccc-e873-0688e7211a44.jpg,2,true,"tensor([[259.0305, 205.6171, 522.7734, 344.8106],
        [ 82.1667, 205.8597, 123.9344, 299.5941]], device='cuda:0')"
2061a6e6-1295-e76b-120e-27937023f67d.jpg,2,true,"tensor([[ 82.7717, 146.0797, 296.4583, 290.6704],
        [108.2635, 120.6602, 507.6826, 384.6537]], device='cuda:0')"
b9470e14-884a-2bfd-9730-528295e9081a.jpg,4,true,"tensor([[ 81.8913, 120.1270, 108.1460, 247.1745],
        [ 82.1806, 148.5052, 210.7355, 285.1143],
        [160.3534, 109.8702, 440.5465, 344.0601],
        [103.0388, 153.4191, 374.8489, 351.8200]], device='cuda:0')"
98351541-5750-a0a8-2454-f5e76bed7e5a.jpg,3,true,"tensor([[419.9015, 211.6374, 446.6360, 279.1512],
        [249.7730, 212.3123, 379.9639, 278.4024],
        [347.8979, 222.5946, 405.2028, 257.1393]], device='cuda:0')"
47b58d55-7a87-2942-834a-8e482a1b91ab.jpg,3,true,"tensor([[107.1674, 161.5536, 144.2512, 243.4113],
        [435.2787, 124.2097, 538.8002, 218.2875],
        [143.9218, 148.9242, 440.8944, 339.2184]], device='cuda:0')"
a07f5b5f-0d75-70c8-cd38-e4dbb2d8465b.jpg,13,true,"tensor([[409.3548, 286.0450, 446.3690, 302.6358],
        [ 83.0243, 298.3345, 101.6287, 312.7213],
        [441.4715, 301.6503, 464.2240, 312.8542],
        [526.1819, 296.5372, 547.4625, 314.3491],
        [259.6659, 301.7798, 276.4864, 310.3193],
        [255.5710, 286.0932, 273.0801, 305.4947],
        [180.1619, 299.7280, 198.9579, 310.6416],
        [443.8321, 285.9557, 486.9186, 304.1494],
        [307.4996, 301.1699, 318.8852, 310.9879],
        [387.3106, 303.5782, 407.7725, 313.5828],
        [311.2156, 287.1472, 349.0498, 309.6870],
        [336.2578, 301.7025, 350.1015, 311.6340],
        [422.8557, 298.7278, 444.1354, 309.1749]], device='cuda:0')"
75ed8b61-d099-2c74-28c2-ff5951ada766.jpg,2,true,"tensor([[327.3033, 147.1022, 575.0562, 397.1047],
        [136.5785, 128.8298, 573.8565, 419.2887]], device='cuda:0')"
b9eef918-263f-5a53-542a-8a66b04b8f5e.jpg,2,true,"tensor([[543.3818,  86.8796, 574.4972, 116.9846],
        [ 87.3666, 150.2455, 423.5432, 374.4613]], device='cuda:0')"
d4545a39-6207-06b5-1f97-4a2c964693b1.jpg,4,true,"tensor([[443.3029, 196.3313, 574.3765, 345.5866],
        [478.9146, 199.6389, 575.8003, 343.8558],
        [ 82.3271, 205.1650, 103.5679, 260.6923],
        [212.3116, 198.4680, 443.3283, 341.4182]], device='cuda:0')"
8faf5641-9405-013c-04c1-4fe2c04aa9c6.jpg,6,true,"tensor([[555.9168,  81.9284, 575.0794, 158.7745],
        [ 86.2206,  66.8053, 135.7711, 113.7219],
        [ 86.5828,  62.5984, 285.9839, 207.3271],
        [ 83.9157,  66.9778, 135.5682, 155.3659],
        [258.6188,  59.0609, 442.4206, 203.1399],
        [178.4474,  58.2496, 238.7687,  93.1602]], device='cuda:0')"
d0cff563-3ae1-36d7-2e12-fea45e670e6c.jpg,4,true,"tensor([[353.5074, 182.7335, 572.0887, 316.1216],
        [496.5323, 181.0586, 574.7376, 308.7534],
        [ 82.2067, 182.2990, 218.3393, 321.7551],
        [221.9905, 163.0214, 443.1973, 318.6485]], device='cuda:0')"
f2750ac7-5b31-9320-1d8c-ac84602c1ff6.jpg,3,true,"tensor([[521.5670, 277.4552, 575.1714, 378.8373],
        [197.0146, 129.7825, 280.8853, 317.9801],
        [246.5572, 123.9907, 533.0554, 334.9279]], device='cuda:0')"
09966360-89bd-5336-0606-a1a455336d7b.jpg,4,true,"tensor([[309.8536, 339.0930, 345.9713, 378.4966],
        [ 88.6724,  99.1612, 110.6452, 124.3672],
        [151.0274, 158.9537, 550.7592, 396.4030],
        [425.4486, 380.4545, 492.5863, 406.8396]], device='cuda:0')"
a12a9384-8faf-bdf0-9b55-21e53e8ab5e8.jpg,1,true,"tensor([[174.8268, 122.5580, 483.7408, 359.5573]], device='cuda:0')"
c96e33e1-eb5a-96d4-e939-34b64092d1f7.jpg,3,true,"tensor([[303.8376, 175.2994, 574.4532, 371.6090],
        [530.8566, 244.9074, 575.2243, 356.9983],
        [ 82.0186, 182.8748, 300.8951, 350.0019]], device='cuda:0')"
67ca7d6c-f229-8324-5921-a32c9a2daed7.jpg,1,true,"tensor([[166.1772, 102.7230, 333.1224, 369.0097]], device='cuda:0')"
e2a3a41f-83a0-19d0-7ce6-42026284a340.jpg,1,true,"tensor([[ 82.2310,  58.3000, 476.4035, 426.1892]], device='cuda:0')"
4a1810bf-d259-a7ab-dda9-1eecf2850bfa.jpg,1,true,"tensor([[288.1916, 217.9719, 366.6141, 272.4580]], device='cuda:0')"
34813c0c-d966-9389-d2d4-a3f94d5fc2fa.jpg,3,true,"tensor([[489.4819, 286.4691, 574.7021, 426.3239],
        [ 82.4324, 246.4362, 232.1365, 402.8760],
        [233.3357, 267.4371, 497.6964, 424.2380]], device='cuda:0')"
a01f1ca5-0d61-23a9-8ddd-b82ac41d00d1.jpg,5,true,"tensor([[505.6893,  78.9941, 520.3480,  86.2947],
        [465.9597,  80.5372, 474.7139,  86.8166],
        [477.7096, 141.5068, 574.6854, 292.4918],
        [164.1274, 141.3913, 574.6680, 297.2640],
        [167.7293, 151.6513, 522.4127, 358.5303]], device='cuda:0')"
bf33db09-46f4-a425-0416-dd8523a32d40.jpg,4,true,"tensor([[509.6158, 196.6372, 574.8017, 263.2447],
        [192.5950, 207.8330, 246.0586, 263.0072],
        [143.8561, 212.1117, 211.2361, 263.4699],
        [241.6641, 190.1170, 433.5266, 288.5520]], device='cuda:0')"
8e3bf578-4a71-abab-4fcc-8d8cd3a85f75.jpg,3,true,"tensor([[392.2836, 289.4549, 574.0770, 383.5937],
        [106.7797, 287.7764, 273.9737, 396.0088],
        [305.2075, 297.4982, 381.5979, 384.4078]], device='cuda:0')"
e0691753-5db7-4ba4-f663-e38c1482aa1f.jpg,3,true,"tensor([[231.4089, 231.8814, 301.5979, 293.5373],
        [285.7534, 233.7346, 413.7221, 317.7350],
        [383.4666, 228.9809, 462.1465, 286.9507]], device='cuda:0')"
3267530a-8c61-2c1e-700b-2602ca3e538f.jpg,5,true,"tensor([[425.0084, 182.8898, 574.5277, 323.3113],
        [146.8301, 172.8545, 334.2947, 303.1998],
        [435.5960, 172.9170, 575.3120, 290.5549],
        [520.2545, 172.3717, 574.9494, 287.0103],
        [211.2679, 180.1777, 436.1620, 309.9716]], device='cuda:0')"
78143dcf-a2fc-4ad4-d991-21797885a95a.jpg,1,true,"tensor([[160.4746,  98.3871, 398.7352, 388.8110]], device='cuda:0')"
2254b41a-e495-48ff-558e-8c434bfdebf7.jpg,1,true,"tensor([[205.3489, 166.3733, 542.0179, 384.6526]], device='cuda:0')"
80055918-7044-03cb-08fd-531479e1880d.jpg,1,true,"tensor([[188.0591,  61.1517, 509.6071, 342.6009]], device='cuda:0')"
901d2b1f-7042-4f51-9dad-0ca1d76ad414.jpg,1,true,"tensor([[ 82.3943,  80.0903, 552.0012, 346.6995]], device='cuda:0')"
f2e180ee-8cc5-4c52-4681-92bcfc0d569e.jpg,2,true,"tensor([[ 98.3330, 119.1203, 364.8597, 327.5747],
        [ 82.2142, 155.4977, 123.2710, 216.0768]], device='cuda:0')"
bb9b9720-7819-95aa-3d54-141124ed5ac2.jpg,3,true,"tensor([[494.6279, 121.1177, 574.7207, 414.8434],
        [ 83.3251,  59.3406, 376.6296, 397.9424],
        [111.9236,  82.5043, 567.6190, 399.7045]], device='cuda:0')"
a6cccccb-acdd-71e8-f90a-892fe88ddfad.jpg,2,true,"tensor([[ 82.5854, 114.1561, 354.6942, 353.2871],
        [117.6855, 121.0033, 565.4530, 368.5537]], device='cuda:0')"
956b3112-5ea5-b37c-d214-b12b0e440e08.jpg,1,true,"tensor([[245.3823, 129.1684, 476.0089, 317.3553]], device='cuda:0')"
a12cc2c6-7388-c6ee-ac4f-e3c7bffeb63a.jpg,2,true,"tensor([[279.4219, 136.8086, 407.9225, 282.6309],
        [228.2051, 118.1659, 327.5334, 292.3886]], device='cuda:0')"
f4e60c6f-85d8-78c2-8a4c-1fb970d55fee.jpg,2,true,"tensor([[442.7557, 177.5182, 574.6735, 354.1384],
        [134.6986, 182.3556, 401.7513, 350.7898]], device='cuda:0')"
fe6680e6-d3b3-92dc-edc8-21fc850ce93f.jpg,7,true,"tensor([[240.1591, 226.4672, 269.8800, 240.6421],
        [436.6323, 187.4378, 469.6806, 204.2036],
        [103.4596, 189.2691, 135.8977, 214.6757],
        [210.0993, 135.4247, 246.9241, 160.7120],
        [557.2017, 153.3868, 574.8033, 170.9682],
        [282.3939, 218.8013, 464.7413, 325.1269],
        [424.7500, 179.0350, 457.9097, 200.4225]], device='cuda:0')"
96b71adc-7f19-e4bf-61a2-56d77dafc41c.jpg,3,true,"tensor([[ 81.6901,  63.4243, 189.5437, 391.2237],
        [147.3959,  66.8846, 339.5191, 359.3875],
        [109.1691,  87.2117, 407.3568, 395.8508]], device='cuda:0')"
87612dab-0eee-4e4b-a995-a37e666568ca.jpg,2,true,"tensor([[514.1940,  86.3790, 575.1652, 290.9811],
        [186.5521,  88.9362, 510.9391, 299.8086]], device='cuda:0')"
e3ee614c-2852-c18f-d4d3-2e14ea90efb5.jpg,1,true,"tensor([[267.2924, 145.7814, 340.5333, 325.7100]], device='cuda:0')"
de0fb6c5-1cce-c5e1-a951-8e6ce7db78e5.jpg,1,true,"tensor([[187.1830,  92.7318, 442.3806, 402.5559]], device='cuda:0')"
ab6b5d5d-0098-a4f4-09f4-d84f6a3db429.jpg,2,true,"tensor([[265.2367, 154.3956, 491.7553, 388.0292],
        [228.8725,  89.6583, 432.8244, 394.0513]], device='cuda:0')"
3fd50028-f320-d0fe-666c-35f6116eb34f.jpg,1,true,"tensor([[ 82.7110, 137.7400, 492.4602, 354.9343]], device='cuda:0')"
46fd094d-09e3-ec96-cf18-7d0a54ec9fd8.jpg,1,true,"tensor([[215.9534, 139.2749, 526.8705, 288.6536]], device='cuda:0')"
fe4fb83b-2be2-64a9-da2f-36af7f0b749b.jpg,3,true,"tensor([[171.4247, 277.8398, 201.2412, 296.0941],
        [336.4605, 278.9048, 372.7723, 308.0451],
        [287.7445, 272.5372, 329.1391, 294.5580]], device='cuda:0')"
09cc8f27-f8d5-3713-993f-9f2b2d88ef5b.jpg,1,true,"tensor([[214.5373, 174.6361, 367.2548, 248.5278]], device='cuda:0')"
9eb00ad9-b07f-d9c1-75e0-52f076a95532.jpg,1,true,"tensor([[239.3478,  88.9435, 427.8214, 390.5786]], device='cuda:0')"
2ceecbbe-763a-2444-b747-ec2ec80c0f02.jpg,4,true,"tensor([[501.5197, 144.0919, 565.1481, 179.1712],
        [452.2752, 146.9527, 463.6828, 161.1673],
        [181.3137, 120.7600, 250.8830, 147.3614],
        [136.1290, 132.4663, 466.2252, 313.4395]], device='cuda:0')"
5f73b4cc-2bed-43e1-7b53-78c8e07e8f34.jpg,2,true,"tensor([[339.3939, 168.2934, 553.6067, 300.5665],
        [ 81.9154, 146.8173, 344.2367, 325.3578]], device='cuda:0')"
a3f6c90b-d155-6062-e143-dd8e0b5661da.jpg,1,true,"tensor([[376.2484, 223.0067, 414.2903, 247.8596]], device='cuda:0')"
81562573-0d47-3ead-dcc2-a7a06305380e.jpg,2,true,"tensor([[ 82.2318,  60.3368, 494.3913, 304.6077],
        [ 82.6253,  58.0160, 549.2688, 266.5269]], device='cuda:0')"
588dccce-1a2e-15c9-0103-6f8751389b0f.jpg,1,true,"tensor([[194.5300,  92.1415, 428.7680, 246.8447]], device='cuda:0')"
523327b3-e077-98b9-43f9-7775b102a1c9.jpg,4,true,"tensor([[359.4114, 179.3094, 574.7411, 347.4460],
        [ 81.7612, 151.7116, 159.4668, 307.7679],
        [ 96.7551, 173.6617, 291.1385, 303.3399],
        [141.9597, 150.6548, 461.3260, 350.2015]], device='cuda:0')"
920c33dc-203e-e51f-9cae-69fca5bebf56.jpg,1,true,"tensor([[ 99.6831, 104.5539, 543.0292, 367.6211]], device='cuda:0')"
35479d6e-fdeb-8075-ffb1-446881701ebb.jpg,1,true,"tensor([[245.4127, 199.9413, 294.6118, 301.5942]], device='cuda:0')"
97857042-554d-b11f-2dcc-7423701737aa.jpg,0,false,"tensor([], device='cuda:0', size=(0, 4))"
dea48fff-3adb-f50c-c443-0ca91f26a53b.jpg,2,true,"tensor([[542.7542, 182.2880, 575.0479, 307.4764],
        [264.2731, 178.1929, 477.5504, 343.2232]], device='cuda:0')"
45149d83-bd72-95f7-a361-d32dddcf4a97.jpg,5,true,"tensor([[368.6879, 225.3378, 501.8612, 352.1255],
        [ 82.1360, 234.2741, 117.3568, 319.7538],
        [178.7996, 186.2634, 217.6447, 223.9351],
        [198.9306, 215.3789, 400.3528, 366.7002],
        [ 82.3604, 328.5759, 142.8531, 426.4030]], device='cuda:0')"
8e1557e9-25b2-72c3-10ac-dd358c31fdd7.jpg,1,true,"tensor([[244.0516, 102.7558, 476.4971, 391.5293]], device='cuda:0')"
fbcb9793-7a56-74b4-959d-467d1edae2b9.jpg,2,true,"tensor([[440.6313, 199.1193, 574.4572, 336.0722],
        [174.6739, 179.3972, 377.8354, 309.4099]], device='cuda:0')"
be666a65-7458-a08f-b0f2-1c1a5396cd59.jpg,1,true,"tensor([[ 89.0592, 135.8038, 533.8300, 361.8799]], device='cuda:0')"
b02e1e2c-4427-288b-a46f-0029309b6b3c.jpg,2,true,"tensor([[167.5091, 142.2008, 207.9781, 160.5892],
        [154.4266, 157.1515, 459.1316, 309.9676]], device='cuda:0')"
b2a67be4-7b59-5ae1-274b-5081420ec368.jpg,1,true,"tensor([[223.0721, 114.7953, 400.6645, 426.1425]], device='cuda:0')"
0d507af6-d559-fcfb-f295-9667054c0e91.jpg,1,true,"tensor([[246.3928,  95.8926, 486.8973, 424.0137]], device='cuda:0')"
f3c42830-54fa-b3d5-2669-4eff955d175f.jpg,2,true,"tensor([[292.1635,  85.7421, 521.1378, 344.8939],
        [105.1257, 146.2005, 295.6796, 343.3396]], device='cuda:0')"
c21633b3-9fcf-474e-e405-6a62b8e9a105.jpg,3,true,"tensor([[ 82.3298,  57.7978, 309.5048, 368.5312],
        [ 81.9012,  58.9697, 164.3914, 209.3515],
        [ 82.3147,  58.2281, 574.4871, 426.2653]], device='cuda:0')"
fbf16d04-8877-399c-76b3-aa9dfb31d3b0.jpg,1,true,"tensor([[ 82.9070, 138.1881, 490.3194, 358.3409]], device='cuda:0')"
646c0496-3f52-d4cf-8468-13cec755093e.jpg,2,true,"tensor([[286.4047, 124.1017, 416.3475, 342.8726],
        [206.7517, 154.6874, 302.5881, 348.2693]], device='cuda:0')"
9f33e83d-fad6-d86d-aa1d-dfc81b19bd53.jpg,1,true,"tensor([[189.3837, 103.0240, 388.8139, 402.1214]], device='cuda:0')"
278d7bb5-7f59-61bd-b86f-a879ba1e6233.jpg,3,true,"tensor([[354.5934, 140.6350, 573.9440, 426.1170],
        [ 82.2303, 144.4612, 143.8382, 409.1640],
        [200.6852, 166.3104, 414.6518, 426.3542]], device='cuda:0')"
055319a7-d903-c5bd-3f5b-e52b5437e888.jpg,1,true,"tensor([[163.2437, 181.5919, 404.6265, 321.8505]], device='cuda:0')"
948dfff7-777b-1fea-0962-932cc166c38c.jpg,1,true,"tensor([[ 82.0720, 134.9434, 393.7146, 320.5861]], device='cuda:0')"
5fc3d270-7bf9-e831-d290-73d7cef25915.jpg,3,true,"tensor([[391.9613, 240.6486, 414.9951, 295.0118],
        [328.3221, 253.3256, 348.6877, 284.6042],
        [224.8392, 248.2731, 254.1666, 287.5986]], device='cuda:0')"
e8fc48b5-8214-cb92-9b54-be7c1530b87c.jpg,1,true,"tensor([[ 82.0084,  58.4073, 574.6462, 426.2515]], device='cuda:0')"
a5489b26-bf06-f060-1c08-2dbc6bad0727.jpg,1,true,"tensor([[134.0106,  98.5445, 499.9523, 376.1139]], device='cuda:0')"
97441ff2-a695-e35b-be6f-b30b0ddd841a.jpg,3,true,"tensor([[473.4156, 264.9423, 546.1223, 303.6037],
        [237.1927, 270.2706, 277.8857, 301.5791],
        [274.2529, 253.9524, 350.9263, 299.9604]], device='cuda:0')"
ab83713a-fb3b-1f32-a494-40ee78d38018.jpg,2,true,"tensor([[ 82.2347, 144.5772, 155.0868, 320.6583],
        [156.1389, 159.1272, 493.1329, 332.2838]], device='cuda:0')"
eec1e670-9621-7480-132e-b2b83a7bdb0f.jpg,2,true,"tensor([[241.4006,  87.4905, 499.3406, 416.2797],
        [159.3320,  70.0540, 385.8854, 425.3102]], device='cuda:0')"
29c7718a-a211-88e3-8b93-5585a3971660.jpg,5,true,"tensor([[526.4391, 237.5477, 558.9493, 271.6859],
        [ 81.9979, 177.4819, 136.7020, 332.4944],
        [ 81.5120, 176.2169, 271.2904, 347.1038],
        [162.1130, 202.2822, 470.2241, 359.0103],
        [469.4052, 246.1037, 495.2896, 268.7626]], device='cuda:0')"
21888d31-6bda-298f-c3a1-99731e3db222.jpg,3,true,"tensor([[320.8809, 204.4852, 348.3917, 229.0748],
        [139.8365, 211.2812, 188.6692, 234.7690],
        [329.1773, 203.2748, 378.9044, 232.5170]], device='cuda:0')"
bb5a9c11-a5b8-064e-ce6c-89f9aaa28803.jpg,2,true,"tensor([[363.4730, 122.6684, 559.6917, 335.5960],
        [268.6799, 173.0462, 379.0892, 326.4563]], device='cuda:0')"
4bf6223f-6613-6f20-912c-b51c6ee545cb.jpg,3,true,"tensor([[473.0476, 102.8716, 574.5577, 350.1050],
        [ 82.0567,  96.6091, 241.8644, 331.2175],
        [187.4643,  98.3141, 509.1613, 308.6326]], device='cuda:0')"
615ae248-8f63-890e-edf7-ffef89c2b1cb.jpg,2,true,"tensor([[312.0323,  58.5319, 574.5118, 423.7745],
        [149.5021,  88.5662, 420.9531, 426.0280]], device='cuda:0')"
50bb9d30-5893-6be0-557e-27c052ef8d25.jpg,4,true,"tensor([[404.1852, 111.7561, 574.7169, 294.7602],
        [ 82.1197, 125.7991, 156.0887, 234.1094],
        [224.7778, 117.3708, 467.2890, 317.8943],
        [179.1062, 111.2050, 404.6205, 311.4352]], device='cuda:0')"
053b6f3b-3e27-46dd-5b46-7dde3a64a8af.jpg,3,true,"tensor([[389.3729, 243.8820, 520.8029, 310.6686],
        [125.5596, 234.9519, 277.8031, 313.4360],
        [285.8506, 239.8559, 383.5898, 312.8074]], device='cuda:0')"
a6d88c05-6808-534d-a066-0a2ec3d185f3.jpg,2,true,"tensor([[281.5724, 206.2723, 466.0274, 325.9692],
        [190.9138, 107.6308, 431.0093, 336.0886]], device='cuda:0')"
7fb7a8d9-de49-64b0-7a94-9d5262ed9b5d.jpg,2,true,"tensor([[145.6304, 104.1540, 496.4088, 425.5579],
        [255.9720, 133.5226, 369.9080, 175.1021]], device='cuda:0')"
5521b912-7296-b90a-490c-b44041f2f86d.jpg,1,true,"tensor([[137.4550,  62.0343, 501.4427, 397.5182]], device='cuda:0')"
5ee4ad19-68da-4a45-ff9b-80d0446c6910.jpg,2,true,"tensor([[ 82.2909, 156.6635, 125.4663, 300.7120],
        [119.5414,  84.8367, 521.4785, 310.8088]], device='cuda:0')"
cef25bef-a6b8-d463-41c5-704210c8efbe.jpg,1,true,"tensor([[153.4393, 111.7500, 571.4019, 335.2234]], device='cuda:0')"
9fed734d-97e2-9aa2-15b9-d96c3551c3f5.jpg,1,true,"tensor([[201.0283,  92.7599, 380.5910, 375.5431]], device='cuda:0')"
d6be7491-14b4-797d-21d5-ec58d3630baa.jpg,1,true,"tensor([[ 82.0398,  96.8596, 442.8690, 286.7641]], device='cuda:0')"
b45b987e-9a0a-fd93-847a-de83747fa0d5.jpg,2,true,"tensor([[403.9828, 178.8312, 466.8853, 256.2820],
        [196.3783, 156.6539, 280.5548, 267.8347]], device='cuda:0')"
abb609cb-ea45-2273-0166-2c3743d392a6.jpg,1,true,"tensor([[175.2956, 118.3172, 450.5699, 314.8293]], device='cuda:0')"
faccf321-6bad-1730-7e25-8c49204e5b8a.jpg,2,true,"tensor([[308.8345, 127.4595, 422.7228, 425.4126],
        [214.3017, 162.0250, 380.7787, 425.2909]], device='cuda:0')"
28d6b046-85bd-5c01-ab87-d2fe1d2f3f8f.jpg,3,true,"tensor([[513.7621, 193.8630, 574.9738, 375.4061],
        [ 82.2821, 205.4916, 191.0277, 368.7573],
        [201.8187, 202.2600, 457.5153, 364.6637]], device='cuda:0')"
04ce60fa-9bf5-809d-77fd-e747aa583515.jpg,1,true,"tensor([[241.1116, 111.0994, 518.3141, 261.8243]], device='cuda:0')"
9551afa5-2b7a-b42a-1d5d-f4a68a459cdf.jpg,3,true,"tensor([[484.0426, 117.7296, 574.8358, 357.4685],
        [168.6102, 127.3506, 531.6005, 345.6104],
        [284.0420,  98.7449, 527.8701, 297.9963]], device='cuda:0')"
d4b1d0cc-9de5-3423-94a5-bbb9f95bd1f8.jpg,1,true,"tensor([[185.0004,  82.9720, 494.8474, 380.3356]], device='cuda:0')"
bced92a9-f0d1-4a0b-8140-f11b60392bf3.jpg,1,true,"tensor([[ 82.1573, 159.0027, 462.4379, 425.9325]], device='cuda:0')"
643fe21a-3422-c42b-60fd-d49649c4fa97.jpg,1,true,"tensor([[230.8923, 102.1142, 470.4744, 353.1768]], device='cuda:0')"
4c834c26-4bd8-948c-8cb9-759335051b99.jpg,2,true,"tensor([[ 82.3939, 177.2369, 112.8960, 280.3966],
        [163.4000, 179.1890, 434.6462, 356.0984]], device='cuda:0')"
bac48e66-5a27-11ec-ef90-1026408a3538.jpg,1,true,"tensor([[174.8756, 138.8969, 489.4028, 309.5866]], device='cuda:0')"
d61a4fde-a321-db2d-f1e9-a5a6d31d80a1.jpg,3,true,"tensor([[438.0169, 167.8227, 555.1211, 241.6987],
        [267.3553, 184.9418, 523.8123, 340.7219],
        [317.0145, 164.7003, 407.4467, 196.3441]], device='cuda:0')"
5401b289-3b11-2fcc-1e3b-f2ab8085f46f.jpg,1,true,"tensor([[132.2072, 205.6536, 395.2710, 345.6335]], device='cuda:0')"
48341fbf-bf60-5901-2ee2-df825e04e33e.jpg,4,true,"tensor([[116.3323, 162.5605, 317.2999, 280.2991],
        [420.8071, 154.7446, 574.4647, 257.1762],
        [ 82.4116, 183.3842, 127.5766, 222.5300],
        [247.4378, 153.0726, 474.3397, 268.5994]], device='cuda:0')"
cbfd198c-3742-fbd9-68f4-bb8c4360d43f.jpg,3,true,"tensor([[163.7992, 144.6337, 318.7340, 377.1700],
        [ 82.3220, 134.0507, 139.0400, 371.2653],
        [125.9389, 133.7290, 452.3424, 382.7350]], device='cuda:0')"
8579113d-009a-f9e6-d48b-ce86e1d26283.jpg,1,true,"tensor([[233.4968,  78.5124, 466.4841, 426.2603]], device='cuda:0')"
21dfeb87-953c-b28e-4ffc-7a5bdc146b86.jpg,3,true,"tensor([[464.1711, 198.8168, 571.0261, 268.4645],
        [164.1644, 149.9039, 336.8303, 275.2359],
        [182.7728, 137.3972, 236.0836, 166.2850]], device='cuda:0')"
84f49b5c-5a88-f99d-d20e-9046743ccfbc.jpg,2,true,"tensor([[342.9240, 265.0802, 487.7469, 370.5364],
        [297.6922, 211.1608, 315.2921, 268.0874]], device='cuda:0')"
59bf5236-9258-f4ba-26af-99b8f1375f97.jpg,1,true,"tensor([[113.6373, 227.1866, 386.8479, 426.3356]], device='cuda:0')"
039ae6e4-b2e1-1d63-b2ff-5491414e8cdc.jpg,1,true,"tensor([[256.2161, 103.7169, 442.2915, 426.5286]], device='cuda:0')"
d07a01a5-7484-3abb-01e7-8ab4101d7fdf.jpg,5,true,"tensor([[402.1161, 220.1387, 491.1351, 292.3261],
        [ 82.1516, 246.1371,  89.0788, 269.0299],
        [ 91.2372, 228.9919, 155.1342, 268.2130],
        [229.0801, 218.6637, 254.9906, 274.7559],
        [241.2814, 219.6415, 376.3838, 286.4695]], device='cuda:0')"
429d7458-2a86-c739-a442-c56524c0d61d.jpg,5,true,"tensor([[468.5334, 279.7791, 490.3613, 319.1451],
        [161.4653, 241.7644, 188.9622, 317.3253],
        [ 88.7516, 367.1627, 101.9636, 378.5753],
        [ 93.9678, 235.3845, 127.1986, 321.1390],
        [469.2722, 320.3568, 482.4793, 336.4814]], device='cuda:0')"
11e732c3-8567-7ae5-ecf7-3084556e19ea.jpg,4,true,"tensor([[ 88.6532,  96.5808, 330.5911, 249.1045],
        [213.5874,  95.1975, 243.9159, 110.0861],
        [319.0266,  86.0378, 355.0735, 111.1437],
        [244.0255,  91.9910, 273.4471, 105.6083]], device='cuda:0')"
d73f68b4-f526-62db-fa66-4c876acab7b3.jpg,3,true,"tensor([[502.9218, 196.5336, 574.5541, 300.0783],
        [ 82.2953, 211.8664, 133.9975, 333.8244],
        [128.4168, 148.2110, 484.0599, 342.0371]], device='cuda:0')"
690e351b-a500-9f88-c35e-ee0c1f165596.jpg,6,true,"tensor([[447.1295, 115.4061, 574.8126, 339.2991],
        [ 82.0974, 230.8587, 129.6744, 424.8221],
        [ 81.9921,  60.3231, 125.9093,  88.6245],
        [393.0484,  59.2911, 467.1914,  87.6296],
        [133.0869,  98.6875, 451.5647, 341.1686],
        [247.3825,  66.7414, 317.8662,  86.7437]], device='cuda:0')"
6a926436-0ea7-af18-8fa9-9b804ea6635f.jpg,1,true,"tensor([[170.7652, 123.9802, 505.2411, 290.5931]], device='cuda:0')"
59e919a0-420f-8326-aa37-9ec445e096e6.jpg,13,true,"tensor([[128.0800, 167.2513, 166.5150, 214.3735],
        [525.6174, 214.1219, 566.0631, 285.4233],
        [207.0554, 165.5148, 226.5428, 214.9883],
        [177.1777, 221.8500, 209.9056, 312.2848],
        [228.1212, 205.6082, 257.8975, 272.8645],
        [472.5598, 185.7817, 514.4619, 234.7654],
        [111.3378, 176.2604, 155.8873, 218.5855],
        [372.7828, 180.3860, 410.0319, 225.2919],
        [504.8726, 199.0232, 533.5070, 234.1384],
        [318.0132, 209.4516, 355.3378, 293.2787],
        [271.1113, 178.3277, 316.6734, 226.2731],
        [444.9593, 198.0819, 478.8359, 227.2588],
        [176.1022, 171.6918, 196.6174, 221.4607]], device='cuda:0')"
181ba662-9789-4e20-5b01-8560ab09c703.jpg,4,true,"tensor([[389.4519, 141.8952, 574.8101, 359.5565],
        [ 82.0357, 145.5903, 139.1944, 285.0974],
        [184.7128, 132.8625, 489.3920, 403.0365],
        [372.5248, 111.1066, 489.3177, 153.6496]], device='cuda:0')"
2d1273cb-5f1c-f43d-bedb-179086968932.jpg,2,true,"tensor([[345.4209, 113.0177, 574.2902, 335.7968],
        [132.9005, 122.2890, 474.5008, 338.4167]], device='cuda:0')"
eac3be2a-0289-f0e6-d61f-963f81036bc7.jpg,1,true,"tensor([[136.4655, 111.7436, 503.4041, 401.8203]], device='cuda:0')"
e8db22d6-f316-ccb4-5c98-89740d2ad9af.jpg,4,true,"tensor([[398.5538, 301.0113, 497.2682, 379.1224],
        [531.9469, 330.4389, 574.9332, 379.4498],
        [317.0764, 337.3922, 400.9171, 386.8871],
        [165.0177, 322.3323, 304.6484, 400.4885]], device='cuda:0')"
ee947e88-600c-dad4-12a5-0a82e049c18d.jpg,1,true,"tensor([[131.2097, 132.7854, 393.4617, 326.7827]], device='cuda:0')"
136b866f-647f-50ff-4cb5-fe3b7e137ca9.jpg,2,true,"tensor([[336.1195, 151.0034, 528.7045, 309.9938],
        [135.9234, 151.8131, 381.4314, 307.1614]], device='cuda:0')"
a4b17826-c7b8-740a-4e98-62022e59f063.jpg,1,true,"tensor([[106.7139,  69.3194, 500.2864, 369.5285]], device='cuda:0')"
102e2335-781c-a7af-6f03-0dd16131f4b8.jpg,1,true,"tensor([[163.0747,  73.6498, 475.0330, 426.1483]], device='cuda:0')"
affd5774-6e2f-71ef-4d10-717d1268c912.jpg,3,true,"tensor([[111.6629, 159.8572, 402.2205, 305.6166],
        [458.0203, 164.6161, 574.5862, 311.9591],
        [401.8882, 182.4657, 507.0117, 288.5205]], device='cuda:0')"
08420b29-9390-b15e-9277-4af2ed2fdb2d.jpg,2,true,"tensor([[ 82.3403,  84.5402, 136.1823, 367.4868],
        [133.1265,  95.6257, 474.2977, 383.8675]], device='cuda:0')"
3c670770-67c1-269d-50e0-98107e88d745.jpg,1,true,"tensor([[192.6237, 161.1438, 464.2068, 320.6250]], device='cuda:0')"
298f88d3-a930-aeaa-e9f5-59047e00d385.jpg,1,true,"tensor([[ 82.6136, 129.8050, 572.7831, 392.4058]], device='cuda:0')"
2255a366-f392-ba70-9e0a-4ff686bd29ac.jpg,1,true,"tensor([[205.7882, 154.3747, 471.8771, 323.3608]], device='cuda:0')"
9def9e87-b66b-55fc-6525-1bad5b66098a.jpg,2,true,"tensor([[153.5143, 104.4423, 506.4151, 331.0502],
        [517.6456, 151.5634, 574.8284, 224.7291]], device='cuda:0')"
e6e23c80-6e39-b007-fcee-f3559cec5b4b.jpg,3,true,"tensor([[278.9889, 171.6237, 539.4828, 339.8432],
        [538.7328, 200.4107, 574.9657, 333.9271],
        [ 82.1759, 179.9343, 198.7196, 353.4551]], device='cuda:0')"
08692931-2300-39b1-990c-c65a15cd191f.jpg,4,true,"tensor([[ 82.0639,  75.0704, 158.2092, 162.3353],
        [429.4896,  97.6859, 501.6960, 192.0907],
        [199.3199,  58.4351, 281.4610, 152.9408],
        [355.2004, 188.0317, 405.0142, 269.0389]], device='cuda:0')"
ed9443ac-9a82-1150-6986-6741495a321f.jpg,1,true,"tensor([[272.1202, 149.0213, 545.5874, 288.4280]], device='cuda:0')"
105a81b3-ed81-9b76-4bb4-e3993daf4bc0.jpg,6,true,"tensor([[397.2943, 281.5790, 477.0674, 312.7975],
        [359.8242, 287.5726, 386.0681, 315.3222],
        [148.0683, 245.3121, 227.5690, 306.6932],
        [444.3005, 224.9019, 494.0125, 298.2065],
        [321.3376, 283.4441, 364.9456, 309.4260],
        [349.6894, 212.4297, 360.1357, 227.2542]], device='cuda:0')"
bd8827b6-ccdd-3e6d-d15d-955bc7b9899d.jpg,3,true,"tensor([[365.6485, 198.0435, 453.5023, 261.1387],
        [115.1362, 175.8848, 189.6808, 266.5125],
        [248.6686, 192.9990, 355.9911, 250.9987]], device='cuda:0')"
dc9b438d-eb34-2e55-f9e3-a164aed8232d.jpg,2,true,"tensor([[384.2960, 204.3915, 485.0061, 274.4298],
        [190.0816, 155.6250, 398.9616, 230.8935]], device='cuda:0')"
dc72e0a6-f6c8-cfcf-5380-6ee5d087e87a.jpg,6,true,"tensor([[218.1963, 260.4193, 312.4200, 324.6607],
        [422.8180, 255.7841, 521.4371, 330.1716],
        [ 80.4118, 257.3531, 109.7094, 310.3406],
        [283.3831, 258.4000, 388.7025, 333.5025],
        [128.9079, 259.5266, 208.1867, 307.3654],
        [325.7678, 257.9957, 440.4487, 338.5809]], device='cuda:0')"
b9c9bcff-886a-f8ef-8daf-8edc4a1100a3.jpg,1,true,"tensor([[103.6379, 182.7497, 454.8865, 303.1453]], device='cuda:0')"
caf9629c-cd53-96f8-b40a-a2410b6eff30.jpg,4,true,"tensor([[412.4130, 169.6457, 550.3374, 412.4995],
        [ 82.1540, 209.6961, 237.0003, 424.0493],
        [278.2623, 186.2487, 394.6472, 422.4624],
        [ 91.1072, 161.8815, 247.1139, 366.0588]], device='cuda:0')"
15a805f2-3165-1d76-2ad9-989e7d8597ed.jpg,1,true,"tensor([[169.9828,  89.7976, 437.7782, 298.2448]], device='cuda:0')"
5ce628d7-3f66-1810-8e78-bbba79f19cac.jpg,3,true,"tensor([[562.9341,  99.4798, 575.1364, 162.4328],
        [ 82.3332, 136.3147, 218.9441, 384.1372],
        [157.2900, 159.3506, 341.8232, 356.8720]], device='cuda:0')"
9f18c0cb-3b20-f7eb-b5d6-4b424a7ae4d3.jpg,2,true,"tensor([[251.8193, 205.3473, 286.9932, 220.4048],
        [336.1182, 196.0689, 360.2842, 213.9081]], device='cuda:0')"
9e5e8a11-78b6-bdf2-9492-fcc9c8d631cc.jpg,1,true,"tensor([[225.1873, 105.9716, 348.0997, 375.4185]], device='cuda:0')"
15891a03-c0b5-48c0-ed9f-f5e9167dae56.jpg,1,true,"tensor([[283.8193, 163.6336, 446.6463, 372.1994]], device='cuda:0')"
4832f002-3e88-4885-e3fd-dcd94cf51a3f.jpg,2,true,"tensor([[163.6111, 105.8182, 574.9277, 382.0138],
        [469.1241, 191.7164, 556.3138, 260.5485]], device='cuda:0')"
768e6714-25f3-a7da-82bf-4c966b92c787.jpg,1,true,"tensor([[321.2903, 154.6041, 574.8088, 341.6736]], device='cuda:0')"
1f2d198c-374b-2001-4b2b-4dacc1556b55.jpg,6,true,"tensor([[139.9909, 115.5640, 168.0454, 138.3259],
        [ 82.0176, 130.8733, 129.9977, 279.0291],
        [ 82.2031, 108.2159, 144.5421, 149.1568],
        [423.7951, 104.2630, 452.1096, 139.0559],
        [ 83.1138, 132.1165, 521.5423, 369.3475],
        [215.4827, 119.7193, 278.2568, 148.5961]], device='cuda:0')"
ce2289a6-440e-000d-7ed3-a67aa028b7aa.jpg,1,true,"tensor([[109.7206, 144.0793, 527.2894, 335.8378]], device='cuda:0')"
325a6d05-8587-a381-8527-4fb824d9ed9c.jpg,1,true,"tensor([[306.7434, 147.9794, 435.3745, 390.0911]], device='cuda:0')"
be99059b-9ad0-5c23-55c7-3f74ccbb0415.jpg,1,true,"tensor([[167.4011,  82.3191, 481.9540, 325.2653]], device='cuda:0')"
b8b6c185-a9f1-f90c-340c-d1604e9be56f.jpg,2,true,"tensor([[395.0398, 150.5668, 517.8699, 284.6205],
        [204.4655, 110.7289, 477.5148, 306.0473]], device='cuda:0')"
6d9126a9-f513-ee53-162d-0730e184757b.jpg,1,true,"tensor([[130.3793,  73.8353, 484.9108, 425.9092]], device='cuda:0')"
7cac59b9-136d-54a7-a64c-ffcf89d9edff.jpg,2,true,"tensor([[564.6310, 185.8459, 574.8142, 283.1293],
        [ 82.3503, 131.8373, 458.8052, 419.4231]], device='cuda:0')"
f04a0668-9eb1-47a3-5643-e00360affc3f.jpg,2,true,"tensor([[373.7772, 157.0243, 479.5968, 372.7202],
        [251.2986, 181.0468, 386.5407, 361.3333]], device='cuda:0')"
86b94c48-ed95-41c1-7d0e-7f5704465fa4.jpg,2,true,"tensor([[487.3279, 166.9809, 574.8772, 270.2834],
        [145.5841, 157.1288, 463.7292, 292.2966]], device='cuda:0')"
7fccc794-3d3c-f318-d0ac-c65a38a7da22.jpg,4,true,"tensor([[167.8574, 121.2770, 488.4462, 303.6965],
        [483.0384, 140.0644, 518.7147, 175.0192],
        [561.2610, 142.2263, 574.7633, 176.4724],
        [512.0244, 145.2092, 536.8660, 175.6751]], device='cuda:0')"
4d9d1866-5751-d405-a02f-ef916e456a0b.jpg,3,true,"tensor([[ 82.2367, 163.0706, 141.5213, 314.9138],
        [122.5354, 127.8146, 430.4767, 337.9778],
        [279.5219,  58.5981, 307.8109,  67.9112]], device='cuda:0')"
0487287e-7e61-2377-67c6-4463e1fad228.jpg,1,true,"tensor([[188.0909, 237.0291, 469.5079, 426.0963]], device='cuda:0')"
8f9fbb4a-2836-1e31-418f-cee726f2c530.jpg,4,true,"tensor([[ 82.1888, 141.0483, 146.0672, 311.8224],
        [ 82.0700, 141.3034, 147.0644, 254.7083],
        [143.0442, 115.4358, 444.8822, 315.4879],
        [ 82.0804, 102.5201, 256.6568, 302.5442]], device='cuda:0')"
821713b2-24e5-993e-e581-f9060d78afd2.jpg,1,true,"tensor([[197.1866, 158.1412, 508.4068, 316.6875]], device='cuda:0')"
58f60348-f344-5820-7a9a-4127d9b86f4e.jpg,3,true,"tensor([[562.3163, 177.9836, 574.7819, 236.7317],
        [154.6969, 157.9007, 293.2630, 277.9959],
        [275.4159, 156.3918, 466.7278, 279.1446]], device='cuda:0')"
11f16277-5c36-0623-d2ab-65aaaab22fe3.jpg,3,true,"tensor([[351.6339, 126.2548, 465.8972, 339.8773],
        [125.9156, 241.8861, 199.7911, 343.1240],
        [277.0958, 138.8880, 422.4892, 340.5189]], device='cuda:0')"
580a7d27-9893-f6c2-7123-c7ec3835267c.jpg,6,true,"tensor([[455.3033, 232.3304, 574.0235, 304.2273],
        [531.2206, 252.1212, 575.1315, 302.3946],
        [102.8375, 224.4487, 218.3692, 305.0089],
        [285.4876, 230.8884, 442.9948, 303.6985],
        [206.1209, 228.5923, 337.8057, 302.5003],
        [232.9583, 242.6244, 305.5966, 301.7666]], device='cuda:0')"
4d9068f9-9a24-150e-f990-e694b3afc69f.jpg,2,true,"tensor([[427.5032,  75.9176, 574.6644, 294.6548],
        [180.2035, 118.7605, 523.8315, 343.1958]], device='cuda:0')"
b3f17a17-147d-bb16-72e6-ef61b6045dc1.jpg,1,true,"tensor([[186.8874, 152.5894, 526.6846, 300.9037]], device='cuda:0')"
34eda073-dad8-67d4-aa44-eecee1a5500e.jpg,4,true,"tensor([[393.6692, 186.1654, 540.3470, 379.8620],
        [186.2016, 181.0115, 399.6481, 307.7709],
        [514.3824, 185.5942, 574.8972, 407.5984],
        [251.9843, 178.0353, 295.1630, 288.8501]], device='cuda:0')"
a1bba84a-41be-ecff-2a83-ef125cc34af0.jpg,1,true,"tensor([[114.5801, 146.7650, 393.0452, 393.7714]], device='cuda:0')"
4bd08f07-7294-3366-dc39-2724fb26b230.jpg,5,true,"tensor([[364.9445, 249.6116, 426.1726, 275.1983],
        [231.6942, 249.4704, 264.4543, 280.7588],
        [192.2371, 256.3895, 235.7983, 287.6735],
        [380.4367, 249.6156, 425.7441, 272.6251],
        [277.2679, 252.6974, 337.5753, 279.3943]], device='cuda:0')"
7a69472d-182d-2b63-6f83-41560bcb4c7b.jpg,2,true,"tensor([[184.8146, 191.7646, 295.6560, 382.0814],
        [284.4684, 251.6976, 418.3712, 372.5564]], device='cuda:0')"
ab24fd4c-22b8-c762-7900-7758b18cd8ad.jpg,1,true,"tensor([[266.3868,  83.1049, 348.5332, 352.2176]], device='cuda:0')"
89d016b6-f4a9-104b-f94c-7c99866931ba.jpg,1,true,"tensor([[214.8024, 158.4276, 437.7349, 330.7466]], device='cuda:0')"
c00221d4-b00d-d436-5646-cf3e56cdbfde.jpg,1,true,"tensor([[ 84.8467, 147.3977, 318.5804, 376.7557]], device='cuda:0')"
dbea95a4-157c-47ea-57a3-acd201f4407e.jpg,1,true,"tensor([[112.0740, 141.8246, 485.9932, 413.2114]], device='cuda:0')"
8a24ef79-a227-0b4c-834a-0f2b351d9ab0.jpg,1,true,"tensor([[206.6357, 102.7480, 562.9125, 314.9603]], device='cuda:0')"
e59bf47a-84ed-e47a-fd09-fe09e66d2a27.jpg,1,true,"tensor([[189.1068,  58.4991, 447.2075, 426.5240]], device='cuda:0')"
afc47faf-ecdf-ae60-3260-5edd5d94f7a8.jpg,0,false,"tensor([], device='cuda:0', size=(0, 4))"
d4ece1b2-c45b-2f2a-2dc5-a790e22cf1ef.jpg,2,true,"tensor([[ 82.1996, 189.1392, 193.1726, 333.6324],
        [192.4015, 199.0119, 466.8971, 339.4118]], device='cuda:0')"
fce5b68a-8c58-1d97-299d-eb10bbd7741e.jpg,2,true,"tensor([[426.4960, 232.9666, 574.9445, 331.9252],
        [135.6106, 167.4025, 500.1346, 330.0572]], device='cuda:0')"
bdc31eff-59f0-22de-c654-678e65670da7.jpg,1,true,"tensor([[114.1501, 138.7987, 538.1915, 425.5037]], device='cuda:0')"
c233c56f-3ef7-4d21-c58d-1b4167bf1400.jpg,3,true,"tensor([[507.7175,  86.6397, 574.7639, 110.6603],
        [ 91.1213, 112.7682, 115.6472, 185.0197],
        [228.1829, 197.9751, 453.9482, 334.5834]], device='cuda:0')"
2f7b600b-5f4d-4c50-249f-4078ba57dc63.jpg,5,true,"tensor([[528.3583,  58.0941, 575.2869, 151.6441],
        [ 82.1414,  59.6222, 144.1482, 146.3741],
        [170.1649,  70.4152, 232.1599, 134.3420],
        [142.1723,  80.9886, 511.4923, 298.5160],
        [301.9242,  58.2794, 483.2880, 134.9479]], device='cuda:0')"
c00110bd-57e3-15ef-fbec-d37a85e1a5d6.jpg,2,true,"tensor([[340.0163, 187.8354, 529.5247, 321.0387],
        [204.9454, 182.4469, 345.4014, 318.2946]], device='cuda:0')"
5fd3f77d-55d0-7c0b-eab2-2d6c514953c1.jpg,2,true,"tensor([[179.3780,  86.5176, 574.2327, 332.9889],
        [166.3428,  77.7692, 380.4826, 311.6574]], device='cuda:0')"
92648bcf-1a84-b8b7-c09d-451f38b9de19.jpg,1,true,"tensor([[193.3949, 208.1736, 351.1830, 423.8857]], device='cuda:0')"
0450858d-17b8-b109-12ef-45b03d53cca7.jpg,1,true,"tensor([[102.5349, 115.1802, 451.4789, 323.9417]], device='cuda:0')"
7ad983ba-4fe6-1d73-d340-a71d87af8f15.jpg,1,true,"tensor([[204.8707, 129.5663, 397.0529, 250.4431]], device='cuda:0')"
9280abe4-f04b-9e63-3035-a21d22edcda6.jpg,1,true,"tensor([[ 82.0718,  84.3804, 523.3567, 358.2440]], device='cuda:0')"
88f36818-299b-33f5-5399-03c3597e04c1.jpg,1,true,"tensor([[241.2908, 145.0133, 403.7086, 379.8098]], device='cuda:0')"
83c80411-fb34-93ca-1c08-2f258a59add0.jpg,1,true,"tensor([[143.1018, 139.9194, 386.0715, 330.9369]], device='cuda:0')"
5e7c8fc5-779c-4abd-4d73-a100324b2b66.jpg,3,true,"tensor([[389.7165, 121.7269, 574.5186, 328.6476],
        [ 81.9965,  73.1102, 206.3592, 304.4447],
        [202.4757, 107.9044, 483.5316, 333.6460]], device='cuda:0')"
3ef68476-54c3-504a-21a7-190d9806fb85.jpg,1,true,"tensor([[248.2478, 121.4083, 453.6456, 277.8428]], device='cuda:0')"
876c4078-23b0-cd2d-f808-ae9590ba1dd9.jpg,1,true,"tensor([[ 82.9146, 109.4733, 493.8356, 319.0997]], device='cuda:0')"
8bf39d59-3cd8-b7db-826c-3d48e5879000.jpg,1,true,"tensor([[ 86.7856, 110.9564, 522.5706, 377.7540]], device='cuda:0')"
aa6adcec-7a2b-4513-65fe-9428020a9204.jpg,1,true,"tensor([[215.0934, 153.8362, 404.1349, 400.5107]], device='cuda:0')"
72120446-8ce3-5ed5-4cbd-e2c80202e294.jpg,4,true,"tensor([[536.5652,  95.5430, 547.4239, 109.7088],
        [451.7863, 133.4363, 523.7499, 182.5838],
        [ 83.3226, 137.8242, 504.4446, 338.5536],
        [425.3510,  58.2244, 451.7831,  70.8274]], device='cuda:0')"
31b6e555-aea5-03c4-1d2c-1f090ccf6407.jpg,1,true,"tensor([[200.9258,  70.1706, 422.7837, 383.8420]], device='cuda:0')"
e58ce419-ae08-d716-6005-0268401afdaf.jpg,2,true,"tensor([[357.3644, 149.6684, 567.8986, 285.8768],
        [164.6109, 146.3991, 402.2867, 288.6125]], device='cuda:0')"
b073f6b1-333a-02f2-4c5f-e883ad48764e.jpg,2,true,"tensor([[463.4562, 130.8529, 574.6202, 347.3773],
        [128.1703, 116.9954, 518.6242, 348.5674]], device='cuda:0')"
8b749dc3-aa92-1af6-78df-8f517fb3f12d.jpg,2,true,"tensor([[ 82.5876,  58.0187, 317.1194, 253.4867],
        [ 87.5494,  58.4574, 500.6800, 268.5469]], device='cuda:0')"
86bdcba2-48b1-652b-2d3d-b1d81e0616a7.jpg,0,false,"tensor([], device='cuda:0', size=(0, 4))"
5b0dfe44-32c2-78a5-78e5-27ea85149aab.jpg,1,true,"tensor([[144.2952,  86.0689, 358.9076, 413.0859]], device='cuda:0')"
9ad44752-4d82-9c6e-30d2-1a8a4ca83440.jpg,1,true,"tensor([[133.1288, 163.0910, 419.7054, 297.7975]], device='cuda:0')"
567871e4-375c-54b1-4c5e-6b247e351193.jpg,2,true,"tensor([[284.2686,  96.4180, 574.9344, 310.6867],
        [106.2653, 150.3550, 500.5973, 328.8123]], device='cuda:0')"
9d2ffa9f-8681-9162-9886-2a4a085e6a29.jpg,1,true,"tensor([[ 82.2417, 110.8159, 524.6042, 358.6503]], device='cuda:0')"
4abca05d-63a1-36c8-2abc-517bd9d070df.jpg,2,true,"tensor([[422.3071, 212.5160, 574.5684, 426.3670],
        [164.1089, 171.5115, 495.1310, 426.4876]], device='cuda:0')"
99d44f3e-42ba-1e53-eb80-5ef173541348.jpg,4,true,"tensor([[369.8815, 254.3943, 495.4461, 311.3109],
        [547.4552, 269.3648, 575.5425, 310.9988],
        [215.9234, 251.8812, 322.8094, 304.9154],
        [283.1922, 252.4069, 359.4812, 315.8675]], device='cuda:0')"
52bb60b0-036f-7b8c-9d82-e8578224305f.jpg,2,true,"tensor([[287.3251, 306.1072, 326.3197, 357.3047],
        [257.0648, 231.0280, 326.0555, 356.3309]], device='cuda:0')"
4973c275-6b15-8772-06cf-189853f5ca11.jpg,2,true,"tensor([[ 82.2853, 144.9650, 162.1531, 273.3702],
        [283.4027, 138.6855, 438.3696, 272.0145]], device='cuda:0')"
6a878103-9061-6182-738a-245493ed8dde.jpg,3,true,"tensor([[282.1952, 281.0706, 338.1125, 295.2737],
        [549.5025, 220.4522, 574.5912, 286.1612],
        [189.6348, 156.9499, 530.6625, 345.3161]], device='cuda:0')"
e8887a36-28c7-59a5-5dbe-c49f5de3d7ca.jpg,2,true,"tensor([[355.1941, 121.1988, 574.6125, 425.5997],
        [134.4021, 122.9088, 460.0870, 423.6736]], device='cuda:0')"
1cdc64f1-4916-7399-b7b1-df2791ef6515.jpg,3,true,"tensor([[403.2278, 193.1982, 536.7112, 342.9916],
        [200.9575, 188.9111, 418.8116, 352.7570],
        [538.3453, 221.9162, 575.0664, 340.1763]], device='cuda:0')"
2ef34e3b-2459-c218-94e8-bee0b9940f4a.jpg,1,true,"tensor([[231.4499, 170.2478, 330.1155, 363.8633]], device='cuda:0')"
1bbd8782-f922-d83c-ad7e-b288921970e9.jpg,2,true,"tensor([[203.3112, 196.1828, 339.4510, 312.2018],
        [249.2112, 204.5544, 397.0762, 301.8062]], device='cuda:0')"
4a2c915c-ae53-18a3-14fb-0e91a7a1878e.jpg,3,true,"tensor([[253.3284, 148.0944, 493.8647, 376.4155],
        [254.3707, 296.0418, 359.0999, 376.0031],
        [ 82.1425, 104.3773, 227.6720, 272.5158]], device='cuda:0')"
1065246c-25fb-fd33-d540-6b92379970fb.jpg,3,true,"tensor([[511.0118, 290.2437, 563.3614, 318.5070],
        [379.3349, 283.8561, 409.2588, 318.2256],
        [163.8599, 161.9485, 434.7224, 322.4505]], device='cuda:0')"
2bc6829e-e580-65b0-2598-1b0cc155094f.jpg,1,true,"tensor([[128.9266, 105.6625, 574.0881, 369.0934]], device='cuda:0')"
0f2a86c7-dbed-ad8f-c3a4-c41415785653.jpg,1,true,"tensor([[198.9545,  92.3575, 519.2881, 372.8127]], device='cuda:0')"
d03996e0-28ae-0bf9-0784-c9ff93274313.jpg,2,true,"tensor([[355.1079, 175.4113, 528.6224, 298.4009],
        [250.9151, 155.4520, 368.2166, 302.0471]], device='cuda:0')"
8ce29fee-b6e7-8d79-843c-3e8cb0a543bf.jpg,2,true,"tensor([[327.7487, 100.1582, 487.3180, 374.0877],
        [105.9703,  78.2182, 370.1548, 365.8152]], device='cuda:0')"
33e9bf65-30ef-1e28-34f0-86b0c316a8eb.jpg,2,true,"tensor([[552.9609, 225.6356, 574.9642, 375.8296],
        [176.8729, 181.3713, 563.3773, 426.0773]], device='cuda:0')"
cb05f0f1-0c94-0118-fd1e-42d8eb9d2907.jpg,4,true,"tensor([[382.4151, 162.8769, 554.5440, 256.7194],
        [511.1297, 123.1376, 521.1360, 133.3840],
        [131.9074, 181.4021, 209.9359, 281.1324],
        [252.3889, 182.8457, 358.3345, 280.1813]], device='cuda:0')"
fa3a8e5f-f60c-2c79-a618-dd0acf9d8b01.jpg,1,true,"tensor([[130.5489, 120.5926, 488.3447, 338.1171]], device='cuda:0')"
a41da9b1-ba5b-f1b5-20f4-b51a50d1c20e.jpg,3,true,"tensor([[415.6506, 179.1825, 574.4825, 420.8450],
        [425.1321, 265.4504, 575.0061, 426.5783],
        [275.8147, 176.6961, 460.3485, 407.0498]], device='cuda:0')"
95d0b7a9-6b68-a493-4255-cfdd9c382929.jpg,2,true,"tensor([[ 82.0592,  92.6400, 175.7877, 312.5527],
        [103.7165,  96.6049, 541.4075, 326.2020]], device='cuda:0')"
7c814308-68e2-314d-fc48-e7d030151949.jpg,0,false,"tensor([], device='cuda:0', size=(0, 4))"
e0bdda75-225c-e077-7285-3c5fd39340e8.jpg,2,true,"tensor([[100.9342, 186.2928, 315.2685, 329.1428],
        [416.2789,  73.3782, 450.0000,  99.5229]], device='cuda:0')"
bf509035-d47a-c3d2-537e-8637fbe9638a.jpg,8,true,"tensor([[284.6913, 290.8832, 336.3208, 335.9067],
        [397.6029, 278.0150, 442.0710, 326.7300],
        [528.8311, 272.2756, 545.8484, 302.0547],
        [196.7163, 298.3287, 230.5162, 325.1241],
        [185.8998, 292.4690, 207.1654, 312.5230],
        [371.7427, 281.2740, 409.7134, 323.2281],
        [331.4952, 280.2199, 373.1942, 311.1221],
        [485.3699, 276.4377, 502.5038, 307.2253]], device='cuda:0')"
8cbcd945-f5aa-d68b-b6c1-4aab943f4e8c.jpg,1,true,"tensor([[165.8237, 134.3029, 347.4631, 369.6633]], device='cuda:0')"
1c5779c3-cfa9-6d44-e06d-975c365d7130.jpg,1,true,"tensor([[258.5563, 207.2210, 358.5222, 276.5001]], device='cuda:0')"
037daa71-df65-611d-8a00-7e435be6fbdb.jpg,1,true,"tensor([[176.6131, 112.6999, 496.6625, 293.5540]], device='cuda:0')"
b1f36ecb-0a92-9223-61a2-7d725731c508.jpg,1,true,"tensor([[259.4794, 171.6620, 411.5765, 302.9205]], device='cuda:0')"
f722860c-4f24-7ece-12e2-04a6f307b0df.jpg,3,true,"tensor([[283.7858, 133.0883, 526.6968, 308.8428],
        [ 81.8350, 171.0222, 264.1470, 317.3553],
        [212.4287, 101.1825, 454.8105, 303.0749]], device='cuda:0')"
e6cd2b53-8a25-1451-3d72-787f12918bd7.jpg,2,true,"tensor([[530.3151, 266.6923, 571.9494, 329.2212],
        [178.5909, 105.7316, 494.5718, 385.6154]], device='cuda:0')"
d027839d-9d5e-e971-b7c5-7effcc5cc2b6.jpg,2,true,"tensor([[512.4071, 175.2397, 574.9861, 423.7221],
        [134.7073, 133.4877, 517.7435, 399.0757]], device='cuda:0')"
79f97df9-abea-5656-4be6-a61a829d6648.jpg,13,true,"tensor([[269.8627, 208.4996, 297.8312, 225.0524],
        [208.0568, 226.9094, 272.9195, 270.6265],
        [334.6956, 201.8234, 352.1653, 218.6574],
        [197.2460, 199.5340, 213.6910, 212.5571],
        [268.7921, 221.4863, 314.6472, 265.4673],
        [399.7311, 204.1368, 421.4139, 219.7946],
        [233.1819, 201.8295, 256.6039, 219.3505],
        [114.5602, 194.0070, 144.0344, 219.2940],
        [256.3567, 199.3478, 270.5042, 212.6390],
        [270.8744, 222.4817, 325.4097, 264.3260],
        [184.4130, 229.0863, 240.2232, 268.0255],
        [418.8712, 207.4886, 433.4178, 220.1321],
        [210.8713, 198.4330, 232.3472, 223.2437]], device='cuda:0')"
67cea9e0-14fe-7a6e-887a-e725e4ec55cd.jpg,1,true,"tensor([[196.6910, 121.6960, 412.6071, 308.7222]], device='cuda:0')"
4dda4447-e23c-865a-9bc7-83c9337b717d.jpg,1,true,"tensor([[212.9709, 131.8382, 382.9627, 332.2437]], device='cuda:0')"
dbdd85c2-847f-9946-0ff1-51a71152891c.jpg,2,true,"tensor([[445.6980,  58.4673, 575.2155, 339.9284],
        [155.1479,  87.6335, 480.5166, 347.2200]], device='cuda:0')"
5fa72bcf-4229-6e34-a987-167c0217776b.jpg,1,true,"tensor([[173.2460, 133.1146, 486.5799, 309.5895]], device='cuda:0')"
752172f5-f4a7-2a67-b416-36e067e8af7c.jpg,1,true,"tensor([[153.6141, 172.9008, 413.6417, 327.7301]], device='cuda:0')"
925b5b12-a592-bca6-da9d-392c79b10701.jpg,3,true,"tensor([[ 82.0794, 236.1307, 131.4642, 268.0016],
        [ 81.9902, 236.2074, 132.2601, 300.0277],
        [205.0958, 175.9662, 384.1815, 401.7161]], device='cuda:0')"
7b7c1b35-8412-9725-19fa-2893acc3c1cb.jpg,1,true,"tensor([[155.2744,  58.4269, 494.6222, 314.6893]], device='cuda:0')"
3eb2b258-976c-bac2-2a6b-d96cb1e86cf8.jpg,10,true,"tensor([[548.5425, 196.0034, 574.9273, 303.8015],
        [298.9251, 171.8462, 336.6373, 183.3570],
        [ 82.2059, 135.8046, 175.6925, 298.3551],
        [247.7266, 172.0363, 335.4591, 191.6507],
        [123.8378, 194.1258, 142.6604, 223.7189],
        [473.3712, 146.3117, 519.4942, 231.9856],
        [549.8768, 151.6007, 574.8859, 229.8470],
        [212.4011, 172.3782, 491.1836, 306.5465],
        [343.4793, 172.8643, 377.6682, 183.5161],
        [535.0536, 148.8377, 574.4471, 233.6451]], device='cuda:0')"
4bafbb0e-7359-fe2c-e938-9b5ab6209e57.jpg,1,true,"tensor([[170.0140, 219.5330, 494.9582, 395.3281]], device='cuda:0')"
6de893d2-bcdd-3c8c-2880-85114b8186c6.jpg,2,true,"tensor([[113.1609, 143.3715, 558.4520, 345.6761],
        [266.9583, 105.6389, 351.0672, 165.8558]], device='cuda:0')"
de90e883-d2a0-386a-e1be-a5d6bc2de218.jpg,1,true,"tensor([[232.9344, 229.6437, 375.0021, 301.7370]], device='cuda:0')"
ccc7e3e6-9955-61f5-26b3-31dd53f6d819.jpg,1,true,"tensor([[ 95.1877, 110.3898, 457.9694, 298.0523]], device='cuda:0')"
287ad0e3-6e8e-29af-06de-28c505f6ba5c.jpg,3,true,"tensor([[152.5738, 105.9002, 486.2263, 375.5680],
        [373.0853,  58.4708, 574.9393, 296.0674],
        [ 82.4997, 114.9904, 486.7368, 387.0609]], device='cuda:0')"
4d9e4d14-9a78-498a-3bdf-6704eec0d77e.jpg,3,true,"tensor([[433.5119, 213.0507, 574.2507, 318.5191],
        [ 82.1182, 201.6737, 154.3274, 315.9174],
        [215.3292, 195.6454, 440.3862, 321.0121]], device='cuda:0')"
6aec2d38-9452-bf41-8179-101d73056e3d.jpg,3,true,"tensor([[280.0075, 160.6369, 554.0353, 314.4468],
        [ 82.1740, 255.3394, 105.3046, 365.7251],
        [ 83.1121, 169.4150, 286.3019, 320.6544]], device='cuda:0')"
aff221a5-da4c-7c14-8582-3beac2124f94.jpg,1,true,"tensor([[211.0280,  58.4096, 404.9139, 422.0517]], device='cuda:0')"
b4ea92ea-8c2c-7c58-7b16-adcd929e6963.jpg,1,true,"tensor([[101.9051, 126.5456, 495.2554, 399.2254]], device='cuda:0')"
5952c3b3-c009-f5ba-c753-d4e019dd1c0f.jpg,3,true,"tensor([[256.0955, 157.3034, 540.2416, 339.4891],
        [102.3711, 162.8666, 365.2432, 308.5958],
        [ 89.9109, 236.4611, 129.3552, 310.7061]], device='cuda:0')"
2b8cdd34-56ea-2b6b-0571-2593efdcfa35.jpg,4,true,"tensor([[ 82.2044, 118.1119, 131.6647, 194.4624],
        [353.7133, 117.1501, 495.0043, 207.0992],
        [240.2332, 112.7519, 389.6791, 190.8772],
        [126.0107, 110.8492, 222.3347, 188.8541]], device='cuda:0')"
5292f2ca-8900-5990-ef90-7b3d38f401cd.jpg,5,true,"tensor([[508.9085, 174.4348, 574.7562, 273.0449],
        [414.1544, 166.1613, 528.0725, 266.4745],
        [ 82.4653, 191.2725, 479.7716, 402.8117],
        [247.0149, 155.1104, 364.1862, 216.2176],
        [ 89.1362, 154.5879, 364.1665, 295.5063]], device='cuda:0')"
e4c96c8e-eca5-74c1-9011-949d67e8efe9.jpg,6,true,"tensor([[186.6916, 204.9202, 273.6010, 269.1166],
        [436.7056, 199.9270, 559.8447, 281.0534],
        [ 81.9568, 202.8733, 155.6947, 261.9852],
        [390.9282, 184.3377, 503.9676, 265.6428],
        [436.7830, 216.2439, 516.2396, 281.4915],
        [299.1944, 208.8703, 382.5218, 269.2770]], device='cuda:0')"
7ee1e00f-b2b3-d68f-f996-ee2b5aabdf2a.jpg,1,true,"tensor([[213.5963, 107.1694, 506.5269, 312.7619]], device='cuda:0')"
80e96783-95e4-3390-2ffd-3128039f1b49.jpg,2,true,"tensor([[323.2521, 233.7017, 479.0787, 345.9021],
        [151.0332, 209.4018, 292.9681, 341.7599]], device='cuda:0')"
2f334eef-ed07-1b76-1284-4168d8b0b2c2.jpg,2,true,"tensor([[435.5084, 111.4381, 574.7431, 295.8453],
        [191.9719, 166.4714, 343.4694, 320.2277]], device='cuda:0')"
691f8ddb-6023-1c6e-115a-7f1a2ff1a8a1.jpg,1,true,"tensor([[280.5320, 187.3475, 426.2604, 293.5557]], device='cuda:0')"
